:020000040000FA
:06000000020AD3020233E4
:03002B000208C602
:030033000206A71B
:030053000201683F
:03006B0002068109
:100083000201C70100F0FF0700080000FFFF0000A6
:10009300050400000003000147726F757000FF0440
:1000A30000100020FD000206FFFF08001D12A81526
:1000B300001E015357343A2048656C7020202020DD
:1000C30020202000C91300000000000000000000F1
:1000D30000000000000000000000000010202020AD
:1000E3002020202020202020202020202001080460
:1000F3000100010002968201E482010400004D1216
:10010300000000E8030000FFFF9E120188130000B7
:10011300E803000064006400B801A0BB0D00A0BBAD
:100123000D00020202070401051E02051E020A0A4F
:10013300010108080103B80B02803E0102FEFFE83B
:10014300030A050001FFFF020A011401E005030190
:1001530001FF0FEA2400000000BE2300000000FF9F
:10016300000000FF00C0E074F112044AA2AFE433C0
:10017300F509D2AF85A708AFA1EF5508FE74105E4D
:100183006006120D9375A1EF74085E6008120D9955
:1001930075A1F78024EFA2E092F0E508A2E082F0D7
:1001A3005017906198E0F89004A1E0C398A2D2653B
:1001B300D0335002E8F075A1FEE509A2E092AF7FCB
:1001C300020204A9C0E074F212044AA2AFE433FEAF
:1001D300D2AF9061A4E0F8759B00E5915854086094
:1001E300087591F7120DE78023E5915854106008C4
:1001F3007591EF120DED8014E591A2E092F0E8A263
:10020300E082F05007E0C2E0F0120F379061A3E004
:10021300F8E5E9585404600E120F0D75E9FB90617F
:1002230093E0A2E640F2EEA2E092AF7F010204A9BE
:10023300C0E074F212044AA2AFE433FED2AF90617D
:10024300A5E0F8E5BF585404600675BFFB120F4FD5
:1002530080D4C3E498F8E499F91202968026C3E4A3
:100263009AFAE49BFBE920E7E9120296E498F8E4A2
:1002730099F922C3E498F8E499F9120296E498F8FC
:10028300E499F9C3E49AFAE49BFB22EB20E7CFE974
:1002930020E7E0B90010BB0008E88AF084F8AAF070
:1002A30022E4FBC8FA22EB70227B10C833C8C9339F
:1002B300C9335007C39AC3DBF280069A50012ADB85
:1002C300EAC833F4C8C933F4C9FA2275F008E4C89C
:1002D30033C8C933C933C99AC99B5004C92AC93B16
:1002E300D5F0ECFBC833F4C8E4C9FA22080808EADD
:1002F300C0E0EBC0E086F0E7A4FA180986F0E7A4B3
:100303002AFA180986F0E7A42AFA180986F0E7A45E
:100313002AFA1986F0E7A4FBE5F02AFA190886F011
:10032300E7A42BFBE5F03AFA190886F0E7A42BFBC8
:10033300E5F03AFA18180986F0E7A4C5F02BFBE4B8
:100343003AFA1908E7C5F0C6A426F6E5F03BFBE444
:100353003AFA1886F0E7A4F6E5F00826F6E43B0837
:10036300F6E43A08F6D0E0FBD0E0FA22E4CFC0E0AE
:10037300E4CEC0E0E4CDC0E0E4CCC0E075F020E61C
:1003830026F608E633F608E633F608E633F61818D9
:1003930018EC33FCED33FDEE33FEEF33FFC3EC9784
:1003A30009ED9709EE9709EF97191919400FFFEC1B
:1003B30097FC09ED97FD09EE97FE191906D5F0BFD5
:1003C300ECF709EDF709EEF709EFF7191919D0E082
:1003D300FCD0E0FDD0E0FED0E0FF222518C582C0AE
:1003E300E0E51934FFC583C0E0E518C3958224F81E
:1003F30010AF088583198582188008858319858243
:1004030018D2AFCEF0A3E520F0A37808E608F0A356
:10041300DEFAEFF0A3E58124FAF8E608F0A3E60894
:10042300F0A3E608F0A30808E608F0A3E608F0A3A3
:1004330015811581D0E0FED0E0F815811581158175
:10044300E8C0E0EEC0E022C0D02518C582C0E0E5D8
:100453001934FFC583C0E0E518C3958224F310AFB8
:10046300088583198582188008858319858218D2A7
:10047300AFC8F0A3E9F0A3EAF0A3EBF0A37908E790
:1004830009F0A3D8FAECF0A3EDF0A3EEF0A3EFF09C
:10049300A3D0E0F0A3D0E0F0A3D0E0F0A3E520F0F8
:1004A300A3E5F0F0A322851983851882E0C0E0A3B9
:1004B300E0F9A3E0FAA3E0FBA37808E0F608A3DFE2
:1004C300FAE0FCA3E0FDA3E0FEA3E0FFA3E0C0E0AD
:1004D300A3E0C0E0A3E0F5D0A3E0F520A3E0A3F5FB
:1004E300F010AF08858319858218800885831985E4
:1004F3008218D2AFD082D083D0E0F8D0E032120B92
:100503004DB90003020540E4900401783D7912805F
:1005130002F0A3D8FCD9FA7A3D7B1590008678E3E4
:1005230079018015E493A3AD82AE838A828B83F035
:10053300A3AA82AB838D828E83D8E9D9E77582170C
:100543007583CB74041208577582BB7583217400BD
:10055300120857E47375F0108E1A8F1B85821F855E
:10056300831E851882851983E0CEA3E0CF851F8281
:10057300851E83EBC9EAC8EDCBECCAC3E833C8E9EF
:1005830033C9EA33CAEB33CBC3EA9EF51DEB9FF5C0
:100593001CB35004AB1CAA1DEC33CCED33CDD5F00A
:1005A300DAAE1AAF1B22D083D082ECC0E0EDC0E0FC
:1005B300E493A3FCE493A3FDED4C600D1206C5EC9C
:1005C30024FFFCED34FFFD80EFE493A3FCE493A34D
:1005D300FDED4C600D120762EC24FFFCED34FFFDD2
:1005E30080EFD0E0FDD0E0FCE493A3C0E0E493C04F
:1005F300E022D083D082E9C0E0E493A3C386F0C5B0
:10060300F095F0F908E493A386F0C5F095F0700B2C
:10061300E493A3C3994005E9048002A3E475F002BF
:10062300A42582F582E5F03583F583D0E0F9E493E0
:10063300A3C0E0E493C0E022851983851882E0A378
:10064300FEE0A3F5207808E0A3F608DFFAE0A3FFB5
:10065300E0A3C0E0E0A3C0E0E0A3C0E0E0A3C0E00B
:10066300E0A3C0E010AF0885821885831980088550
:100673008218858319D2AFD083D08202085DC0E08F
:1006830074F212044AA2AFE433FED2AFE589A2E1C9
:100693005003120CA3758900C2C5EEA2E092AF7F8E
:1006A300010204A9C0E074F212044AA2AFE433FECB
:1006B300D2AFE58BA2E05003120CA3758B00C2E806
:1006C30080D8C0E0C3E49396087401939618400F52
:1006D300E49366700808740193661870007019A398
:1006E300A3C3E49396087401939618A3A3400DD073
:1006F300E0D0E0D0E00205E5A3A3A3A3A3A3D0E049
:10070300227404800474028000CCC0E0EDC0E0E5F4
:1007130018C39CCCAD1950011D10AF068C188D1950
:1007230080068C188D19D2AF1207D9D0E0FDD0E026
:10073300FC2274028000CCC0E0EDC0E0E518C39C4D
:10074300CCAD1950011D10AF068C188D1980068C85
:10075300188D19D2AF1207B7D0E0FDD0E0FC22C04C
:10076300E0C0F088F0E4936670080874019366189B
:100773007000A8F0A3A3700BD0F0D0E0D0E0D0E0DD
:100783000205E5A3A3D0F0D0E022D083D082CCC071
:10079300E0E493A360061208191470FAE493A360CB
:1007A300061209591470FAD0E0FCE493A3C0E0E404
:1007B30093C0E022CAC0E0E493A3C582CCC582C53E
:1007C30083CDC583F0A3C582CCC582C583CDC58344
:1007D300DAE5D0E0CA22CAC0E0E0A3C582CCC58274
:1007E300C583CDC583F0A3C582CCC582C583CDC5E2
:1007F30083DAE6D0E0CA22700908080822601618D6
:100803001818C6C333C608C633C608C633C608C6D7
:1008130033C6D5E0EA22C0E0E493A3D39C5010E4AE
:1008230093A3C39C400AD0E0D0E0D0E00207AAA380
:10083300A3A3D0E022C008C3E096F50808A3E0967E
:10084300420808A3E096420808A3E0964508700111
:10085300D3D00822C09FF59FE473D09F22D083D0CA
:1008630082C09FE493C0E0740193C0E0740293F5E7
:100873009F227404800A7403800674028002740148
:10088300C0E0F404120890D0E0120B10222518F5F2
:100893008210AF08F518400C15198008F5184002AE
:1008A3001519D2AF8519832200C0D0251810AF08BF
:1008B300F518500C05198008F51850020519D2AF28
:1008C300D0D022C0E0C0D0E8C0E0A8A8D2AFC2C751
:1008D300E8A2E792AFD0E0F8D0D0D0E032BB01027B
:1008E300E722C082C08389828A83BB0003E080023F
:1008F300E493D083D082226016080808C6C313C6C7
:1009030018C613C618C613C618C613C6D5E0EA22FE
:100913002518F8E43519F9222518FAE43519FB22CC
:100923002518FCE43519FD22C3E0C696F608A3E0BA
:10093300C696F608A3E0C696F608A3E0C696F62286
:10094300251810AF08F518400C15198008F5184044
:10095300021519D2AF22C0E0E493A36C7009D0E072
:10096300D0E0D0E00207AAA3A3D0E022E066701093
:1009730008A3E066700A08A3E066700408A3E066B3
:1009830022C3E09608A3E09608A3E09608A3E096A6
:10099300A2D265D03322E76670100809E766700AB1
:1009A3000809E76670040809E76622C3E096F008C1
:1009B300A3E096F008A3E096F008A3E096F022C324
:1009C300E697F60809E697F60809E697F60809E6B2
:1009D30097F622C3E49396087401939608740293DE
:1009E30096087403939622700422600D18C6C333CD
:1009F300C608C633C6D5E0F41822E647F60809E66A
:100A030047F60809E647F60809E647F622E026F026
:100A130008A3E036F008A3E036F008A3E036F0229E
:100A2300E627F60809E637F60809E637F60809E681
:100A330037F622E657F60809E657F60809E657F6A9
:100A43000809E657F622E056F008A3E056F008A39B
:100A5300E056F008A3E056F022E026F608A3E036BD
:100A6300F608A3E036F608A3E036F622E056F608C9
:100A7300A3E056F608A3E056F608A3E056F622E4F0
:100A8300C396F608E496F608E496F608E496F6228A
:100A9300600D08C6A2E713C618C613C6D5E0F32235
:100AA300C6F4C608C6F4C608C6F4C608C6F4C62209
:100AB300C3E7960809E7960809E7960809E7962227
:100AC300C3E09608A3E09608A3E09608A3E0962265
:100AD30075D00075813F7518017519040002050171
:100AE300E6F008A3E6F008A3E6F008A3E6F0226028
:100AF3000C08C6C313C618C613C6D5E0F422E0F625
:100B030008A3E0F608A3E0F608A3E0F622CAC0E0D3
:100B1300E6F0A308DAFAD0E0FA22E8F0A3E9F0A3BA
:100B2300EAF0A3EBF022E0F8A3E0F9A3E0FAA3E0F4
:100B3300FB22EAF0A3EBF0A3ECF0A3EDF022E0FA42
:100B4300A3E0FBA3E0FCA3E0FD22E5C754F84401C6
:100B5300F5C77901222518F582E43519F58322C2F8
:100B6300AF75D69F020000221208604B9D04120845
:100B730060559D04120860F29D04120860A09E0453
:100B830012086019A00412086070A004120860A47F
:100B9300A00412086024E803120860A0E803120806
:100BA30060D3E80312086001E90312086025EB0330
:100BB30012086041EB0312086086EB031208600B16
:100BC300EC0312086057EC03120860E7EC03120809
:100BD30060C0ED0312086011EE0312086076EE03A5
:100BE300120860E9EE031208602DEF031208608516
:100BF300EF03120860A7EF0312086037F00312082F
:100C030060C8F00312086014F10312086040F10396
:100C130012086081F10312086022F30312086004D2
:100C2300F403120860E0F403120860F57F00120871
:100C330060F87F00120860FB7F001208602FDF045A
:100C430012086040DF04120860DEDF04120860F857
:100C5300DF04120860FDFF01120860C9E2041208F4
:100C63006007E00412086017E0041208602FE00434
:100C730012086097E0041208602DDC04120860B1CA
:100C8300DC0412086019DD04120860BCD5041208E4
:100C930060DBD50412086048D6041208608DD604C0
:100CA300120860E6D6041208606CAE041208608174
:100CB300AE0412086097AF04120860CFAF041208A5
:100CC30060E9AF0412086076B004120860EAB00469
:100CD30012086004B1041208601BB1041208602EEC
:100CE300B10412086046B1041208605BB104120833
:100CF300607CB104120860CDB10412086002B20432
:100D030012086010B20412086089B2041208605E0F
:100D1300B30412086030B504120860BD7F001208E6
:100D230060F1FF03120860F6FF03120860B0FA01D6
:100D3300120860DCFA0112086073FD01120860B347
:100D4300FD01120860EFFD0112086003FE011208A5
:100D5300601CFE011208600DFF01120860BFFF0155
:100D6300120860D3FF0112086025D70412086049F6
:100D7300D70412086062D704120860A0D7041208CF
:100D830060D0D704120860FDD70412086063D8044A
:100D930012086066D80412086070D8041208607DD7
:100DA300D80412086070C80412086090C8041208BE
:100DB30060CFC804120860EDC80412086008C904B3
:100DC3001208606EC9041208607AC904120860D759
:100DD300C904120860E6C9041208600ACA041208AA
:100DE30060CBCA04120860D8CA04120860E9CA04B6
:100DF30012086069E10412086081E104120860AD21
:100E0300E104120860E4F6021208603EF8021208D8
:100E1300604CF8021208605FF80212086074F8026E
:100E230012086089F8021208609CF8021208601820
:100E3300F9021208607DF90212086013FA0212081F
:100E430060ECFA02120860FCFA021208600BFB0263
:100E530012086058FF031208607CFF03120860A4A5
:100E6300FF03120860CCFF03120860B1CD0412081F
:100E730060D8CD04120860F6CD0412086065CE0474
:100E83001208609DC504120860B6C504120860C24A
:100E9300C504120860D6C504120860F4C50412081C
:100EA30060FEC50412086008C6041208601BC6046D
:100EB300120860A1C60412086016C7041208604530
:100EC300C70412086093C704120860E2C70412083B
:100ED30060FDC70412086007C80412086018C8043C
:100EE3001208605BC804120860B4FF02120860EACB
:100EF300A00412086016A10412086033A1041208AA
:100F03006046A10412086061A104120860BBA10439
:100F1300120860E9A104120860F9A50412086057D9
:100F2300A70412086089A704120860ECA70412083A
:100F33006058A90412086080A90412086095A904E6
:100F4300120860A5A904120860E5A9041208602725
:100F5300AA0412086037AA04120860FDDA04120812
:100F63006017DB041208603FDB0412086058DB04DF
:100F73001208607CDB041208609ADB04120860B17B
:100F8300DB04120860DFDB04120860FADB041208DA
:100F930060B0E10412086095B504120860A5B504B9
:100FA300120860AAB604120860DCB6041208600CCA
:100FB300B7041208602FB70412086046B70412087A
:100FC3006080B704120860E5B70412086027B8040C
:100FD3001208606EB8041208609BB804120860C659
:100FE300B80412086044D20412086056D2041208EE
:100FF300606AD304120860F7D30412086025D4048E
:101003001208605BD40412086073D404120860B53C
:10101300D404120860C5D404120860D4D40412089E
:101023006018D504120860B2D504120860BAF5033B
:10103300120860C4F503120860FEF5031208606726
:10104300F60312086086F60312086028F7031208F5
:1010530060B0F903120860B9F9031208600AFA03D1
:1010630012086033FA0312086040FA03120860B1F1
:10107300FA031208603FFB031208608DFB0312089A
:1010830060C3FB0312086024FC031208604DFC03D9
:10109300120860C4FC0312086020FD031208605D9F
:1010A300FD0312086094FD03120860A6FD031208F5
:1010B30060B8FD03120860D7FD03120860E0FD036A
:1010C3001208609BFE03120860E7FE031208602506
:1010D300FF0312086087D80412086019E10412089C
:1010E3006006D0041208603CD00412086084D00467
:1010F300120860DDD10412086066C303120860970A
:10110300C403120860D3C4031208608DC603120817
:1011130060B7C60312086030C90312086070C903C0
:1011230012086004CB03120860A3CB03120860FB10
:10113300CB031208608ECC03120860C8CC031208DC
:10114300600ACD031208607DCE03120860FDCF0351
:101153001208603AD20312086068D203120860943E
:10116300D2031208609DD203120860FAD203120858
:10117300608AD303120860C6D60312086048D703F7
:10118300120860E7FF0112086067AA041208607D75
:10119300AA0412086021AB0412086060AB041208B1
:1011A300607DAB04120860AEAB04120860FBAB04B5
:1011B3001208602FAC041208606AAC041208605F66
:1011C300AE0412086032DD0412086091DD041208D7
:1011D30060CFDD0412086010DE0412086070BC04E6
:1011E30012086051BD041208606EBD04120860FC51
:1011F300BD041208606EBF04120860C7D904120848
:1012030060F1D904120860EED102120860FAD1022B
:101213001208605CD20212086066D202120860F300
:10122300D2021208602FD302120860F8D302120808
:10123300605ED402120860C6D4021208604BD50265
:10124300120860C9D5021208607AD70212086063D7
:10125300D9021208607DDA0212086025DB02120847
:1012630060F1DF02120860EBE00212086081E10224
:10127300120860A6E10212086043E20212086060ED
:10128300E20212086080E202120860F1E202120830
:10129300600EE3021208603CE302120860D2E4022B
:1012A30012086078E502120860C0E5021208603295
:1012B300E602120860B5E6021208601AE702120895
:1012C3006077E70212086016E80212086081E802FC
:1012D300120860BDE8021208602BE9021208608E52
:1012E300EA0212086007EC02120860B5EC02120869
:1012F30060E3EC02120860E7EE0212086089F10273
:10130300120860A3F202120860E7DC01120860868B
:10131300DD0112086002DE01120860F1DE0112082D
:1013230060EFDF011208606EE001120860B0E101B6
:1013330012086051E20112086011E40112086018FA
:10134300E50112086035E5011208601DE601120887
:10135300605AE70112086004E8011208606EEB01AD
:1013630012086076ED01120860FFED011208605962
:10137300EE01120860A7EE0112086022EF011208C5
:1013830060A4EF01120860E0EF0112086084F60127
:10139300120860DFF801120860BBF9011208601E31
:1013A300B90412086087B904120860FEBA0412086F
:1013B3006092BB04120860ECBB0412086034BC04E6
:1013C30012086061BC0412086064BC041208606DFA
:1013D300BC0412086057E20412086032DE041208EB
:1013E300607DDE041208603BAE031208606AAE0340
:1013F300120860E2AE03120860F1AF031208604DF9
:10140300B003120860C4B103120860E0B10312080C
:101413006032B20312086070B20312086083B20331
:10142300120860DBB2031208609DB3031208600B5D
:10143300B40312086042B4031208607AB4031208BA
:101443006002B603120860E1B6031208602FB80306
:1014530012086012B9031208609EB903120860DE15
:10146300B903120860FDB90312086048BA031208F1
:101473006068BA0312086001BB0312086090BB03E3
:10148300120860EBBB031208602BBC03120860A8B0
:10149300BE03120860CCBF0312086012C003120817
:1014A3006007C1031208602FC10312086032C10331
:1014B3001208603CC10312086058C103120860E0BF
:1014C300C10312086019C20312086045C20312085F
:1014D300606CC20312086090C20312086001C30368
:1014E30012086014C30312086047C3031208609A0A
:1014F300E004120860A6E004120860E4E0041208A5
:1015030060FDFF03120860AB9703120860CE9703D8
:10151300120860289903120860719903120860CFBA
:101523009903120860359A03120860389A03120867
:1015330060899A03120860039B03120860879B0368
:101543001208608A9B03120860129C0312086055FC
:101553009C03120860A8A00312086059A203120892
:10156300609FA20312086017A60312086045A70331
:10157300120860C1A80312086047A9031208603863
:10158300AA03120860BAAC03120860A5D7031208B5
:101593006045D803120860B1D803120860CCD803A1
:1015A30012086056D903120860AFD903120860FA13
:1015B300D90312086061DA03120860E2DB03120840
:1015C30060FADC031208607DDD0312086085DF0327
:1015D30012086029E003120860209703120860B61E
:1015E300E10312086094E30312086035E50312086F
:1015F30060C8E503120860D4E60312086082640041
:10160300120860E564001208602D65001208606B23
:101613006500120860C665001208602366001208A0
:10162300605E6600120860E066001208603A6700B8
:10163300120860AE68001208603869001208604141
:101643009D04120860A56900120860BF69001208B2
:1016530060196A001208609F6C00120860BE6C007B
:10166300120860A96D00120860E36E001208606240
:101673006F00120860996F0012086008700012086A
:1016830060C97000120860A27200120860A37300A0
:101693001208601475001208601477001208608F36
:1016A3007900120860697B001208602A7C00120826
:1016B30060A27C00120860B97C00120860B37D0050
:1016C300120860AB7E001208601A7F00120860AB3C
:1016D300C20412086002C404120860C1C4041208E0
:1016E3006029C504120860AABF04120860C5BF04BC
:1016F30012086009C0041208602FC0041208605663
:10170300C0041208606EC00412086010C1041208FD
:101713006025C10412086047C20412086050C20465
:1017230012086059C20412086062C2041208603CC5
:10173300FB021208603EFF0212086043FF02120818
:101743006045FF021208603ECC041208602BE204DD
:10175300120860F4E10412086082E204120860AB2C
:10176300E20412086035AC0212086068AC02120889
:1017730060D4AC021208606FAD021208600CAE02B6
:1017830012086051AE0212086073AE021208608C38
:10179300AE02120860B2AE02120860D4AE021208A2
:1017A3006012AF0212086056AF0212086078AF02EF
:1017B300120860DAAF02120860A1B0021208605882
:1017C300B102120860CAB10212086095B20212088F
:1017D30060E8B2021208604EB30212086088B302D6
:1017E300120860DAB30212086048B402120860B348
:1017F300B402120860B6B40212086037B5021208C8
:1018030060CEB5021208604EB6021208606DB602D1
:10181300120860D1B702120860DEB702120860EA4C
:10182300B802120860F7B80212086000B902120881
:1018330060D8BA02120860F2BB021208606BBC02E5
:10184300120860DDBC02120860FFBC02120860933C
:10185300BD0212086067BF021208603EC30212088D
:101863006052C30212086062C3021208606CC302B2
:1018730012086075C3021208607EC30212086088F2
:10188300C302120860B5C302120860DEC302120865
:1018930060E9C3021208600DC40212086031C40279
:1018A3001208609BC402120860E1C402120860FEC1
:1018B300C4021208607BC502120860B2C502120896
:1018C30060F1C5021208603EC602120860C4C60277
:1018D30012086092C80212086015C902120860F962
:1018E300C90212086060CC02120860B9CC02120867
:1018F3006003CD021208605ECE0212086093CE022E
:10190300120860E5CE021208609ACF0212086049FD
:10191300D00212086086D0021208601BD10212089E
:101923006087D102120860EA82011208601C8301F9
:101933001208604A830112086020850112086000C2
:101943008601120860588601120860938701120805
:1019530060DF8701120860088B01120860FB8D01AC
:101963001208604B8F01120860E18F01120860EDCD
:101973008F011208601F9001120860A291011208E2
:1019830060B09201120860DA92011208604193017B
:101993001208609A930112086000940112086017FC
:1019A3009601120860A69701120860709801120848
:1019B30060B69901120860069C01120860D69E0168
:1019C300120860E39E011208606A9F01120860FE1C
:1019D3009F0112086041A0011208608AA001120849
:1019E30060DEA00112086057A101120860C6A101C0
:1019F300120860E3A10112086013A20112086048F3
:101A0300A20112086018A301120860C1A301120801
:101A13006047A60112086067A70112086052A80177
:101A2300120860D4A8011208600BAD0112086048C7
:101A3300AD01120860A0AD01120860D3AD01120818
:101A4300603DAE0112086073AE01120860FEAE0184
:101A530012086056AF011208602DB001120860E64B
:101A6300B00112086081B10112086089B401120843
:101A730060A5B50112086048B9011208603CBA01BB
:101A83001208603FBA011208606EBA01120860744E
:101A9300BC011208604DBD0112086090BD0112081F
:101AA30060E6BE0112086025BF01120860B7BF01DE
:101AB300120860EBBF01120860B0C001120860C8D1
:101AC300C20112086039C30112086079C301120808
:101AD3006007C4011208602FC501120860F1C50137
:101AE300120860F8C70112086010C80112086024C8
:101AF300C8011208605CC8011208608AC801120894
:101B03006009CA011208602ECB0112086092CB0152
:101B130012086044CC0112086074CC011208603BC7
:101B2300CD01120860D3CD01120860F9CF0112086C
:101B3300602ED00112086091D001120860C0D1015B
:101B430012086068D20112086099D201120860B1CC
:101B5300D20112086040D301120860F4D5011208C3
:101B630060CCD701120860E8D70112086004D801DD
:101B7300120860D2D801120860C5DC011208608B1C
:101B83002700120860BD2700120860AC2B00120862
:101B930060F82B001208603E2C00120860E02C0055
:101BA3001208603C2D00120860812D00120860C8E5
:101BB3002E00120860DC2F00120860CB33001208DD
:101BC300604F34001208605C3500120860B83500BD
:101BD300120860A837001208601D38001208602739
:101BE30038001208603438001208605F38001208A9
:101BF30060463900120860F039001208606E3A003E
:101C03001208608E3A00120860B73A00120860D9D1
:101C13003A00120860393D00120860FF3D001208C7
:101C230060443E00120860C13E00120860723F002B
:101C3300120860A43F00120860EA3F001208602601
:101C43004000120860764000120860CA4000120883
:101C5300602041001208606C4100120860D9410005
:101C63001208605442001208601F44001208601FEB
:101C730045001208604446001208608349001208B8
:101C830060964C00120860534D00120860974D0097
:101C9300120860474F001208605B4F00120860652E
:101CA3004F001208606F4F001208607B4F0012084C
:101CB30060974F0012086042500012086081500084
:101CC3001208608B500012086095500012086005DE
:101CD300510012086050510012086065520012084A
:101CE30060C15200120860425300120860015400A0
:101CF3001208600A55001208603E56001208602C54
:101D030057001208604457001208609F57001208DA
:101D130060BD57001208600558001208602C580077
:101D2300120860C758001208608D59001208601F1E
:101D33005A00120860995A00120860B35B00120837
:101D430060605C00120860885D00120860D85D0066
:101D53001208603C5E001208609E5E00120860CCB0
:101D63005E00120860F05E00120860255F00120832
:101D730060565F00120860895F00120860A95F0067
:101D830012086011600012086005610012086060AB
:101D93006100120860896100120860116200120874
:101DA30060946200120860BF6200120860A46300BE
:101DB3001208600080041208603880041208605919
:101DC30080041208609B8004120860FD80041208DE
:101DD30060078104120860178104120860528104AD
:101DE3001208603285041208601F87041208600518
:101DF30089041208609C89041208603E8A04120850
:101E030060248102120860A28102120860FE81022E
:101E13001208604982021208606482021208608F0D
:101E23008202120860AC8202120860B882021208B1
:101E3300604F8402120860688402120860ED840215
:101E43001208600085021208601F8502120860C331
:101E53008502120860448702120860F7880212089C
:101E6300608D8902120860908902120860008A025C
:101E73001208601E8A02120860B58A02120860FD09
:101E83008A02120860008B02120860C68B021208D5
:101E930060338C02120860598C02120860E48C02D1
:101EA300120860028D02120860488D02120860FC5D
:101EB3008D02120860468E02120860758E021208A7
:101EC30060D28E02120860078F02120860338F02FD
:101ED300120860418F021208608E8F02120860FEA2
:101EE3008F02120860479002120860939002120852
:101EF30060BF9002120860CA9002120860E8900264
:101F0300120860D39102120860DD91021208601872
:101F1300920212086028920212086031920212089B
:101F230060859202120860999202120860C89302B7
:101F3300120860DD93021208606B9402120860B00D
:101F430094021208603C9502120860479502120839
:101F530060899602120860A49602120860F0960245
:101F63001208605F9702120860989702120860B225
:101F73009702120860F49702120860C49A021208CA
:101F830060719B02120860DE9B021208601E9E02B3
:101F9300120860369E02120860399E0212086045DC
:101FA3009E02120860599E02120860619E02120886
:101FB30060949E02120860969F021208601DA002A0
:101FC3001208608DA0021208600FA102120860D0EF
:101FD300A102120860EFA10212086090A202120887
:101FE30060EDA202120860F0A20212086064A3026C
:101FF300120860B3A402120860B9A5021208604473
:10200300A6021208605FA70212086027A80212083E
:102013006058A8021208607BA80212086084A80214
:10202300120860B3A80212086043A902120860F9FB
:10203300A9021208606EAA0212086015AB02120808
:10204300608AAB02120860C1AB02120860FFAB02E8
:102053001208605195031208600F95031208601D62
:102063009403120860F19303120860A89303120803
:1020730060E59203120860D18F03120860948D0308
:10208300120860618D03120860088D031208609BBB
:102093008C031208605A8C03120860938B03120896
:1020A300602D8B03120860CC8A031208606C8A03CC
:1020B300120860438903120860D788031208602F4F
:1020C30088031208602A88031208601E8803120816
:1020D300605184031208602B8403120860C98303D0
:1020E300120860D69C04120860C29C041208601295
:1020F3009C04120860189B04120860399A041208A1
:10210300608F9704120860A196041208606A830323
:102113001208602B83031208601883031208600DF2
:102123008303120860339604120860DC82031208EA
:1021330060F880031208606B800312086027800335
:102143001208609797031208600080031208608BDF
:102153006900120860DE950412086089950412086C
:10216300605C9504120860299504120860019504C7
:10217300120860A294041208608294041208604D4D
:102183009404120860119104120860E68E04120888
:1021930060D68C04120860538C04120860078C0408
:1021A300120860BB8B041208608D97031208601538
:1021B3008B04120860C8E00300000080FB8F00015D
:1021C30000031687000100011635000400CA152517
:1021D300000200CE1526000200D01527000200D20F
:1021E3001528000100DC1529000100DD1584000419
:1021F300002913860001004B152A000100DE152B70
:10220300000100DF152C000100E3152D0008003547
:10221300132E000100E4152F000100E51530000125
:1022230000E61531000100E715320001003D1333CC
:102233000001003E1334000100E815360001003FA1
:102243001338000100E91539000100E2158300028B
:1022530000FF15630001004B1364000100E01565E6
:10226300000100E1156D0001004C13710008002D01
:102273001366000100FE1543000100EF1544000240
:1022830000F01545000100F21546000200F3154762
:10229300000800431348000100F5154B000100F648
:1022A30015040001000216A1000100061637000103
:1022B3000005168800010004163C00010040133D90
:1022C300000100EA1549000200F715670001004DFF
:1022D300134D000200F9154E000100FB154F0002DB
:1022E30000FC153E000100EE1551000100411352A0
:1022F300000100EC1553000100ED155400010042EC
:102303001300000000000000013636010100010245
:102313000100010301000104010606050200000794
:102323000100340801000F090401010D0100FF0E33
:1023330008000017020000190100FF1A0100011B29
:102343000100FE1C0100081D0200001F0100012006
:10235300010001210200002301000F2402000026D6
:1023630001000127010008280200FF2A0100072BB2
:102373000102402C0100002D0100012E0100012F5C
:102383000100FF30010B1D310800003A0100083B3A
:1023930001000F3C0100013D0100FF3E040000422B
:1023A300040000460400004A0400004E04000052EA
:1023B300040000560400005A0400000103710301E5
:1023C30003010301030103010322030203010310B9
:1023D30003000300030003000300030003000342A0
:1023E300030003240306030003000304031203256D
:1023F300032303250323030403040300030003004F
:102403000344030003000323030003650321003592
:1024130003810300030503000300030003000325F6
:1024230003230303027102300160021102700201EF
:1024330002020202028002100261023A00410063BA
:1024430002730272026202430200021302380000A6
:10245300020002040212020002000200020002044F
:10246300020402370037003C024402000239000034
:1024730002000265020002350281020002050282A7
:102483000283020002010171010101010111010135
:10249300013101010101018001100161013B0014BF
:1024A300006301730172016201430100011301061C
:1024B300013D01350004011201000100010001008A
:1024C3000104010401330133013C014401320136AB
:1024D30000000100016501000135008101000105D3
:1024E30001820183010001030071003001600011CA
:1024F30000700031022003500480001000610000CE
:1025030000140063007300720062004300000013B4
:10251300000600000000000400120000000000009C
:1025230000000004000400370037003C02440000B0
:10253300000000000000006500000035008100007D
:10254300000500000083000000000003002001E9F3
:1025530082000000002001E882000004004201EC38
:1025630080000005004201CA800000060042010EFF
:1025730081000007003001E782000010004203964B
:10258300150000110030032112000012001003A7F0
:102593001503000000210322120000FDFF2101E2C8
:1025A300820300FDFF2101E28236000100060000E4
:1025B300000F000000000000000000000000000306
:1025C300FFFF00000403FFFF0000FFFF0FF4010003
:1025D30005C4040320000100000B000000000000FC
:1025E300000003010F0000000000000000000000D5
:1025F30000000000000000000000000000000000D8
:1026030000000000000000D312F112D9122512DFDE
:1026130012F712DF120313E5122512DF12F712006D
:1026230000000000000000000000000000000000A7
:10263300000000EB12251200000000000000000063
:102643000000000000000000000000000000000087
:102653000000000000000000000000000000000077
:102663000000000000B5150100B51502002B15028E
:10267300802515030031150400371504803D150529
:1026830000431506004F15310061153300671534FB
:10269300006D15FFFF000007ECFDFDFDECDCDCCC5D
:1026A300BCACAC9C9C8C7C7C6C6C5C5C5C4C4C3C97
:1026B3003C2C2C1C1C03EAF5E5D5D5C5B5A5959591
:1026C3008585757565655555454535352525151537
:1026D300050AF71B02C11B05CD1B07C71B0CA91B52
:1026E3000DB51BFF000000160F00000B150B0200B9
:1026F30002220F3300000E0F5A6967426565416C71
:102703006C69616E63653039D0D1D2D3D4D5D6D755
:10271300D8D9DADBDCDDDEDF303016181920231AD6
:102723001C1E3000034D4C4651181A2505020001AA
:1027330019161816161823030030301718192130EC
:102743001B1D1F30003C40423A3F3F392F47300C9E
:102753000E020B040B0A0708000F02040201010119
:10276300010902E803000000BE040A01000E000391
:1027730000E803FF04090C03101E030A0C040408F9
:1027830028020C0508151E0474F71203DEE99014E1
:1027930022F09013D7E4F0120FE590143AE4F0A37B
:1027A300F0901423F0A3F0121D47120FEB90135B6C
:1027B300E4F0A3F01217170240F174F01203DE7471
:1027C300D3120943125B4D54806066901422E0F9E2
:1027D30012106F8A088B09AF09EA4F604C7C0080A6
:1027E300010CEC75F003A4F8A9F074D428F58274F5
:1027F3002639F583E493F46029E493F88A828B8382
:10280300E06870DDEC75F003A4F874D528F58274E4
:102813002639F583E493C0E0740193F583D08212E3
:102823000556AA08EFFB12105D12627F6480022B2B
:102833008C851882851983A3E05420601F121C5DC8
:102843008A088B09AF09EA4F600A121BB5AA08EF81
:10285300FB12105D12627F6420022B8C8518828527
:102863001983E0A2E050429013DCE0640F702E90D5
:10287300077D12628A90077DC3E094E9A3E0940385
:10288300400A7A007B8090124D1241D37900121BCB
:102893008BE960099015CA120B41121BA38518829C
:1028A300851983E06401022B7154207003022B7697
:1028B3007A207B00901422E0F91211B3EA4B4C4DBD
:1028C300701A901436120B29E8494A4B700E75089A
:1028D30001750900750A00750B00806D750C007594
:1028E3000D00750E00750F001211BF8A088B098C3D
:1028F3000A8D0B901436120B29E8494A4B6031902C
:1029030014367808120838400E750CFF750DFF75E4
:102913000EFF750F7F801985080C85090D8C0E8DB0
:102923000F901436780C12092B7401780C1208FAE4
:10293300850C08850D09850E0A850F0BE5084509E9
:10294300450A450B7003022AD07C0079047A007B88
:1029530000121C338A0C8B0DAE0CAF0D022A1474BB
:1029630002120B5874FFF07403120B5874FFF074C7
:1029730004120B5874FF124246125A0774071209C5
:1029830023125CBDE96401706A122B984480F8A39A
:10299300E0F97428120B58E8F0A3E9125F51E0C084
:1029A300E0742A120B58D0E01242335408601674B4
:1029B30028120B58A3E04401122BA5C0E0742C127B
:1029C3000B58D0E0F0125B906011E8240B12338BAC
:1029D300F87416120B58E8F0A3E4F09082BA1207C9
:1029E300047406120923740B12091B12185574047C
:1029F3001208AB8E828F83A3A3A3A3A3A3A3A3A332
:102A03007406122BA5F9121C157405120B58125DCE
:102A130014EE4F7003022AD07C007904EEFAEFFB28
:102A2300121C337405120B58EAF0A3EB123F5DE05E
:102A3300F50CA3E0F50DE4F50EF50F7808790C120B
:102A43000AB34023EE2404F8E43FF985080C850912
:102A53000D8882F583C3E0950CF0A3E0950D126316
:102A630074E84970A4800C8E828F83A3A3A3A3E48C
:102A7300F0A3F08E828F83A3A3A3A3A3A3A3A3A3F3
:102A8300A3E064018E828F83A3A3A3A3A3A37020D7
:102A9300E0540460030229628E828F83A3A3A3A35D
:102AA300A3A3A3A3A37406F07AB7122CCB022A0C18
:102AB300A3A3A3A3E060030229628E828F83A3A34F
:102AC300A3A3A3A3A3A3A37401F0022A0C121C03C0
:102AD3007C0079017A007B00121C33EA4B600312FD
:102AE30041CC7C0079047A007B00121C33EA4B70E2
:102AF3001380448A828B83A3A3A3A3125D2CEE9835
:102B0300EF99400B8A828B83A3A3A3A3125D147C4A
:102B1300007904121C338B0BA90BEA4970D5C3E56A
:102B2300089EE5099F500DC3EE9508FEEF9509FF3A
:102B3300EE4F700D1241CC901436122B9EA3F080F1
:102B430024EE2EFEEF338E08F509E4F50AF50B7833
:102B5300081208757A20122D741208AB1211BF9057
:102B63001436120B35851882851983E06420FAA385
:102B7300E08016A3E0540460131253E412210D798C
:102B83000112355212627F6404FB80047A007B00D9
:102B9300742D025B6CEE125B7AE022E4F0A3F0A3E7
:102BA300F022124238A3A3E022C082C08374EA1247
:102BB30009437C167D007900AA18AB1912103F74E3
:102BC30008120B587402F09013CB125620122BEC00
:102BD3007409120B581256387413120B58E412521C
:102BE300B712170B7416024502E8F0A3E9F090132D
:102BF300D5125CFC2274F71203DE74DA120943EA7D
:102C0300FEEBFFEA4F602DAC18AD19121C7B740666
:102C1300120B58E0601E7417120B58E0FD7401127A
:102C23000B58E0FCEEFAEFFB7900121B61E960043C
:102C330079A48002790074260240EE74F71203DE51
:102C4300EAFEEBFF8A82F583A3A3A3A3A3A3E05425
:102C53004060178A828B83125B2D12441160067ABF
:102C6300FF7BFF8015125B2980039013CB125A0759
:102C730074FE6A700374FF6B6041125B29125B532D
:102C8300121D11E98E828F83600B12571612633F58
:102C9300E4F0A3800312632EF07C917D1B8E828F60
:102CA30083123A87E9F5087015EE4F60097901EE52
:102CB300FAEFFB121C0FA9080240F17508CDAA0810
:102CC300122CCBE960E380EE8E828F8312571A2495
:102CD3000CF582E438F583E0F9121B9D2274F61299
:102CE30003DEE9FEEAFF7A0F7B00121057EA4B601E
:102CF3001A8A828B83740CF0EEA3A3F0EF8A828B83
:102D030083123EAC1253157900802BEEF9121C3955
:102D13008B09A909EA49601C8A828B83A3A3A3A315
:102D2300A3A3A3A3A37406123EB5E0F91218F7EE0A
:102D3300F9121C15791002510074F41203DE8A088B
:102D43008B098C0A8D0B9013DCE0640F701EEA4B29
:102D53004C4D60189013D7E064086005E06404707C
:102D63000B7808120875122D721208AB022FD77A4E
:102D7300017B00901422E0F91211A174042274F46F
:102D83001203DE74FC120943EAFEEBFF8A82F58329
:102D9300A3A3E0F9121C398A088B09EA4B700302DA
:102DA3002EBA8E828F83A3A882A983E0C0E0EA12A1
:102DB300530BD0E0123D1B64F160288E828F83A3F6
:102DC300E064CD601E8E828F83A3E0641A60148E4C
:102DD300828F83A3E064E9600A8E828F83A3E06419
:102DE300E170337900121C0FE9602BE5082404F528
:102DF3000AE43509F50B850882850983A3A3A3A3F8
:102E0300A3A3123DF1123CF9120FF7850A82850B39
:102E130083125B5380708E828F83A3E0C0E07402C1
:102E2300120B58D0E01245101246331237A1C0E0FE
:102E33007403120B58D0E0F0E508125FFC12344A19
:102E4300E0AA18AB19700512184F8003121CF9740D
:102E530002120B58E064E9702D85088285098312FC
:102E630035B0750A01780A120881750AE9780A12E1
:102E73000881123CCD12376EFCA3E0FD8A828B835E
:102E83001237981208AB850882850983A3A3A3A3ED
:102E9300A3A3A3A3A3E06402701285088285098318
:102EA300A3A3A3A3A3A3A3A3A37406F08E828F83D8
:102EB300A3A3E0F9121C15121C039015D01233BC06
:102EC3007404022FD474F41203DEEAFEEBFF7508D8
:102ED300008A82F583A3A3A3A3A3E060387508083F
:102EE3001259FA79FF1219CFEA4B601075082C8E2C
:102EF300828F83A3A3A3A3A3E0D2E0F08E828F8368
:102F0300A3A3A3A3A3E0540364016003022FC34359
:102F13000811022FC3EA24181248F96036EA241A6A
:102F23001248F96003F47013125CDC7003A3E069C8
:102F33006003022FC3750822022FC3EA241B122F3A
:102F4300C7241A1248F9FAEE24191248F9F912188B
:102F5300E5806D8A828B83A3A3A3A3A3A3A3A3A3C7
:102F63001233A770037508018E828F83125CE070A1
:102F730003A3E0697006E508D2E1F508E5086015EA
:102F83008E828F83A3A3E07006E508D2E58004E573
:102F930008D2E6F50812440464017006E508D2E09D
:102FA300F5088E828F83A3A3E06015EE241D124CD7
:102FB30018F9121CFFE964016006E508C2E0F50890
:102FC300A9088010F582E43FF583126397EA22741F
:102FD300091208AB7F0402063B74F01203DE74D7B8
:102FE300120943EAFEEBFF8A82F583A3A3A3A3E0BE
:102FF300600E9015CE125B9760069015CE1233BC0F
:1030030074031209238E828F83A3A3A31254E312A2
:103013005A05121C7BE9700302316D7801740512A5
:103023000B58E0C39402400278007407120B58E077
:10303300C3940240027800740C120B58E064F870D9
:1030430003A3E0F4700302316D740C120B58E064B7
:10305300F97003A3E0F4700302316D740C120B5882
:10306300E064FA7003A3E0F4700302316D740C1290
:103073000B58E064FB7003A3E0F4700302316D743A
:1030830006120B58E0F99013C5E069600302316D35
:10309300E8A2E0400302316D7427120B58E060038D
:1030A30002316DEE2413125CF27422120B58125487
:1030B300ED241C125CF27410120B5812563874096A
:1030C300120B58E0601D741A120B58E0FD740412C1
:1030D3000B58E0FC8E828F83125A057901121B6113
:1030E300E9703B740312091B121BAFE9F50C740959
:1030F300120B58E0702C9013BFE0602674225964C1
:1031030022601F744259644270147420120B5812C7
:1031130033A1600E7420120B5812339A60047ACFD5
:10312300804AE9A2E6504D7420120B58124C1E241B
:10313300FD600F14600C24FD600824FD600424FE70
:1031430070287420120B58123393700E7420120BD4
:1031530058125244A3E0640D601A740312091B123F
:103163001D29E96401700D0233837AD37B001215A4
:1031730001023383EE242DF582E43FF5831235A754
:103183007003A3E069701D75080078081208817840
:1031930008120881EE242F1248F9F91233AD1237C1
:1031A300981208AB7409120B58E0700302324B12E9
:1031B30033AD125A07121D778A0E8B0FEA4B700339
:1031C3000232DC7404120B58E0F88E828F83A3A3BF
:1031D300E028F8A3E03400F9E8240D12338BF88AD1
:1031E300828B83A3A3A3E068600EE88A828B83A308
:1031F300A3A3123EA5122B9F7904E9120B5812497F
:1032030018A3E02AF8A3E034008882F583A3AA82F6
:10321300AB831210458A088B098C0A8D0B850E82AD
:10322300850F83A3A3A3A3780812083840030233AE
:10323300839082927808120A5C850E82850F83A39D
:10324300A312639DA312463C9013D7E06404600865
:10325300E064096003023383E50CA2E54003023313
:1032630016EE242F124901F0EE24301248F9C0E083
:103273007401120B58D0E0F0EE24311248F9C0E08B
:103283007402120B58D0E0F07414120B58E064016E
:103293007026740E120B58123CF424131248F9686A
:1032A3007003A3E0697011740C120B581233A770EA
:1032B300077414120B58E4F0EE2425F582E43FF56D
:1032C300831207047404120923740712091B1218CA
:1032D3005574041208AB02338390141CE06401603C
:1032E3000302324B7420120B581233A17009E50C00
:1032F300A2E6500302324B7410120B58E0F4700331
:10330300A3E0F4607BEEFCEFFD740312091B121BB8
:10331300BB806DA2E650697420120B5812572670B9
:1033230016741A120B58E064027055740312091BC9
:103333007900121CF380497420120B5812339A70CF
:1033430014741A120B58E064047035740312091BC9
:10335300121CE7802B7420120B58123393700C79D4
:1033630000740312091B121D3580157420120B58AB
:10337300125244E0640C7008740312091B121D41BD
:103383007429025B6CE82406F582E439F583E022B4
:10339300125B33E0640322125B33E0640722124CB6
:1033A30022640622124415640222EE242BF582E4E1
:1033B3003F126395EE1243EA22E0F508A3E0AA0860
:1033C300FBE4FCFD121BA32274F41203DEEAFEEB02
:1033D300FF8C088D0990133DE0600F125CDC7003D5
:1033E300A3E06970051218D3805379001259FA12B9
:1033F30019038A828B83E5824583602CA3A3A3A34D
:10340300A3A3E054186021E508241C1234471207D3
:1034130008123443120708EE241812377F124EDFC6
:10342300125CB41208AB801579008E828F83A3A33C
:10343300A312570C124EDF125A071218D9022FD7B4
:10344300E5082413F582E43509F5832274F71203A2
:10345300DE74F7120943EAFEEBFF9013D7E064032F
:10346300600DE064016008E06409600302354D8A81
:10347300828B83A3E0600302351B7C007D007A020C
:103483007B00120FF1125D598A82125CF69013C809
:1034930012563879531216F99013D7E0640960096C
:1034A3009013D5125A07121D7185188285198374DA
:1034B3000112525C9013D77404F0740112091B7942
:1034C3004A1216F374011209237ACD7B131211D712
:1034D300901250E0640B70057406F08005790012B9
:1034E30035529013C81257127A037B00120FF190D2
:1034F30013CB1257127A047B00120FF19013C2E020
:10350300A2E35004D2F08002C2F01252499015CACD
:10351300120B41121BA3802FFC7D007A037B101238
:103523000FF1901250E0640B7003740AF090134192
:10353300E4F0FA7B401250398E828F83A3E0F912B4
:1035430035529013D7E4F0121BE574090240EE9054
:1035530013D5125A0B12186722C082C08390135BD3
:10356300125B9770179013D7E024FB600514600774
:10357300800A901361801F901363801AE8496007E3
:103583001233886401700C8A828B83A3E0F91218CA
:103593005B800E901451125B976006125245120520
:1035A30056024D90125CFC9013D5E06822125CFC2D
:1035B300E8FAE9FB2274F51203DE74D81209438A90
:1035C300088B098A828B83A3A3A3A3A3A3A3A3E04A
:1035D300C3940F50030237698A828B83A3A3A31278
:1035E3005D1474151209238A828B83A3A3A3A3A357
:1035F300A3A3A312376EFAA3E0FB121BF1741512F7
:103603000B58E0702E850882850983A3A3A3A3A387
:10361300A3A3A3E0C3940B401A8E828F83A3A3A317
:10362300A3A3A3A3A3E064027009EE240B1248F939
:10363300F460030237697417120B58E060076402E1
:1036430060030237699013D7E06402601CE06406EC
:10365300601790135B125B9770030237691233880C
:1036630064016003023769802590135B125B9770D6
:103673001D75080078081208817808120881EE2465
:103683001012377F8E828F831237981208AB8E8287
:103693008F8312636C123D24125CF87402120B5870
:1036A3001254ED122B99C0E07404120B58D0E0129F
:1036B30037A1F508A3E0F509740F7808120AF2742C
:1036C30005120B58E508F07419120B58E0C0E074AA
:1036D30006120B58D0E0F0741B120B58E0C0E074D4
:1036E30007120B58D0E0F07416120B58E0C0E074C8
:1036F30009120B58D0E0F07417120B58E0C0E074B5
:1037030008120B58D0E0F0EE24101248F9C0E07410
:103713000A120B58D0E0F0741A120B58E0C0E07490
:103723000B120B58D0E0F07427120B58E0C0E07472
:103733000C120B58D0E0F0741C120B58A982AA8308
:1037430089088A09750A0078081208797C087D00BF
:103753007410120B58AA82AB831248F01208ABAA5A
:1037630018AB19121861742802424CE0F98A828B53
:1037730083A3A3A3A3A3A3A3A3A3E022F582E43F6C
:10378300F583E0F98E828F83A3A3A3A3A3A3A3A3AB
:10379300A312639722125A0B121CB1740222F0EE89
:1037A300124EE4E02274F21203DE74F81209438A23
:1037B3000A8B0B8C0C8D0D8908908209AC18AD19FE
:1037C30074081207D9C200AC0AAD0BAA18AB1912C0
:1037D30059887002D2009014238013AC0AAD0BEE0B
:1037E300240BFAE43FFB125988701B1243DB12408F
:1037F3006E601EA20040E48E828F83E0650C70042D
:10380300A3E0650D70E58E828F83A3A3E065087046
:10381300DAEEFAEFFB7408023D31C082C0839014E4
:1038230023024D8DC082C083901423E4F0A3023A97
:103833008374F71203DE901423126285800FEA2447
:1038430014F582E4125D111210F3EEFAEFFBEA4B6A
:1038530070EC901423E4F0A3F00240F174F212032D
:10386300DE8A0C8B0DEDFF890B8A828B83E08C82C1
:103873008D83F0A3A882A9838A828B8312392812AD
:103883003E9FE0C454F0FA88828983E04AF0EC2436
:1038930002F8E43FF9850C828B83A3A31239281223
:1038A300393BE0333354FC12392FE033333354F8CC
:1038B30012392FA3E0A2E0E4331313FA8882898339
:1038C300E04AF0EC2403FE50010FE50C2407F50851
:1038D300E4350DF509750A0078081208797C087D2E
:1038E30000EEFAEF1248EF1208ABEE2408FE500187
:1038F3000FE50C240FF508E4350DF50978081208D7
:10390300797C037D00EEFAEF1248EF1208ABE50B6A
:10391300C3940F400DE50C2412F582E4350D124ECD
:10392300F3F0023D34A3E08882898322FA888289F6
:1039330083E04A12393BA322F0850C828B83A3A335
:10394300A3A32274F21203DEEBFF8C0C8D0D8A828B
:10395300F583E08C828D83126356A3A882A983E04A
:10396300124D38123D1AC4124D32F0EA126360123E
:103973004D3F123D18A2E2E4338C828D83123D1732
:10398300131313541F124D38A3123D17A2E7E43348
:103993008C828D83A3A3A3A3A3A3F0EA2403FE50E5
:1039A300010FF5088F09750A0078081208797C0859
:1039B3007D00E50C24071248EB1208ABEE2408FE49
:1039C30050010FF5088F0978081208797C037D00F0
:1039D300E50C240F1248EB1208AB8E828F83A3A34E
:1039E300A3E0C0E012637CD0E0F0023D3474F61231
:1039F30003DEEAFEEBFF8A82F583A38582088583D3
:103A030009E0F912187F850882850983E064EB6079
:103A13001E8E828F83A3E064E160148E828F83A362
:103A2300E064F1600A8E828F83A3E0641A70078ECC
:103A3300828F83A3E4F09015CA120B41121BA37566
:103A4300080178081208818E828F83A3E0F5087835
:103A53000812088179009013D51257129013CB12D4
:103A630037981208AB121C03025100C082C083E9CD
:103A73009014357003E4800274018004EAF0A3EB30
:103A8300F0024D90125A0B1217112274F61203DE34
:103A9300901435E0701B7C0079017A007B00121CC6
:103AA30033EA4B600C8A828B83125B976003121B91
:103AB30097025100C082C083123F4E401079FF121B
:103AC3001C2DE9F8902785E493C39850047901806D
:103AD300027900024D9074F21203DE8A0A8B0B897D
:103AE30009C2008A828B83A3A3A3A3A3A3A3A3E0F6
:103AF300F9121C398A0C8B0DAE0CAF0D750801EA57
:103B03004F6003023BBA850A82850B8312570C85EB
:103B13000A82850B83A3A3A3A3A3A3A3123CF91235
:103B23001C218A0C8B0DAE0CAF0DEA4F7003023CC7
:103B3300C68A828B83A3A3A3A3E4F0A3F0E50A249C
:103B43000CFAE4350BFB8A82F583E0C0E0123CCD2E
:103B5300D0E0F0E50A240D123CED240D125632128A
:103B63001D171243F3125B53E50A2411123CED2493
:103B730011125632E50A2413125D23C0E01243E505
:103B8300D0E0F0D200EE2406F8E43FF9123CE01254
:103B93003D1B54046003023C2C9015DCE0F50A75D0
:103BA3000B007407780A1209EA8E828F83A3A3A3FA
:103BB300A3A3A3123CD7F08E828F83A3A3A3A3A3B3
:103BC300A3E0F50AA3E0F50B7407780A120AF2E5FD
:103BD3000A5407FCE50960618E828F83A3A3A3A324
:103BE300A3A3A3A3A37402124246123FE3600B9064
:103BF30013C3124979A3A3125638EC7003023C9DF8
:103C0300EE2406F8E43FF9E8FAE9123CE0F0EC248C
:103C1300FFF50AE434FFF50B7407780A1209EA8A00
:103C2300828983123CD7F080718E828F83A3A3A3F2
:103C3300A3A3A3E04480023BB9EC700575080080A0
:103C4300598E828F83A3A3A3A3A3A3E05420600C64
:103C5300121051EA547F7900245F80198E828F837A
:103C6300A3A3A3A3A3A3E05410601A121051EA5410
:103C73000F7900240A5001098E828F83A3A3A3A383
:103C8300F0A3E9800D8E828F83A3A3A3A37401F015
:103C9300A3E4123D247404123F64A20050288E82D0
:103CA3008F83A3A3A3A3125A11F9EEFAEFFB121CFD
:103CB30027E96012125B906003123D06EEFAEFFBF8
:103CC3001210F3750800A9088067EE240CF582E44E
:103CD3003FF58322E0450AF0A3E0450B228882F5F5
:103CE30083E0547FF0A3E054FC22F582E4350BF526
:103CF30083125CFCEE22A3E0F9850A82850B831212
:103D03005A0B22123D0D12416322EE240FF582E479
:103D13003FF58322A3A3A3A3123D1F22125D3FE01D
:103D230022123D282212423CA3A3A32274031208A9
:103D3300AB7F0602063B74F41203DE74F7120943E9
:103D43007E00121C39EA4B7003023DEC8A828B839E
:103D5300A3A3A3A3A3A3A3A3A3E064066003023DB9
:103D6300EC8A828B83A3A3A3A3A3A3A3E0FF8A82EA
:103D73008B8312631EE0C0E07408120B58D0E0126C
:103D83004114125625125638121C4BEF5408605733
:103D93008518828519831257127A007B00121C1B27
:103DA300EA4B70431263877C007D007A007B0080BE
:103DB300228E828F83124C1EF47003A3E0F46027DB
:103DC3009013D5123DF11240F6601C7C007D00EE8D
:103DD300FAEFFB121C1B8A0A8B0BAE0AAF0BEE4FDA
:103DE30070CF79001217297E01EEF9022FD2123D0E
:103DF300F522E0FCA3E0FD8E828F8322C082C08384
:103E03008A828B83E5824583700990143A80068AFF
:103E1300828B83A3A312401760208A828B83A3A380
:103E2300A3A3A3A3A3E0540860E5EC4D60101240E4
:103E33001D7003A3E06D70D780047A007B00024DF0
:103E43009074F21203DE8A088B09890AECFEEDFFF7
:103E53007A147B001210EDEA4B60378A828B83A3BE
:103E6300A3A3A3A3A3A3A3A3E4123EB5E50A12410C
:103E730000EEF0A3EF123EA512411B123EAC8A8264
:103E83008B8312639F123E98125A8EA3123E9FF0A9
:103E9300A3F0023D34EA240FF582E42212635AA30D
:103EA300A322124106E4F0A322A3F0126317125ACD
:103EB3008E22123EB92212410AA3A3A3A32274F5B0
:103EC3001203DEEAFEEBFF890A8C088D09EA4F60D4
:103ED3007574016970127901121C2DE9F890278716
:103EE300E493C3985015800A7404697009123F4E15
:103EF300500979118052740269704B8E828F83A3AB
:103F0300A3A3A3A3A3A3A3A3E50A123F5D1246336E
:103F1300125C18A3E4F0A3F090143A125B976018B4
:103F23008003125CF888828983A3A31240178882D6
:103F33008983A3A370EC800390143AEEF0A3EF12ED
:103F43003F647900800279C102424F7904121C2D2B
:103F5300E9F8902786E493C39822125C1CA3A3A3D9
:103F630022F07A207B00901422E0F912109922C0EB
:103F730082C083E9F8790090143A801D8A828B838A
:103F8300A3A3A3A3A3A3A3A3A3E068600574FF68EB
:103F93007001098A828B83A3A312401770DE024D3E
:103FA3009074F71203DEEA4B700590143A80068A88
:103FB300828B83A3A3124017601F8A828B83A3A3E0
:103FC300A3A3A3A3A3A3A3E06970E4EC600F8A8275
:103FD3008B83123FE370D880047A007B000240F1A8
:103FE300126337E0540422C082C08390143A8006DF
:103FF3008A828B83A3A312401760128A828B83A3C6
:10400300A3A3A3A3A3A3A3E06970E580047A007B21
:1040130000024D90125A0BEA4B228A828B83124C78
:10402300226C2274F21203DE8A0A8B0B8C0C8D0D28
:10403300750800750900EA4B602A90143A80068ED1
:10404300828F83A3A312406E601AAC0CAD0DEEFAFF
:10405300EFFB850A82850B83120556E9640170DF45
:104063008E088F09AA08AB09023D34E0FEA3E0FFE6
:10407300EE4F2274F71203DE90143A125CF87C00C0
:104083007D00800DE8FCE9FD88828983A3A3125C8F
:10409300F8E8496030EA687002EB6970E790143A17
:1040A300125A07E86A7002E96B88828983A3A370B6
:1040B30008125CF890143A8009125CF88C828D83A4
:1040C300A3A3125638802774F71203DEEAFEEBFF30
:1040D300EA4F6015121C4512414F125B90600312A8
:1040E3003D06EEFAEFFB1210F380031208AB7F01DB
:1040F30002063B125A0B12171DE9641A22124106DB
:10410300A3A32212410A22F08A828B83A3A3A3A32F
:104113002212635A124C2222123EB9A32274F612BF
:1041230003DE90143A125D148014125D3112414F74
:10413300123D06EEFAEFFB1210F3AE08AF09EE4F95
:1041430070E890143AE4F0A3F00251008E828F835A
:1041530012630BF5831241638E828F8312416322B4
:10416300E0FAA3E0FB1210F322C082C083EAFCEB67
:10417300FDEA4D6017EA24FBF582EB34FF125B95F1
:1041830070071241C1E0F4600712105D7905802BBE
:10419300901422E0C0E01241C1D0E0F090277EE409
:1041A30093F97A3C7B14121093E96401700B7A0043
:1041B3007B201241D0790080027904024D90EA24D9
:1041C300FFF582EB34FFF583227A207B00901422E3
:1041D300E0F91210992274F41203DEA2AFE433F56E
:1041E30008C2AF90143C12406E6038EE24FBF58297
:1041F300EF34FF125B957A007B2090142260051246
:1042030041D38005E0F912109FE4F50AF50B780A13
:1042130012087DEEFCEFFD7A3C7B1412108D7402C4
:104223001208ABE508A2E092AFEEFAEFFB022FD73C
:10423300124238E02212423C22124246A3A3A3A315
:10424300A3A322F08E828F83221208AB7F03020680
:104253003B74F21203DE74FA120943EAFEEBFF75B4
:1042630008FE7509FF121C09E9600579110243D69E
:104273001248F6603C9015F6E0C43354E0F8E0339E
:104283003354FC48C0E0EE1253053FF583D0E012EF
:104293005D53FAA3E0FB79FF1219CFEA4B60127565
:1042A30008FFEE240F1248F94404F01248F6D2E056
:1042B300F08E828F8312440F6006EE2412125D6B20
:1042C300EE24131248F9700D902789E493C0E0128D
:1042D30043E5D0E0F08E828F83E0A2E750045403DD
:1042E3008019EE24141248F970129013B4E0C0E060
:1042F3001243DBD0E0F09013B4E004F0EE2411128B
:1043030048F9640170169015E0E0600D9013BFE06A
:10431300700A8E828F83E07003125D688E828F83B2
:10432300E064017013EE240B124C1864027009EE62
:10433300240F1248F94440F0AC18AD19EEFAEFFB24
:10434300121C758A0A8B0B74FE6508700374FFF4E4
:104353007003125D31EA4B60768E828F83E0C0E09A
:104363007401120B58D0E0F07404120B58EEF0A352
:10437300EFF0EE241E125CF27402120B5812563840
:104383007401120913880C890D780C12087DEE2430
:10439300201243F81208811243F3120708EE240E89
:1043A3001243F81208819013C81207087408120BFD
:1043B30058E0F9AC08AD09121C6F74081208ABE998
:1043C300FE74106E700BAA0AAB0B1210F380027E00
:1043D30010EEF97406023D31EE2414F582E43FF544
:1043E3008322EE1243EA222413F582E43FF583226B
:1043F300EE123D0E22F582E43FF583E0F50C780CD6
:10440300228E828F83A3A3A3A3A3A3A3A3A3124454
:104413001522E0FAA3E0FB121D11E922C082C0833A
:1044230074D71209439080927403120923742612DD
:1044330007D98A828B83A3A3A3A3125CF8740E12F9
:104443000B58125B9D125CF8740C120B5812451832
:10445300240D124508C0E0741A120B58D0E0F01274
:104463005A94125CF67420120B5812451824151234
:104473004508C0E07408120B58D0E0F0EA241CF59C
:1044830082E43B125CF67412120B58124518241185
:10449300124508C0E07409120B58D0E0F0EA241268
:1044A300124508C0E07407120B58D0E0F0EA241E4E
:1044B300F582E43B125CF67424120B58124518245F
:1044C30020124508C0E07426120B58D0E0124510A4
:1044D30074FFF07401120B5874FFF07402120B583E
:1044E30074FFF09082BA120704740412092374074C
:1044F30012091B12185574041208AB79007429129F
:1045030008AB024D90F582E43BF583E022F0851879
:104513008285198322E8F0A3E9F0EA2274F41203F6
:10452300DE74EC1209438A0A8B0B8C088D09E9FFB0
:104533007E107A217B001210ED851882851983EA9B
:10454300F0A3EB125BA7E849700302462C7C217DA4
:10455300007900851882851983E0FA12103F9013C1
:10456300D5125A078518828519831257162409F51F
:1045730082E438F583125B537420120B58125CF8F3
:104583007411120B58E8124C87125B5938F5837477
:1045930002124C8A1263257402124C7412463312AF
:1045A3004C8A126302EFF07422120B58124C35F945
:1045B300A3E0C9125FFC39F583E812494AA3E0C9B5
:1045C300241FF582E43912463A7423120B58125A07
:1045D300077406120B58125B537408120B58E8F059
:1045E3007426120B58125B2DC082C083740C120BFD
:1045F30058AC82AD83D083D08274051207D9742559
:10460300120B58E0C0E07413120B58D0E0F079009D
:10461300AA18AB19121C0FE9640170047E0080090B
:10462300851882851983123D09EEF97414022FD47B
:10463300E508F0A3E50922F583E50AF0A3E50BF00D
:104643002274F01203DE74FF120943EAFEEBFF8CBF
:10465300088D098A82F583A37408F0EA24161248A8
:10466300F960088A828B83A37410F0EA2417124836
:10467300F960098A828B83A3E02408F0EA1248F7E1
:1046830060088A828B83A3E004F08A828B83A3A3CE
:10469300A3A3A3A3E060198A828B83A3A3A3A3A3E9
:1046A300A3A3E0C3332402F88A828B83A3E028F018
:1046B300EA24111249016004740E8001E4F090159C
:1046C300EEE0640170168A828B83E06401600D90D2
:1046D3001341E060071248E1740180041248E1E4E9
:1046E30012494A8A828B83A3E0F8EA122B9928297C
:1046F3008C828D83F0EA24111248F96005124F224F
:1047030029F0850882850983E0C394754009750CF7
:1047130000750D000248D8E0FA7B001210ED8A0CF8
:104723008B0DEA4B70030248D88E828F83E0FA9098
:1047330013C5124943740278081209EAEA4508FAD4
:10474300AB09EE241212493D740678081209EAA84F
:1047530008EA48FCEBFD1248F66004780180027811
:1047630000EE2416FAE43FFBE4C8F9ED49FDEE241C
:10477300111248F9F5088809740978081209EAED55
:104783004509FD8A828B83124943740B7808120909
:10479300EAED4509FDEE241712493D740C78081221
:1047A30009EAED4509FD8E828F83A3A3A3A3A3A3E7
:1047B300124943740A78081209EAED4509FDEE240B
:1047C3002312493D740D78081209EAED4509F9EC05
:1047D300850C82850D83F0E9A3F0EE2402124920B3
:1047E30012495FF0EE2404124920A3A312495FA3E8
:1047F300A3F0EE2413124930F0EE2414124930A32F
:10480300F0750B088A828B83E06015125C091257DE
:1048130012E50C2408FAE4350DFB1211D7750B10C1
:10482300EE24171248F96019125795125712A80B64
:10483300E50C28FAE4350DFB1211D77408250BF5A6
:104843000B8E828F83A3A3A3A3A3A3E0604EEE24C6
:1048530007F50EE43FF50F850E82F583E0C0E01205
:10486300490FD0E012494FE0C0E008124911D0E0EF
:1048730012494FA3125B83120879850E82850F8339
:10488300E0124BE9A80BE50C281248EB1208AB85A4
:104893000E82850F83E0C333250BF50B1248F660B8
:1048A30008C0E012490FD0E0F0124EDF125B831212
:1048B3000879122B98FC7D007403120B58124918C7
:1048C300E0F8E50C28F8E4350DF9E82AFAE43912A2
:1048D30048EF1208ABAA0CAB0D7401025B6CEA241F
:1048E30023F582E43FF58322FAE4350DFB121033FE
:1048F300740322EE2415F582E43FF583E022F5826A
:10490300E43FF583E085188285198322A80BE50C23
:1049130028124BFC22E0FA8E828F83A322F8E43F15
:10492300F98882F583E0850C82850D8322F582E484
:104933003FF583124969A3A3A322F582E43FF583DC
:10494300E0F50875090022126348F922F0050B8E81
:10495300828F83A3A3A3A3A3A3A3A322A3A3125DD1
:104963003FA312496922E0850C82850D83A3A3A38B
:10497300227403022FD4125CFC8E828F83A3A322A2
:1049830074F01203DE74FD120943125B4D740212BC
:104993000B58E9F08C0C8D0D750B017C267D00798D
:1049A30000AA0CAB0D12103F7402120B58E0C39413
:1049B300085003024B72124928F0AC0CAD0D851858
:1049C30082851983124C1EFA851882851983125227
:1049D30044124F1BE96003750B0085188285198308
:1049E300125B2D124C3FE0F9EA850C82850D83A3FF
:1049F300A3A3A3A3A3A3A3A3F0A3E9124C74A3A308
:104A0300124C3FA3A3E0F9E50C125BACEA124C870E
:104A1300125702C0E0E50C2411126380D0E0124C5F
:104A23008A2407F582E438F583E0C0E012637CD082
:104A3300E0125B407408124C6BA3E0602685188279
:104A4300851983E02408F8A3E03400F9E50C241366
:104A5300F582E4350D125636850C82850D83A3E06D
:104A63002408F0850C82850D83A3A3A3A3A3A3A38A
:104A7300A3E0602A850C82850D83A385820E85833E
:104A83000F124C2CF8A3E03400F9E50C1253053552
:104A93000D125636850E82850F83E02408F0124BE3
:104AA300F0E4F0124C04E4F0A3125B40A3A3A3A32D
:104AB300E06011124C50850C82850D83A3A3A3A340
:104AC300A3124C7CE50C124C11E07003024B5E12F6
:104AD3004C50FA124BF0EA124C7CF8851882851977
:104AE30083E028FBA3E034008B82F583E0F8E50C38
:104AF300241A126380E8124C7CE8C39AE50C5056E2
:104B0300124C0CF890277FE493C39850047E0C80DA
:104B130006E50C124C0CFE850C82850D83124C2B82
:104B2300F508A3E03400F509750A0078081208793E
:104B3300EE124BE97AF37B081248F01208AB124CE1
:104B43000474F3F0A37408F0EEC333F8850E828582
:104B53000F83E0288004124C11E4F0850C82850D4C
:104B630083A3E0F8850C82850D83E0C39850047914
:104B7300008070124C2BFAA3E03400FBE50C125DAD
:104B830062126383125B53850C82850D83E0C398A5
:104B9300C0E0E50C2417126380D0E0124C6BE06098
:104BA30040E50C2417FEE4350DFF8E82F583E024E7
:104BB300F2F0E50C241DF8E4350DF98882F583E065
:104BC300240EFAA3E03400FB88828983125B53909E
:104BD30013C0E0F9121B67E9F88E828F83E0C39854
:104BE300F0A90B025B6A25E0FCE433FD22E50C121D
:104BF3004BF6222419124BFC22F582E4350DF58382
:104C030022E50C241B124BFC22124BF6E022125B12
:104C13003A124BFF22F582E43FF583124C22221213
:104C23005D01F5838882E022A3124C3022124C35B9
:104C33002822E0F8851882851983E022A3A3E0FAED
:104C4300851882851983125B33A3A3A322850C8263
:104C5300850D83A385820E85830F124C30FAA3E062
:104C630034008A82F583E022125B44A3A3A3A3A3A7
:104C730022124C8FF583888222F0850E82850F8362
:104C8300E004F022F0A3E9124C8FC82212634CF81F
:104C9300A3E02274F41203DE8A088B09EA124D3F63
:104CA300A3A3F0EA1313543F124D32A3F0EAC41343
:104CB30013124D3F124D497409780A120AF2124D2C
:104CC30029A3A3A3A3A3A3F0EB124D2B124D487466
:104CD3000A780A120AF2E50A5401C0E0EC125B3AC0
:104CE3003DF583D0E0124D4D740B780A120AF2128F
:104CF3004D29124D46740C780A120AF2124D29A35B
:104D0300124D46740D780A120AF2E50A5401C0E006
:104D1300EC2424F582E43DF583D0E0F0740E7808AA
:104D2300120AF2022FC3E50A54018C828D832212E8
:104D33004D38A3A322540F8C828D832254038C827B
:104D43008D8322A3A3A3A3A3A3A3F08A0A8B0B227D
:104D5300C082C08379008A828B83A3A3A3A3A3A366
:104D6300E09013BF600EE0701F8A828B83A3A3E0E1
:104D730070168012E060111259FA9013C8E06A703D
:104D830003A3E06B600279018003125A07D083D03A
:104D93008202085D74F21203DE8A0A8B0B890CEC23
:104DA300FEEDFF8A828B83E0FA124F1B850A828510
:104DB3000B83A3A3124F0FE0F9EA8E828F83A3A381
:104DC300A3A3A3A3A3A3A3124F34124F0FA3A3E040
:104DD300F9124EDFEA124F34A3A3E0C0E0EE241130
:104DE300F582E43FF583D0E0124F3BA3A3A3E0C0D9
:104DF300E0EE2412F582E43FF583D0E0125C1874F0
:104E030008123F5DA3A3A3E06017E50A2408F8E4B2
:104E1300350BF91243E5E8F0A3E9125C18E0240826
:104E2300F08E828F83A3A3A3A3A3A3A3A3E06018FD
:104E33008E828F83A3124EFEEE24151256328508FE
:104E430082850983E02408F08E828F83A3A3A3A322
:104E5300A3E060248E828F83A3858208858309E083
:104E6300F8E50A28F582E4350B124EF3A3A3F08587
:104E73000882850983E004F0EEFAEFFB121C87E950
:104E8300F50D70498E828F83A3A3A3A3A3A3124E10
:104E9300EDA37014E0F8E50A28FAE4350BFB124E93
:104EA300D5125B53E50C801A124EFEE8240EF8501F
:104EB3000109EE241D125632124F22F9E50CC39953
:104EC30024F2C398C0E0EE12578CD0E0F0A90D0293
:104ED3003D34EE241DF582E43FF58322EE124EE4C9
:104EE30022240BF582E43FF58322E08E828F832216
:104EF300F583E08E828F83A3A3A322858208858313
:104F030009E0F8E50A28F8E4350BF922E0FA850A06
:104F130082850B83A3A3A322125D74121C812290AA
:104F230013C0E0F9121B67E9F8850882850983E05D
:104F330022F0A3E9124F3B22F0850A82850B83A35B
:104F4300A3A3A322C082C0837A487B1479E21216FA
:104F5300F37A487B14024D90C082C0839013C80239
:104F63004D8DC082C0839013CB024D8DC082C08310
:104F7300794A1216F3024D9074F61203DE90145020
:104F8300E0FE04F0EEF9121C39EA4B70F0EE60ED2E
:104F9300F902510074F21203DEEAFEEBFF8C088D76
:104FA30009890A121D77740E120B58E0F9740F1257
:104FB3000B58E0F8EA4B7012E8701BA90AAC08AD75
:104FC30009EEFAEFFB121D958065E86017E970069C
:104FD3008A828B83E4F07401687054E990145370EF
:104FE30024E4801EE97048EA2402124508A80A282E
:104FF300F8E4340013E813F070358A828B83A3A39B
:105003007401F0802AE004F09015DDE0F890145369
:10501300E0C398401AE4F09013CBE06E7003A3E072
:105023006F700CEEFAEFFB7901121879125035020A
:105033003D347A017B00901422E0F91211AD227401
:10504300F41203DE8A088B098C0A8D0B9082927806
:105053000812096F70077A011241CE801E9015CA9B
:105063007808120AE3EA4B4C4D600D780812087574
:10507300122D721208AB8003125035022FD7C08253
:10508300C0839015CE023A7FC082C0839015D002B0
:105093003A7F74F61203DE7E007508B4750913783F
:1050A3000812087D7C6E7D007A217B0012116574E5
:1050B300021208ABE9640A70027E011217D7E96491
:1050C3000A7004EED2E1FE900436125B97600F1271
:1050D3005245120556E9640A7004EED2E3FE121932
:1050E300F3E9640A7004EED2E4FE121675E9640A69
:1050F3007004EED2E5FEEEF980031208AB7F0202E4
:10510300063B74F61203DE120FEB7508B475091330
:10511300780812087D75086E750900780812087DF5
:105123001251421208AB1217DD900438125B9760DC
:10513300061252451205561219F912168780BE7CC3
:10514300007D007A217B0012117174042274F6121F
:1051530003DE74FF1209437E007508B475091378E2
:105163000812087D7C6E7D007A217B001211657424
:10517300021208ABE9600302521C780812087D751D
:10518300086E8E09780812087D7C007D007A217BE9
:105193000012117774041208ABE9707D9013C8E014
:1051A30064FE7003A3E0F460707E019013D7E064A3
:1051B300086005E06404705C851882851983EE122B
:1051C300525C7ADF7B1379431216F97ADC7B13790D
:1051D300471216F97ACD7B13794A1252377AD57B67
:1051E3001379501216F97AC87B1379531216F97A88
:1051F300DD7B1379541216F97ACA7B1379E11216FF
:10520300F99013C2E0A2E35004D2F08002C2F0127C
:1052130052498005120FEB7E001217CB90043A120D
:105223005B976006125245120556121A05EEF97481
:10523300010250FD1216F97ACB7B13794B1216F942
:1052430022A3125B3422A2F0E433851882851983EA
:105253001252BB79521216F9221252BB794212161C
:10526300F92274F61203DEE9FEA2E0501C7508B4BD
:10527300750913780812087D75086E75090078089A
:1052830012087D1251421208ABEEA2E3500312172B
:10529300D1EEA2E2500E90043C125B9760061252CC
:1052A30045120556025100121BEB7A257B147945F2
:1052B3001216F9221252BB22F0AA18AB192274F764
:1052C3001203DE74ED120943E9FE901421F0AC18C9
:1052D300AD191252ED7412120B58EE1252FAAA18AB
:1052E300AB191252AA74130240EE90160CE0F97A2D
:1052F300257B14121BF122F090160CE0F97C257D1E
:1053030014222415F582E4221263183509F5832249
:10531300EFFB901422E0F912106322EE24161253CD
:105323002522F582E43FF5837401F0221263173FCF
:10533300F58312533922125D01F98882F5832274B1
:10534300F41203DE8A088B097A007B0412503912A7
:1053530053E49013D77409F012597C123443125A50
:1053630007125988640170677A0F7B001210578AFD
:105373000A8B0BAF0BEA4F60568A828B837402F061
:10538300E508125D623509125D80FC88828983A37A
:10539300A3E0FBEC8A828F83A3A3125B54888289E8
:1053A30083A3A3A3E08A828F831253D5FAA3E0FBDE
:1053B300794A1216F9850882850983A3A3A3A3A3B7
:1053C300A3E070069012507405F0AA0A1253130258
:1053D3002FD7A3F0E5082415F582E43509F583E01A
:1053E3002290135D125CFC9015D0E8F0A3E9F090D5
:1053F300135F125CFC9015CEE8F0A3E9F02274F47D
:105403001203DE74FD1209438A088B097401120B1F
:10541300587402125C3970030254DC12532F740463
:10542300F0A3E41254F9E06401700888828983A32D
:105433007420F0850882850983A3A3A3A3A3E06452
:1054430001700988828983A3E0D2E6F0850882850A
:105453000983A3A3A3A3A3A3E06401700A88828999
:1054630083A3E0D2E78006EA1243E674011254F400
:10547300E064017020850882850983A3A3125B97EA
:105483006004EA12531F850882850983A3A3125C73
:10549300F8EA125630850882850983A3A3A3A3A340
:1054A300A3A3E064017009EA240F125321A3E4F0DB
:1054B3008508828509831244116009EE240F12487E
:1054C300F94404F01255058508828509831254E1D5
:1054D3001254EB125D45F980027910024974E0F829
:1054E300A3E0F98E828F8322A3A3E8F0A3E9F0EE71
:1054F300221254F9A322F0850882850983A3A3A36A
:10550300A322EE12577A2274F51203DE74F3120902
:1055130043890AEAFEEBFF7508007509007C0D7DDF
:10552300007900AA18AB1912103F124ED512571F5B
:10553300741F58600C7AD37B001215017900025650
:105543001BE8A2E55008740C120B587401F0E8A292
:10555300E75008740B120B587401F0E8A2E6740AC2
:105563005008120B587401F08008120B58E06401C4
:1055730070138E828F83A3A3A3A3A3A3A3E0603698
:10558300EE241380128E828F83A3A3A3A3A3A3A3CA
:10559300A3E06022EE2415F582E43FF583125D3724
:1055A300E50845096010AC08AD097402120B58AA4E
:1055B30082AB831211D7124EDF1256201256387463
:1055C3000A120B58E064017046901601E0604764CC
:1055D3000170069015EAE0603DEE240B125CF29038
:1055E30013CBE0687003A3E069702B1244047026A8
:1055F300E50845096019121C938A088B09AC08ADAC
:10560300097402120B58AA82AB831259886007AA45
:1056130018AB19121873A90A740D02424C125624BE
:1056230022E0F8A3E0F9851882851983222418F56E
:1056330082E43FF583E8F0A3E9F02274F71203DE76
:1056430074CD120943EAFEEBFF8A82F583125716E3
:10565300125702A2E040030256FD8A828B83125343
:1056630035A3A3A3A3A3A3E054FE126009740D12F0
:105673000923EA241E124508125CD1125A07121C90
:105683008DE97076742A120B58125726706C7C0DB4
:105693007D007900AA18AB1912103F7416120B582B
:1056A300125620125638742A120B5812571FA2E5AD
:1056B3005008740B120B587401F0E8A2E7500874F9
:1056C3000A120B587401F0E8A2E650047420800219
:1056D3007422120B581257127402120B58AA82AB7F
:1056E300831211D78E828F83A3A3E0C0E0740C12C0
:1056F3000B58D0E01252B712186D74330240EE24E7
:1057030006F582E438F583E022A3A3A3A3A3A3129F
:1057130063972212571A22125D01C822125B31A32A
:10572300E0F822124C22640422E9F8790074046838
:10573300600A740A686005740368700279010208DC
:105743005D74F61203DE8A828B837424F0A3A37440
:1057530001F01217FB8A088B09AE08AF09EA4F6004
:10576300078A828B83125772EEFAEFFB02510074A1
:1057730001F0EA12577A2212578C7401F0121C932B
:10578300125795EAF0A3EBF0222417F582E43FF5D4
:105793008322EE241AF582E43FF58322C082C0837C
:1057A30090143E7401F0E9A2E350037403F0E9A2FC
:1057B300E15004E0D2E2F0024D9074F61203DE7978
:1057C300007C008A088B0978081205F5F8FF07F2B8
:1057D30057F057F057F057F057E857EC57F257E4A4
:1057E300577C01800A7C0480067C0280027C08903E
:1057F300143EE05C600479028005EC6002790102EA
:10580300510074F61203DE8A828B83E07014A3A323
:10581300A3125B97600C8A828B83125A04121A5369
:1058230080047A007B00025100C082C0837800E8C4
:1058330075F003A4FCA9F0E9FD1258BB6A7003A339
:10584300E06B7018902777E493C0E0743F2CF582E7
:10585300741439F583D0E0F079C5805908E8C3940E
:105863000340CC7800E875F003A4FCADF01258BBFC
:1058730064FE7003A3E0F4601E08E8C3940340E5EC
:105883007800E875F003A4FCADF0743F2CF5827446
:10589300143DF583E07015E8125DB5125B53902754
:1058A30077E49388828983F07900800908E8C394B8
:1058B3000340CF79C7024D9074402CF58274143D98
:1058C300F583E02274F41203DE74F3120943EAFE53
:1058D300EBFF8C088D09750A12EA4F7005790002F7
:1058E30059779013C8E06E7003A3E06F70141259D8
:1058F3007CAA08AB091259887005750A01800375E3
:105903000A00851882851983E4F004120B58EEF01F
:10591300A3EF1252B71217B3E960297403120B589D
:10592300AA82AB8312178FE964017018750A017498
:1059330003120B58AC82AD83AA08AB0912598860D5
:1059430003750A00AC08AD09EEFAEFFB121D7DE901
:10595300F8740A687005750A01801774A0687012DC
:10596300AC08AD09EEFAEFFB121D89EEFAEFFB125C
:105973001D9BA90A740D022FD4121C938A0A8B0B48
:10598300AC0AAD0B221211D1E92274F71203DEEA3D
:10599300FEEBFF8A82F583A3A3A3A3A3A3A3A3E0A0
:1059A3006019EA2415122FC7124EE0125A07121D6E
:1059B30023E964017005124EDF802D8E828F83A34D
:1059C300A3A3A3A3A3A3E060291243E5125A11FAE8
:1059D300A3E0FB121D23E9640170178E828F83A35A
:1059E300A3A3A3A3A3A3A3A3125A07121D1D790163
:1059F300800279000240F18A828B83A3A3A3A3A32D
:105A0300A3A3A3A3125A0B22E0FAA3E0FB22123DA5
:105A1300F5A3A3A3A3A3A3A3A3A3E02274F2120356
:105A2300DE74FD1209438A088B09ECFEEDFF890A37
:105A3300750B017401120B587404125D4D604474AC
:105A430011120B58E06015125C2FE4125D1A8A8262
:105A53008B83E0D2E7F0EA2414125A8B125A941281
:105A630053337403F0A3E50AF0EE88828983A3A37A
:105A7300F0EF88828983A3A312635512639D125D9D
:105A830048F50BA90B023D2FF582E43BF583E4F0C7
:105A9300221263173B2274F41203DEEAFEEBFF8942
:105AA30008EA124ED6125B2DA3E0FAEE2417124831
:105AB300F9640460097AD37B001215018063EA124A
:105AC300078D01000ED05A00CD5A750800124ED52D
:105AD300A3E0F9EE2409F50AE43FF50B88828983F4
:105AE300A3A3E0FC88828983A3A3125B5DF9850AE3
:105AF30082850B83125A0712188B850A82850B83C2
:105B0300124411601CEE24111248F9C3940240118F
:105B1300124EDF125CE97003A3E0696004A90880F8
:105B2300027900022FD78E828F83125B3122E0F835
:105B3300A3E0F5838882222418F582E422125B44D1
:105B430022F0850C82850D83A32285188285198313
:105B5300EAF0A3EBF02212631822A3E0F8E4C8F9F9
:105B6300EC28E439FDEA2274031208AB7F0802062D
:105B73003B7402025B6CEE240DF582E43FF5832255
:105B8300E0F508A3E0F509750A00780822EE123E55
:105B9300993FF583125CFCE84922E8F0A3E912631C
:105BA3005AA3A322124C8FF922126318124BFF221D
:105BB30074F01203DE74FD1209438A088B098C0EFC
:105BC3008D0F890A750B017401120B587403125C53
:105BD30021602E12532F740BF0A3E50AF0741312F5
:105BE3000B58125C11A312577412531E125C09E571
:105BF3000EF0A3E50F125C18A3124633125C50F5A6
:105C03000BA90B025B6AEE125B3A3FF58322E08835
:105C1300828983A322125C1C22124246A322125CB5
:105C2300478A0C8B0DAE0CAF0DEA4F22EA2417F511
:105C330082E43BF58322125C478A0A8B0BAE0AAFE0
:105C43000BEA4F22F0AA18AB19121D0522F0EE241D
:105C530013125325EEFAEFFB1217F5E92274F6122D
:105C630003DE125D613B125CA9F98882F583A3E030
:105C7300FA88828983E0702BEAA2E05026901341D0
:105C8300F0750841750913780812087D75080175C8
:105C93000900780812087D7C007D007A5112514872
:105CA3001208AB025100F583E02401F8A3E03400AD
:105CB30022125A0B121915740422EA241EF582E4E7
:105CC3003BF583E0125CD1125A0B121C7B22F9EADA
:105CD300241FF582E43BF583228A828B83A3A3A34B
:105CE300A3A3A3A3A3A3125CFC9013C8E06822F5AB
:105CF30082E43FF583125CFC22125D01F922E0F895
:105D0300A3E022902780E493F8E50AC398223BF5A9
:105D130083E0FEA3E0FF22124106EEF0A3EFF022A0
:105D2300F582E4350BF583E022125CFCC3228E82FC
:105D33008F83A3A3E0F508A3E0F50922F088828905
:105D43008322FAEFFB1217F5E922125C47EA4B2292
:105D5300125C1CA3E022EE2402FAE43FFB22EA24B5
:105D63001DF582E422EE2411F582E43FF583E4F08D
:105D730022A3E0F8E4C8F9EA28E439FB22F5831208
:105D83005339A3E02274F71203DE7E008005EE127E
:105D93005DCA0E125E1E40F67E00EE125DB574FE05
:105DA300F0A304125D3FE4F00EEEC3940340EB0254
:105DB30040F175F003A4F8A9F0743F28F87414397E
:105DC300F98882F583A32275F017A4F8A9F0125E6F
:105DD30015121D6B2274F71203DE7E0080010E1272
:105DE3005E1E5027EE12613DE06A7003A3E06B7004
:105DF300ED125E286C7003A3E06D600A74FF6C7093
:105E03000374FF6D70D8125E1580047A007B000264
:105E130040F1747F28FA740739FB22902780E493BA
:105E2300F8EEC39822125E2C22125E31E0227489AE
:105E330028F582740739F5832274F61203DE7CFF9A
:105E43007DFF7AFE7BFF121D4DEA4B704075080003
:105E53008036E50875F017A4F8A9F0748E28F5824A
:105E6300740712338E600C748D28F5827407123315
:105E73008E7013747F28FE740739FF8E82F58312A8
:105E83006002EEFAEFFB0508125E9340C502510073
:105E9300902780E493F8E508C39822C082C0837AF0
:105EA300007B007C00801012626C7003A3E0F4603E
:105EB300050AEA70010B0C125EC240EB024D909092
:105EC3002780E493F8ECC3982274F41203DE8A0863
:105ED3008B09ECFEEDFF800B121D6BEEFCEFFDAAB0
:105EE30008AB09121D4DEA4B70EE022FD774F7125F
:105EF30003DE7D007C0080020D0C125EC2501C127A
:105F0300626C7003A3E0F460F0EDF8EA684B70E8AC
:105F1300EC75F017A4F8125E1580047A007B00027A
:105F230040F174F71203DEEAFEEBFFEA4F600E1254
:105F33005F4374FEF0A304125F51F0A3F00240F13B
:105F43007C177D00790012103F8E828F8322123DD1
:105F530028A32274F71203DEEAFEEBFF7508008024
:105F630018E50875F017A4F8A9F0125F847003A36D
:105F7300E06F6003125DD10508125E9340E30240B7
:105F8300F1125E2C6E2274F61203DE121D4D8B0984
:105F9300A909EA496009EA240DFAE439FB80047A85
:105FA300007B0002510074F41203DEEAFEEBFF8C67
:105FB3000A8D0B750800750900802BE50975F0172C
:105FC300A4F8A9F0126253601BE509126260700322
:105FD300A3E06F700375080AAC0AAD0B126153603E
:105FE300034308A00509902780E493F8E509C398C3
:105FF3005004E50860C5022FC3240CF582E4221285
:106003005A0B12191B22123D1FFAA3E0FB2274F054
:106013001203DE8A0E8B0F8C0A8D0B750C00780031
:1060230079017EFE7FFF7410120B58125D378011C9
:10603300121051E50CF5F0EA84E5F0F8750C0079DF
:10604300007C0080071260FD125D110C902780E434
:1060530093FAECC39A5077EC75F017A4FAADF0ED10
:10606300FB1260FD12450B64FE7003A3E0F460DBDA
:106073001260FD12450B650E7004A3E0650F60CB43
:106083001260FD12450B650A7004A3E0650B60BB4B
:106093001260FD12450B65087004A3E0650960AB4F
:1060A300748D2AF582740712450B609FC3940850C0
:1060B3009AE06407608FE9050C7090E50CC3984083
:1060C3008AEDF91260FD39F5831262858022E50CB1
:1060D3006011E8700E7401650C600302603378018F
:1060E30002603F74FE6E700374FF6F6006EEFAEF9A
:1060F300FB80047AFE7BFF025B6F747F2AF5827458
:10610300072274F51203DEEAFEEBFF8C088D097596
:106113000A008002050A125D06501CAC08AD09E5B1
:106123000A75F017A4F8A9F012615360E7E50A12A3
:10613300613DEEF0A3EFF002424F75F017A4F8A90A
:10614300F012614822747F28F582740739F583229F
:10615300748128FA740739FB1211D1E922E9F8791D
:1061630007C3940D400479018019E8C394074004E0
:106173007903800FE8C39403400479058005E87030
:1061830002790002085D74F01203DE8A0E8B0F8C15
:106193000A8D0B89081261E36043125F43E50EF039
:1061A300A3E50F125F5112463CE50860071243F363
:1061B300E50880051243F37401F090141CE06401B8
:1061C30070061261F1E480051261F1740712620135
:1061D3005001097A027B0012028E1261FB025B6F8F
:1061E300121D538A0C8B0DAE0CAF0DEA4F22EE2419
:1061F3000EF582E43FF58322125B79E8F022F01278
:1062030062062290277DE49379002401F82274F733
:106213001203DEEAFEEBFF750800802CE50812622C
:10622300607003A3E06F601474FF6E700374FF6FFC
:1062330070141262747003A3E0F4600A1262537064
:1062430005E508125DCA0508125E9340CF0240F1CE
:10625300748128FA740739FB12178FE92275F01736
:10626300A4F8A9F012627A6E22EC75F017A4F8A9CB
:10627300F012627A64FE22126148E0228518828558
:106283001983E0FAA3E022E02401F0A3E03400F054
:1062930022C082C08374F8120943908229AC18ADDE
:1062A3001974081207D9AC18AD1912598864017012
:1062B30004790080027901740802450274F612031E
:1062C300DEEAFEEBFF740C120B58125A07743A6A9B
:1062D3007001EB6006743B6A4B701F740A120B5813
:1062E3001207088C088D09780812087DEEFCEFFD73
:1062F30012117774041208AB8002790A0251002448
:106303001EF582E438F58322E0F8A3E0C8241FF5E4
:1063130082E43822EA240BF582E42212571A12632C
:1063230025222408F582E438F583221263377401A9
:10633300F0A3E422125D01C812633F22240DF5820B
:10634300E438F5832212634C22F085188285198381
:10635300E022A312635A22F08A828B83222402F85A
:10636300E43FF98882F583E022125624E8F0A3E99A
:1063730022123D1FF8A3E0F922E50C2412F582E472
:10638300124BFF229013D5126397AA18AB19121759
:106393002322F583E0FCA3E0FD22A3A3124633F0FE
:1063A3002274F01203DE74FE120943125B4D8C0A51
:1063B3008D0B750800851882851983E06C7003A323
:1063C300E06D6017851882851983E0FA12116B8AD4
:1063D3000C8B0DAE0CAF0DEA4F700675080102640D
:1063E30073AA0AAB0B12116B8A0C8B0DAC0CAD0D9F
:1063F300EA4D6007AA0AAB0B12117DE4F50CF50D0B
:10640300780C12087DEEFCEFFDAA0AAB0B121165A6
:1064130074021208ABE96058EEFAEFFB126478607D
:106423004C780E12087D8E0C8F0D780C12087D7C33
:10643300007D007404120B58125A0712117774046A
:106443001208ABE9701B780E12087D780C12087DD8
:106453007C007D00AA0AAB0B12514A1208ABE9601B
:1064630003750801AA0EAB0F1210F3800375081011
:10647300A908025B741210ED8A0E8B0FEA4B22748B
:10648300F71203DE74F312094385188285198374A6
:1064930002F014120B58126960120B58AA82AB83D4
:1064A3001217897416120B581264CB1217C5E964BC
:1064B30001700A740B120B581265B58008740B1225
:1064C3000B581264D6026C9512661CFEE9FFAA18DB
:1064D300AB1922126C7E8E828F83E8F0A3E9F079E8
:1064E300C82274F71203DE74F3120943ECFEEDFFC6
:1064F3008518828519837402F0EAFCEBFD7403129C
:106503000B58AA82AB83121789AA18AB191217B9B1
:10651300E96401700A740B120B581265B580087494
:106523000B120B581264D6026C9574F71203DE74C7
:10653300F1120943AC18AD19121603E9FE70227467
:1065430002120B587402F0126C74740D120B581271
:1065530069B9740212091B1217A7E9640160027E6C
:1065630001EEF9740F026C9774F71203DEE9FE90E3
:1065730012F0126C8A70327A0F7B001210ED9012B7
:10658300F0EAF0A3EB126613602578007900126637
:10659300BA74FEF0A30412697EA3A3E4F0A3F00887
:1065A300E870010912660940E5EE700312168102D4
:1065B3006C9AE0F8A3E0F98E828F83E8F0A3E9F008
:1065C30079002274F71203DE8C828D8312661060C9
:1065D300307800790012671FFEA3E03FFF8E828FA1
:1065E30083E06A7003A3E06B700DEEF8EFF98C8221
:1065F3008D831265BE800C08E8700109126609409C
:10660300D479C8026C9AC39403E9940022E4F0A3FA
:10661300F09012F012661C4922E0F8A3E0F9E82298
:1066230074F71203DE74FE120943ECFEEDFF8E8253
:106633008F83E4F0A3F07508C8AC18AD19121603E4
:10664300E97013EEFCEFFD851882851983126978D2
:10665300121615E9F508A90802695B74F71203DE3F
:1066630074FE120943ECFEEDFFAC18AD19121603CC
:10667300E9703F9012F0126C8A603778007900124B
:1066830066BA126920851882851983E06C7003A3AA
:10669300E06D70148E828F83126C8F740B120B5803
:1066A300126ED61265BE800C08E8700109126609E5
:1066B30040CD79C802695B1266C28A828B8322E865
:1066C300FAE9FBEA75F005A4FAACF075F005EBA462
:1066D3002CFB9012F0E02AFAA3E03BFB2274F712A2
:1066E30003DE9012F0126C8A602D78007900126735
:1066F3001FF508A3E03F850882F583E06A7003A3D2
:10670300E06B70098C828D831265BE800C08E87083
:10671300010912660940D779C8026C9AE8FEE9FFBD
:10672300EE75F005A4FE85F00875F005EFA42508C5
:10673300FF9012F0E02E2274F01203DE74FC1209B3
:1067430043EAFEEBFF74021209238E828F831269E0
:1067530078121627E9F50A7A187B001210ED8A0CD5
:106763008B0DEA450D60417C187D00790012103FC6
:1067730012692C780C12087D750E18750F00780EAF
:1067830012087D7C007D0085088289831269781256
:10679300117174041208AB850882850983E4F0A3A0
:1067A300F0AA0CAB0D1210F38E828F8374FEF0A34C
:1067B30004126926A3A3A3A3E4F0E50A6003026815
:1067C300A47402120B58126978EAFEEBFFEE75F01F
:1067D30005A4FEA8F075F005EFA428FF9012F012AF
:1067E3006C8A603E9012F0E02EF508A3E03FF509B5
:1067F300780812087D750805750900780812087D68
:10680300EA75F005A4FAA8F075F005EBA428FBEAF5
:106813002402FCE43BFD7A4C7B00121171740412D8
:1068230008ABA818A91988088909780812087D7582
:106833000802750900780812087D7C007D007A4CF7
:106843007B0012117774041208ABE970541272942E
:10685300E064FE7003A3E0F4851882851983701544
:10686300126C8A6014851882851983E024FFF0A3D3
:10687300E034FF80031270C0F0A818A919880889B2
:1068830009780812087D750802750900780812084E
:106893007D7C007D007A4C7B001211717404120818
:1068A300AB74041208AB7F0802063B74F71203DED5
:1068B3008A828B83126610605F7C007D00ECF8EDAA
:1068C300F9E875F005A4F8AEF075F005E9A42EF922
:1068D3009012F0E028FEA3E039FF8E828F83E064FC
:1068E300FE7003A3E0F47023EEFCEFFD8A828B833A
:1068F300ECF0A3EDF09012F0E028FAA3E0398A82DD
:10690300F583A3A3A3A3E4F0F9800F0CEC70010DAE
:10691300C39403ED940040A579C8026C9AE0FCA3EC
:10692300E0FD22F08E828F8322EE2402F8E43FF909
:10693300880889092274F71203DE74FE120943AC36
:1069430018AD1912161BE9FE700C85188285198380
:1069530012697812162DEEF97402026C97126C8F7D
:1069630074032212696A22E0F8A3E0F58388822285
:1069730012696AA3A3E0FAA3E0FB22F08A828B8365
:1069830022D083D08202085DC082C083901250E07F
:106993006405700C7A807B0090124DE0F912109917
:1069A30080DF74F71203DE12160F121B13121AE3A1
:1069B300026C9A126EDAE8F0A3E9F02274F612037D
:1069C300DE74F1120943EAFEEBFF7402120B58E482
:1069D300F0EEFCEFFD7405120B58AA82AB83121183
:1069E300D7121AE9E9702A740212091B1217B9E9BE
:1069F3006401601DA818A919880889097808120874
:106A03007DEEFCEFFD7A007B001215FD7402120887
:106A1300AB740F026CB674F21203DE74D81209431E
:106A2300EAFEEBFFEE2416F50AE43FF50BAA0AFB98
:106A33001216C3901601E064016005E06402702041
:106A4300780A12087D750808750900780812087D10
:106A53007C087D007A117B0112117174041208AB5A
:106A6300AA0AAB0B12164B8E828F83A3A3A3A3E0B8
:106A7300F8EE2406F508E43FF5097401686005742F
:106A8300066870727800E8FAEE2AF582E43FF5832F
:106A9300A3A3A3A3A3A3E0700708E8C3941040E64D
:106AA30074106870319013F1E07045741812092363
:106AB3007A627B001216A57900741812091B121B47
:106AC300317900121B377C107D007900741812098C
:106AD3001B12103F801A126C63F9AA08AB09121B30
:106AE300319013F1E070098E828F83E0F9121B3726
:106AF30012214F026C597404686003026BD774054A
:106B0300120913880C890D780C12087D740212097E
:106B130023AA0AAB0B121AD174021208AB8A0A8B8E
:106B23000BAE0AAF0B851882851983E07003026CE4
:106B3300597415120B58E0700C7417120B58AA8273
:106B4300AB83121ACB7415120B587401F07416121E
:106B53000B58E4F07409120B58127989120B58126E
:106B6300750F7417120B58E4F07405120913880A91
:106B7300890B780A12087D750A13750B00780A12BF
:106B8300087D7C007D00EEFAEFFB12117174041294
:106B930008AB780812087D7C107D007A027B011215
:106BA300116574021208ABE97020780812087D752C
:106BB3000810750900780812087D7C007D007A02B0
:106BC3007B0112117174041208AB7A03790112204C
:106BD30089026C59740368707D7403120923AA0A2D
:106BE300AB0B121603E9602B7403120913880C898B
:106BF3000D780C12087DAC0AAD0B7AFE7BFF1215E3
:106C0300FD74021208AB7D007C007900AA0AAB0B6D
:106C130012159D74011209237403120B581269781B
:106C23001216157401120B58126C8A701B74011220
:106C3300091B121633E970107403120B58126C7A85
:106C43007401120B581269B6AC08AD09AA0AAB0B52
:106C530012166312167B74281208AB7F0602063BDA
:106C6300EE2405F8E43FF9E8FEE9FF8E828F83E026
:106C730022851882851983126C7E22E0F8A3E0F93D
:106C83002285188285198312661C4922EAF0A3EB38
:106C9300F022740D1208AB7F0102063BC082C08351
:106CA3008A828B83A3A3A3A3E0F9121B371214DDFB
:106CB3000269841208AB7F0202063B74EE1203DE04
:106CC30074F01209438A108B11890AECFEEDFFEE72
:106CD3004F7003026DA4EA45117003026DA4A81856
:106CE300A91988088909780812087D75081075099B
:106CF30000780812087D7C007D007A017B01121167
:106D03007774041208ABE50AF508851882851983A0
:106D1300E5822508F50CE43583F50D750E00780C36
:106D23001208797410C39508FC95E0FDEEFAEFFBA9
:106D330012103374031208ABA818A919880C890D13
:106D4300780C120879AC0A7D00C3E49508F895E045
:106D5300F9EE28F8EF39F9E82410FAE439FB1210B8
:106D63003374031208AB7C00ECFAE5102AF8E4351F
:106D730011F9EE2AFAE43FFB88828983E0FD8A82D7
:106D83008B83E06DF088828983E0F88A828B83A30A
:106D9300A3A3A3A3A3A3A3E068F00CECC3940840AC
:106DA300C7741002795174F11203DE74FC120943A3
:106DB300ECFEEDFF740212091388088909780812A2
:106DC300087D740212092312162174021208ABE91A
:106DD300F5086003026ECA7402120B58E02401F82E
:106DE300A3E03402F9851882851983126ED6A3A312
:106DF3001269B97A187B001210ED8A0A8B0BEA45E7
:106E03000B7003026ECA780A12087D750C18750D93
:106E130000780C12087D7C007D007404120B58125C
:106E2300697312117774041208AB8E0C8F0D750EF3
:106E330000780C1208797C107D00AA0AAB0B1210A3
:106E43003374031208ABE50A2414127508E50A2407
:106E530010127508780A12087D750C18750D0078E4
:106E63000C12087D7C007D007404120B58126973A8
:106E730012117174041208AB7C187D007900AA0A00
:106E8300AB0B12103FAA0AAB0B1210F385188285C5
:106E93001983126966A3A3126C7AE875F009A4F842
:106EA300AAF075F009E9A42AF974F228F8741239E2
:106EB300F9E824F7F582E934ED12750DE824FBF5C2
:106EC30082E934ED12750DA90874041208AB7F072B
:106ED30002063B126EDA22E0FAA3E0F5838A8222ED
:106EE30074F61203DE74F4120943EAFEEBFF740432
:106EF3001209237A007B0079AB121A3B121C938A86
:106F0300088B09AC08AD09740412091B1211D1E9ED
:106F1300603B7404120923EEFAEFFB12179BE9603E
:106F230015AC18AD19740412091B12161BE9700D68
:106F3300126F54E070177900740C026CB67402126D
:106F43000923740412091B121603E970E9790180FD
:106F5300E785188285198312696AA3A3A3A3227400
:106F6300F71203DE74FE120943ECFEEDFFAC18AD1D
:106F73001912161BE9F97013851882851983126992
:106F8300738E828F83EAF0A3EB80078E828F83E474
:106F9300F0A3F002695B74F61203DE74FE12094378
:106FA300E4F508F509780812087D7C117D007A4C18
:106FB3007B0012116574021208ABE9FE74096E704E
:106FC3002112738E12087D75080275090078081264
:106FD300087D7C007D007A4C7B00121171740412D1
:106FE30008AB75082D750913780812087D7C087D98
:106FF300007A717B0012116574021208ABE94EF935
:107003007402026CB674F41203DE74FE1209438533
:10701300188285198312661060717E007F008E08C6
:107023008F09E50875F005A4F508A8F075F005E5E6
:1070330009A428F5099012F0E02508F50AA3E03524
:1070430009F50B780A12087D750A05750B00780A95
:1070530012087D12736B12117174041208AB901233
:10706300F0E02508F8A3E035098882F583E064FEA3
:107073007003A3E0F4600A8518828519831270C037
:10708300F00EEE70010F1273644093A818A91988CB
:10709300088909780812087D7508027509007808BF
:1070A30012087D7C007D007A4C7B00121171740400
:1070B3001208AB74021208AB7F0402063BE0240102
:1070C300F0A3E034002274EE1203DE74FE120943CF
:1070D300A818A91988088909780812087D75080273
:1070E300750900780812087D7C007D007A4C7B00CE
:1070F30012117774041208ABE96003027269126C0F
:10710300847003027269851882851983C3E094042D
:10711300A3E0940040030272697A187B001210ED19
:107123008A108B11750800EA2410F50AE43511F56D
:107133000BE50875F005A4FEAFF09012F0E02EF514
:107143000CA3E03FF50D780C12087D750C05750D49
:1071530000780C12087DE50875F005A4F8EF1273AA
:107163008112117774041208ABE960030272509024
:1071730012F0E02EF8A3E03FF9E8FAE9FB8A828BEC
:1071830083E064FE7003A3E0F47003027250E51021
:1071930045117003027250781012087D750C18782F
:1071A3000C12087D7C007D008A828B831269761223
:1071B300117774041208AB9082D2780C120B0185FC
:1071C3000A82850B83780C120A10127294A3A3E02F
:1071D300FEA3E0FFEEF8EFF9E875F009A4F8AAF0D2
:1071E30075F009E9A42AF974F228FC741239FD85B3
:1071F3000A82850B83120B29EC24F7F582ED34ED1B
:10720300F583120B1DE5102414F582E43511F58383
:10721300120B29EC24FBF582ED34EDF583120B1DE3
:10722300781012087D750C18750D00780C12087D06
:107233007C007D00EEFAEFFB12117174041208ABAF
:107243007C187D007900AA10AB1112103F0508E5E8
:1072530008C394035003027134E51045116007AA73
:1072630010AB111210F375082D7509137808120865
:107273007D750808750900780812087D7C007D007B
:107283007A717B0012117774041208AB74020279CD
:10729300519012F0E02EF8A3E03F8882F583227428
:1072A300F41203DE74F912094312738E12087D750A
:1072B3000802750900780812087D7C007D007A4C6D
:1072C3007B0012117174041208AB7C057D007900F8
:1072D300740212091B12103F7E007F007402120910
:1072E3001388088909780812087D7508057509004F
:1072F300780812087D12736B12117174041208ABB3
:107303000EEE70010F12736440D27A187B001210D4
:10731300ED8A088B09EA450960427C187D007900F3
:1073230012103F7E007F00780812087D750A1875D9
:107333000B00780A12087D7C007D00EE2401FAEF31
:107343003402FB12117174041208AB0EEE70010FBC
:1073530012736440D2AA08AB091210F374070270C7
:10736300B8C39403EF940022EEF8EFF9E875F00543
:10737300A4F8AAF075F005E9A42A12738122F9E8AA
:107383002402FCE439FD7A4C7B002285188285199E
:1073930083E4F0A3F0A818A91988088909780822BA
:1073A30074EC1203DE74ED12094389107C137D0023
:1073B3007900AA18AB1912103F7410120B5874FFFE
:1073C300F07E007F00EE2411F508EF3401F509A8E3
:1073D30018A919880A890B780A12087D7C137D0085
:1073E300AA08AB0912116574021208ABE960030223
:1073F30074E6EEF8EFF9E875F009A4F8AAF075F071
:1074030009E9127E9B2404F512E4350BF513E5100C
:10741300A818A919880C890D780C603612087D7597
:107423000C13750D00780C12087D7C007D00AA08F2
:10743300AB0912117174041208AB850A82850B83A0
:1074430012750F851282851383F0A3F0A3F0A302B4
:1074530074E512087D750C13750D00780C12087D08
:107463007C007D00AA08AB0912117774041208ABE3
:107473009082D6780C120B01851882851983780CBB
:10748300120A10A818A919880C890D780C12087D06
:10749300750C13750D00780C12087D7C007D00AA15
:1074A30008AB0912117174041208AB85188285198F
:1074B30083120B29850A82850B83120B1D74041218
:1074C3000B58120B29851282851383120B1D7C1313
:1074D3007D007900AA18AB1912103F7410120B58D3
:1074E30074FFF00EEE70010F12736450030273C841
:1074F300E51060077A007B00121ACB74131208ABF5
:107503007F0C02063BF582E4350BF583E4127981A7
:107513002274EE1203DE74E41209438A0C8B0DEC21
:10752300FEEDFF7508A1851882851983E4F0EE242A
:1075330006F50AE43FF50BAA0AFB12178FE9700B55
:10754300AC0AAD0BAA0CAB0D121A4774091209133E
:10755300880C890D780C12087D7402120923AA0A7B
:10756300AB0B121AD174021208AB8A0A8B0BA80A4E
:10757300A90B901601E064016005E06402703F8589
:107583001882851983E070367C087D0079007401C8
:1075930012091B12103F7409120913880A890B7808
:1075A3000A12087D7402120923740312091B121AAA
:1075B300D174021208AB8A0A8B0BA80AA90BEE241A
:1075C3000FF50AE43FF50B851882851983E07003F4
:1075D3000276F1750800EE2420FAE43FFB741912D9
:1075E3000B58E0604714600E14606E2405606A2433
:1075F300FE601602770D901601E0640170030276B7
:10760300B4E06402700B0276B4901601E06401608A
:1076130005E0640270078A828B837401F0850A8215
:10762300850B837403F0A374010276BF741B120BE2
:1076330058127972850A82850B831269B9901328CF
:10764300E08A828B83F0901328E0C0E0EE2421F5DA
:1076530082E43FF583D0E08063E875F009A4F8AADB
:10766300F075F009E9A42AF9747828F5107409393A
:10767300F511127959780C120B018510828511834B
:10768300780C1208385062908292780C120A5C854A
:107693001082851183E50CF0A3E50DF0A3E50EF050
:1076A300A3E50FF0901601E064016005E064027049
:1076B3000E850A82850B837402F0A314F0804B7449
:1076C30011120B58A982AA83890C8A0D750E0078B2
:1076D3000C1208797C087D00EE2418FAE43FFB12B3
:1076E300103374031208AB80217508A2801C901616
:1076F30001E070161220C5E97010850A82850B839C
:107703007403F0A37401F0750800A908741C0279CE
:107713005174EE1203DE74DF120943ECFEEDFF75C4
:1077230008A17414120B58E4F07415120B58126C60
:107733008FEE2406F50CE43FF50DAA0CFB12178F10
:10774300E9700302793874011209138808890978EA
:107753000812087D7402120923AA0CAB0D121AD168
:1077630074021208AB8A0A8B0BEE240FF508E43F70
:10777300F50974FF650A700474FF650B70030279E1
:1077830026127963AAF075F009E9A42AF9740D2881
:10779300F510741339F511851882851983E0700388
:1077A30002782A7411120B58E0602114600E1460E1
:1077B300302405601424FE60100278B6901601E0B0
:1077C3006401602AE0640260250278A97413120B35
:1077D30058127972850882850983E8F0A3E9027853
:1077E300B5901601E064016005E06402700E85083F
:1077F300828509837402F0A3140278B57409120B0D
:1078030058A982AA8389088A09750A007808120888
:10781300797C087D00EE2418FAE43FFB12103374E0
:10782300031208AB0278B6750E00780C1208797C47
:10783300087D00740C120B58AA82AB8312103374A8
:10784300031208AB7411120B5874FFF07412120B6D
:10785300587401F0121051EA540FC0E07413120B64
:1078630058D0E0F07401120B58127989120B581298
:10787300797B120913880C890D780C12087D750C1D
:1078830013750D00780C12087D7C007D00AA0AABED
:107893000B12117174041208AB7C097D007900AAE4
:1078A30010AB1112103F8508828509837403F0A37E
:1078B3007401F0EE240EF582E43FF583E4F08510C5
:1078C30082851183120B29127959120B1D90829212
:1078D3007808120B018510828511837808120A102B
:1078E3008510828511837808120B019082CA780C67
:1078F300120B017808790C12036FE50C450D450E48
:10790300450F702C851082851183A3A3A3A3A3A382
:10791300A3A37401F07A007B0490124DE0F91210D6
:1079230099800D8508828509837403F0A37401F09F
:107933007508008015741412091B1217B3E964014A
:107943007008741412091B1217A7A90874211208CE
:10795300AB7F0A02063BEE2412F582E43FF5832255
:10796300EA24EFF8EB34FEF9E875F009A4F822E015
:107973002404F8E43401F9221279800422E4F0A308
:10798300F0A3F0A3F02212798074052274F4120399
:10799300DE74CE1209438908C2007C0C7D00790095
:1079A300AA18AB1912103F1216DBE9F8A2E750022E
:1079B300D200750900804DEE2475FE50010FA81802
:1079C300A919880A890B780A12087D7C0C7D00EEC0
:1079D300FAEFFB12116574021208ABE97024A200DE
:1079E3005020780A12087D750A0C750B00780A126C
:1079F300087D7C007D00EEFAEFFB12117174041216
:107A030008AB0509AE097F00902784E493F8EEC321
:107A13009840A47C087D0079FF7404120B58AA8255
:107A2300AB8312103FEE2474FE50010FA818A9195E
:107A3300880A890B780A12087D7C0C7D00EEFAEF28
:107A4300FB12116574021208ABE97024A2005020E6
:107A5300780A12087D750A0C750B00780A12087DE6
:107A63007C007D00EEFAEFFB12117174041208AB77
:107A73007C157D007900741D12091B12103F741DC3
:107A8300120913880A890B780A12087D7C157D0078
:107A93007A827B0012116574021208ABE9702674B6
:107AA3000165087020780A12087D750A15750B00A8
:107AB300780A12087D7C007D007A827B00121171A6
:107AC30074041208AB7C117D007900740C12091B3D
:107AD30012103F740C120913880A890B780A1208D2
:107AE3007D7C117D007A3A7B0012116574021208C5
:107AF300ABE97026740165087020780A12087D7559
:107B03000A11750B00780A12087D7C007D007A3A11
:107B13007B0012117174041208AB740C12091388E0
:107B23000A890B780A12087D7C117D007A3B7B0061
:107B330012116574021208ABE970267401650870AE
:107B430020780A12087D750A11750B00780A12084D
:107B53007D7C007D007A3B7B001211717404120856
:107B6300AB74320270B874F11203DE8C088D0974A1
:107B73003A6A7001EB6006743B6A4B701578081221
:107B8300087D750810750900780812087D7C0102CC
:107B93007C1974036A700374016B7008750CFB75B0
:107BA3000D26801974686A4B702F901601E06401EA
:107BB3006005E06402706B750C0B750D27750E8004
:107BC300780C1208797C107D00AA08AB09121033D7
:107BD30074031208AB7900804B74026A700374015A
:107BE3006B602174626A4B601BEA24FCF8EB34FE81
:107BF300F9E849600FEA24FFF8EB34FDF9C3E81212
:107C0300660A501E780812087D75081075090078F9
:107C13000812087D7C007D0012117774041208ABF2
:107C23008002790A026ED174F41203DE74E8120939
:107C33004389097C187D007900AA18AB1912103FFB
:107C4300750800E5082401FEE43402FFA818A91909
:107C5300880A890B780A12087D7C187D00EEFAEFFA
:107C6300FB12116574021208ABE9702674016509F1
:107C73007020780A12087D750A18750B00780A12AD
:107C8300087D7C007D00EEFAEFFB12117174041283
:107C930008AB0508EEC3940340A974180270B874C6
:107CA300F71203DEE9FE12169FEEF91216ABEEF998
:107CB30012168D026C9A74EE1203DE7A187B001290
:107CC30010ED8A0E8B0FEA450F7003027DB0750825
:107CD30000750900E50875F009A4F8AAF075F00924
:107CE300E509A42AF974F228F50A741239F50BE5AB
:107CF3000A127E896003027D83E5082401FEE509FB
:107D03003402FF780E12087D751018751100781073
:107D130012087D7C007D00EEFAEFFB1211777404EC
:107D23001208ABE9705A850A82850B83120B29E589
:107D33000E2410F582E4350FF583120B1D850A829C
:107D4300850B83A3A3A3A3120B29E50E2414F582A9
:107D5300E4350FF583120B1D780E12087D750A1892
:107D6300750B00780A12087D7C007D00EEFAEFFBAC
:107D730012117174041208AB850C82850D83E4F033
:107D83000508E50870020509C39403E5099400A2F8
:107D9300D265D0335003027CD77C187D007900AACA
:107DA3000EAB0F12103FAA0EAB0F1210F302795451
:107DB30074EE1203DE7A137B001210ED8A0E8B0F22
:107DC300EA450F7003027E86750800750900E50811
:107DD30075F009A4F8AAF075F009E509127E9B1263
:107DE3007E896003027E6BE5082411FEE5093401F8
:107DF300FF780E12087D75101375110078101208A4
:107E03007D7C007D00EEFAEFFB12117774041208FB
:107E1300ABE97054850A82850B83120B29850E8288
:107E2300850F83120B1D850A82850B83A3A3A3A34E
:107E3300120B29850E82850F83A3A3A3A3120B1D07
:107E4300780E12087D750A13750B00780A12087DE7
:107E53007C007D00EEFAEFFB12117174041208AB83
:107E6300850C82850D83E4F00508E5087002050999
:107E7300C39403E50994005003027DD1AA0EAB0F0E
:107E83001210F30279542408F50CE4350BF50D8533
:107E93000C82F583E0640122A42AF9740D28F50A03
:107EA300741339F50BE50A2274F61203DE74F81223
:107EB3000943908201AC18AD1974081207D9EA4B33
:107EC3006006EAFEEBFF800CA818A9198808890947
:107ED300AE08AF09EEFCEFFD7A007B0079AB121A16
:107EE30041EEFCEFFD7A2D7B131211D775082D752A
:107EF3000913780812087D750808750900780812B7
:107F0300087D7C007D007A717B001211717404126C
:107F130008AB7408026CB674F61203DE74DA120945
:107F2300437C157D007900741112091B12103F74F4
:107F33001112091388088909780812087D75081534
:107F4300750900780812087D7C007D007A827B0029
:107F530012117174041208AB7C117D007900AA1808
:107F6300AB1912103FA818A91988088909780812B3
:107F7300087D750811750900780812087D7C007D5D
:107F8300007A3A7B0012117174041208ABA818A985
:107F93001988088909780812087D75081175090080
:107FA300780812087D7C007D007A3B7B00121171FA
:107FB30074041208AB7426026CB674F41203DE8ADE
:107FC300088B098C0A8D0B9082867808120838502A
:107FD3000C750896750951750A18750B0090828205
:107FE3007808120A5C90155C7808120AE37F040291
:0B7FF300063B02085D02085D02085D0D
:1080000007000A000C000D000E000F001000110008
:1080100012001300140019001B00000101010002EE
:10802000010202040004010403040404050406041C
:1080300000050206030604060506060607060806EE
:1080400009060A060B060C060D060E060F0610069C
:1080500011061206130604070009000B010B020BA0
:10806000030B0500060008000900160002010202C9
:108070000302000301030105020500060106040BCB
:10808000140615061706000701070207030704096F
:1080900000090000000000000000000000000000D7
:1080A00000000000000000000000000000000000D0
:1080B00000000000000000004B1F851B6D0C3319F1
:1080C000C319F3130D127720A51310544930303023
:1080D000312020202020202020202054657861732A
:1080E000496E737472756D656E74730010546578A3
:1080F0006173496E737472756D656E7473546578CF
:108100006173496E737472756D656E7473001032AD
:1081100030303630383331202020202020202052AB
:108120007370204E6F6E204D6174636865640053F8
:1081300074617274446576696365204552520053D8
:1081400057313A47454E4150505F544F444F0053CA
:1081500057323A2053746172742042444200417392
:10816000736F6320436E66206661696C004D6174B5
:108170006368204465736320526571002020476561
:108180006E6572696320417070004D4F44452075E3
:108190006E6B6E6F776E00456E65726779204C6509
:1081A00076656C005363616E204661696C6564009E
:1081B0004E6F6E204D61746368656400456E644463
:1081C00065766963653A004173736F6320436E6639
:1081D000000000000000000000000000000000009F
:1081E000000000000000000000000000000000523D
:1081F00073702053656E74000000000000000000E2
:1082000000FFFFFFFFFFFFFFFFFFFFFFFFFFFFFF7D
:10821000FFFFFFFFFFFFFFFFFF537563636573738E
:1082200000506172656E743A0000000000000000AA
:1082300000494545453A20000306030008007482C2
:10824000003A003B00508255824B825A65643A00E6
:108250005A433A20005A523A2000E8030000D0075F
:1082600000003075000000E1F505000000FFFFFF91
:10827000FFFF0000FF00F4010000040000000048C0
:108280000000FEFFFFFF9751180019000000640076
:108290000000010000000000030003000000F8FFE0
:1082A000000001000080E71F030010270000E20427
:1082B0000000B80B0000983A000000000000C80061
:1082C000000088130000320000000A00000019E0DE
:1082D000FCFFE90300000B0000003000000030004C
:1082E00020000100000009010101C082C083120BBF
:1082F00095901376743FF0A37419F0901378744539
:10830000F0A37419F090137A744BF0A37419F090E1
:10831000137C7451F0A37419F002BD4674F7120374
:10832000DE90136AE4F0E9901369F07C437D137AE0
:108330006B7B131211D79015F5E0901373F0901327
:1083400074742DF0A3741302932974F01203DEEAFF
:10835000FEEBFF548070030284BB901369129F5E92
:1083600070030284B4EA241B12B8D3707CEA241F81
:1083700012B8D364137002A3E0706E8A828B8312EA
:10838000850990138412AE65750A00750B00800D87
:1083900012918812CF641210F3AA0EAB0FEA4B6051
:1083A000488A828B83E0650C7004A3E0650D702C15
:1083B0008A828B83A3A3A3A3E0F50EA3E0F50FE5C8
:1083C0000A450B8A828B83A3A3A3A360C312A1498E
:1083D000850A82850B83A3A3A3A380B78A0A8B0B8C
:1083E0008A828B8312AE6180B4E508242A12B8D346
:1083F000FCE5082402F8E43509F9E8FAE9FB9013F2
:10840000841285F0A3A3E06402703C8A828B8312FD
:10841000AE65800B88828983A3A3A3A312A149E838
:1084200049601F88828983E06A7003A3E06B70E46F
:1084300088828983A3A3E06C70DA9015FB12BC03D9
:10844000806BECF912197B850882850983E0640151
:10845000704FE50824181284F212088112C4F61233
:108460000704E50824121284F2120881E508129F1D
:108470005212087DE508240B12C4FA120708E50819
:108480002417129988E5082402FCE43509FDE50863
:108490002419FAE43509FB122191740A1208AB8001
:1084A0000CE064027007AA08AB09121AB3AA08AB61
:1084B0000912105DEEFAEF6480802DEA5402600C20
:1084C00090160A7401F0EA6402FA8023EA54086004
:1084D0001A121975EA4B700B90138612C3D17A08E1
:1084E0001284FFEE6408FAEFFB80047A007B00023E
:1084F000CB8DF582E43509F583E0F50A780A22FB95
:10850000901369E0F91211AD22A3A3E0F50CA3E0EA
:10851000F50D227B00901369E0F91211A174042279
:1085200074F41203DE8A088B098A828B83A3A3A3C7
:1085300012AC5D129BC838F583E02409FA12CB1EF9
:1085400070030285E38A828B83740212ACD28508A1
:10855000828509831285F0E8F0A3E912C7988A8220
:108560008B83A3A3A3A3A3A3A3A3F0E5082403F8E9
:10857000E435091285E5129BC83AF583E08E828BBB
:1085800083A3A3A3A3F0EE2409FAE43FFB8E828F1A
:1085900083A3A312BEB5F5838882E0A2E58E828F05
:1085A00083A3A3A3A3A3500474018001E4F0E5080E
:1085B0002403F582898312AE65EA12B3E63BF583A4
:1085C00012CAE5120879129BC73B12BFB08E828F88
:1085D00083A3A312DCA41208ABEEFAEFFB9013699D
:1085E00012CB6B8016F98882F583E0FAA3E0CA22E9
:1085F00012B002A3A32274021208AB7F0402063B4E
:1086000074F21203DE8A088B09ECFAEDFB740E1289
:108610000B58E0FC120BC58A0C8B0DAE0CAF0DEAAB
:108620004F6030AC08AD09120BB3E96026AC08AD61
:1086300009EEFAEFFB120BB9E970148E828F8312E8
:10864000A0CDFAEFFB120BADAA08AB09120BDD7936
:1086500000800279B402AF5174F01203DE74F61296
:108660000943EAFEEBFF8C088D09750FB38518826C
:10867000851983E4F0750E008002050E902781E4D1
:1086800093F8E50EC398400302877FAA0E7B001281
:108690000C018A0A8B0BEA4B60E08A828B83A3A3CE
:1086A00012878628F0F8C3EE98EF940050CC7C1522
:1086B0007D007900AA08AB0912103F850A82850B5C
:1086C00083A3A3A3A312CFA1E0F8EEC3982925E0CA
:1086D000F8E433F9E50A28F582E50B39F583A3A31D
:1086E000A3A3A3A3129BD2A312BA2A8A0C8B0DAC0C
:1086F0000CAD0DAA08AB091211D7850A82850B8330
:10870000A3E06401700A12C4F67401129BF0804465
:108710007401120923850A82850B8312AE63120B42
:10872000E9E9603D7409120B58E0C0E012C4F6D0CC
:10873000E0F07409120B58E064037013740112091D
:1087400023E508240BFAE43509FB1211D7801274D3
:1087500001120B5812A149E50812BA10350912CFBF
:1087600062850A82850B8312C502129BF0A3A3E0E7
:10877000C0E0E508241412C4FAD0E0F0750F00A997
:108780000F740A02CB8AA3A3A3E0F8851882851987
:1087900083E02274F71203DEE9FE8A828B83A3A3AF
:1087A000A3A3A3A3E0540860338A828B83A3A3A36B
:1087B000A3A3A3E0540260218A828B83A3A3A3A373
:1087C000A3A3A3A3A3E06406600F74E96E600A7418
:1087D000CD6E600574F06E700312195D02A84D74C1
:1087E000F01203DE74EF120943740F120B5812C219
:1087F000B57408120B58E9F0ECFEEDFF7405120B8E
:108800005812A61512A839A3E0F9120BD17406125A
:108810000B5812C2B57406120B5812B477700302CB
:108820008A9A129E76E0FA7406120B58E0F9121832
:108830009D128AFAF8A3E0F9E8497003028A9AEED9
:108840002403F50AE43FF50BEE2406F508E43FF5B2
:10885000097C00850882F58312AE65850A82850B46
:1088600083E0F9120BD77403120B5812C2B5850AB4
:1088700082850B83E0C0E0851882851983128AF314
:10888000D0E012B58CF985188285198312918F1268
:10889000B0DE128789FAA3E0CA2407F582E43AF52C
:1088A00083E8F0A3E412C2C02406F582E438F5831D
:1088B000E412CF6E12AC4E120879EE129BC83F1232
:1088C000BFB07403120B5812AC5D240912DC9E1267
:1088D00008AB7429120B5812CF9B1285EA12B59F70
:1088E0003A12CF62742B120B58E0C0E085188285D3
:1088F000198312B43ED0E0F07402120B58E4F07405
:1089000025120B587808120B010289F17403120B1F
:108910005812BF6F8882F583128AE2A3A3A312BA0A
:1089200035FB120BEF850E82850F83A3EAF0A3EBD4
:10893000F07403120B58128AF3A3128AE212BC4499
:10894000A2E6500F850E82850F83A3A3A3A3A3E005
:10895000D2E1F07405120B58E0706B850E82850F22
:1089600083A312A1499013C8E0687003A3E0697063
:1089700055850E82850F83A3A3A312979F750C00C4
:10898000780C12088178081208757429120B58E0C7
:10899000F50C780C1208817427120B5812070890F6
:1089A00013D512070879007419120B5812AE35123C
:1089B0001AFB740A1208AB850E82850F83A3A3A34A
:1089C000A3A3E04405F07402120B58E004FC8E826D
:1089D0008F8312AE5F8E828F83A3A3A3E0F9120B65
:1089E000D77403120B5812C2B57402120B58E0046C
:1089F000F07403120B5812B47760677402120B58AC
:108A0000E0FA7406120B5812A149C3EA98E499508F
:108A1000517402120B58128DCC851882851983E08F
:108A200028F8A3E039F9E8240FF50EE439F50F85AD
:108A30000E82F583E4F07403120B58128AED640180
:108A4000600302890C7405120B58740112CB78F084
:108A50007403120B5812BD36128DEFE8F0A3E90231
:108A6000893085188285198312AE651218A385187E
:108A7000828519831207087426120B58E0FD7425AD
:108A8000120B58E0FC740A120B58E0F9EEFAEFFBF7
:108A900012195774021208AB80438E828F83A3A3EE
:108AA000A3E0C0E0740C120B58D0E0F012C9DAE079
:108AB000C0E0740D120B58D0E0F07406120B58127F
:108AC000B4777009740E120B5874B98007740E12C3
:108AD0000B587410F0740912091B121AF574110264
:108AE000CB8AE0850E82850F83A3A3A322E012B573
:108AF00064E022E012B564A3A3228518828519835D
:108B0000EAF0A3EB12B4802274F01203DE74E112D7
:108B100009437404120B58E9F07403120B58ECF07B
:108B20007402120B58EDF08A0E8B0F742F120B5833
:108B300012850BAA0CFB1218917401120B58E9F064
:108B4000AA0CAB0D1218977401120B58E0700302B7
:108B50008DC7851882851983E480158E828F83A343
:108B6000A3A3A3A3E0D2E3F0851882851983E004D0
:108B700012CAC9F8851882851983E0C39840030298
:108B80008DBE7401120B58E07003028DBE851882F1
:108B9000851983128DCCE50C28F8E50D39F9E82408
:108BA0000FFEE439FF8E82F583A3A3A3A3A3E0A263
:108BB000E040B5750800750A08750B007402120BC9
:108BC00058E060037508207C087D00790074051268
:108BD000091B12103F8E828F83E0603E901418E0D4
:108BE0006401701AE508D2E3F508750B10128DDCEC
:108BF000120B58E8F0A3E912B92874FF80764308F5
:108C00000C750A0C8E828F83A3128DE712CF6474C9
:108C100005120B5874FFF0A3805A7404120B58E02D
:108C20006009E508D2E6F508750A0A8E828F83A3EB
:108C3000E064FE7003A3E0F470307412120B5874F9
:108C40000412C520F8741D120B58E812ACD274122D
:108C500012091B1217BF7D007C0079007415120BDE
:108C600058AA82AB8312159D800B128DDC120B5813
:108C7000E8F0A3E9F07407120B58E508F0129E64BF
:108C8000C0E07409120B58D0E0F0740A120B58744B
:108C900001F0740512091B121AB97411120B58E075
:108CA0006003028D9C740D120B5812B5878E828F53
:108CB00083A3A3A3A3F0740D120B5812ACA0E50A72
:108CC000F0A3E50BF07403120B58E0C0E012AC2ED9
:108CD000D0E012BC446011901418E0C0E0740D1292
:108CE0000B5812AC7BD0E0F0740D120B5812A14956
:108CF000850C82850D83A3A3A3A3A3128DD5241C69
:108D000012C2AF12CF7E128DD712BBF63912C9F93B
:108D1000C0E012AC15D0E012CABEC0E0740D120B58
:108D20005812A75BD0E012C7BFC0E0740D120B58F9
:108D300012A751D0E0F0740D120B58128DE7128D6E
:108D4000D5242A12C2AF850E82850F83A3A3A3A3C5
:108D5000A3A3A3A3E012C2A8129E53C0E012A73D92
:108D6000D0E0F0740D120B5812AE65850E82850F9F
:108D70008312CAD42428F582E43B12CF62129E5C8F
:108D800012CAE512087912BFA9EA12C2413B12DCED
:108D9000A21208AB740512091B121ABF8E828F83B0
:108DA000A3A3A3A3A3E0D2E0F07411120B58E060D8
:108DB00003028B5B7401120B58E014028B6779007D
:108DC000AA0CAB0D121963741F02CB8AE075F00771
:108DD000A4F8A9F022A3A312AE69E8228E828F83A1
:108DE000A312A14D740522E0128DEFA3A3A322F8D4
:108DF000A3E0F9850E82850F83A32274F01203DEAF
:108E000074E8120943E9851882851983F08A0E8B6C
:108E10000F8A828B83A3A3A3A3A3A3A3A3E0F91226
:108E200018BB8A088B09EA4B7003028ED8E50E1234
:108E3000B3FA129E8B12986A851882851983E060B6
:108E400003028EDB7C04850E82850F83A3A3A3A37C
:108E5000A3A3A3A3E0F91218C1EE4F607B8E828F0B
:108E600083A3A3A3A312A1497407120B5812C3E64C
:108E700012A1497409120B5812AD02C0E07411120C
:108E80000B58D0E012C79DA3A3A3A3A3A3A312A131
:108E900049740F120B5812CF647412120B58E4125B
:108EA000CB80C8241FF582E438F58312BF6BC4134E
:108EB000135403FC70027C048E828F83E0F97808DF
:108EC00012087D742059FD744059F9740312091B6E
:108ED00012195774021208AB02CB887C08850E82E7
:108EE000850F83A3A3A3A3A3A3A3A3E0F91218C18F
:108EF0008B0BEA4B7003028E59EE4F60DB851882B4
:108F0000851983E0F50C780C1208818508828509A3
:108F100083A3A3A3A3A3A3A3E0F50C780C12088159
:108F20008A828B83A3A3A3E0FB8A82850B8312D75B
:108F3000C18A82850B83E0FA8E828F83A3A3E0F936
:108F400012219774021208AB028E5D74F71203DED1
:108F500074FA120943E9FE780179017F00800379F0
:108F6000000F12AFE1E0FCEFC39C5026EF75F00755
:108F7000A4FC85F008AD08EA2CFCEB3DFD12A5CD64
:108F8000E0A2E050DA540C60D6E0A2E250D37800C0
:108F900080CF8A828B83A3A3A3A3A3A3E0703DE920
:108FA000A2E0400574016E70338A828B83A3A3A371
:108FB000A3A3A3740112929FE0C0E07403120B58A4
:108FC000D0E012A62CE0C0E07404120B58D0E0F000
:108FD0007405120B58E812BF0A121AF5740602A89B
:108FE0004AC082C083790112196302BD4674F4122B
:108FF00003DEEA4B90160A6019E4F08A088B09F543
:109000000AF50B78081208757A021285131208AB5C
:10901000800A7401F07A027B001285000285FB74DD
:10902000F01203DE74F31209437403120B58E4F0D8
:10903000A3F090138412986A7401120B58E4F0A301
:1090400012ACD704F09013C2E0A2E35003029112D5
:109050001292937409120B58120B1D7409120B58BB
:109060007808120B01901386780812092B740512E8
:109070000B587808120AE31291967405120B58786F
:1090800008120AC350077A017B000291837405120B
:109090000B58780C120B019015FAE0F509780C7951
:1090A0000812036FA80CA90D9015FBE0C398E49972
:1090B0005003E08001E8851882851983F074091255
:1090C0000B587808120B01C008C009C00AC00B7405
:1090D00005120B58780C120B01129196780C790836
:1090E00012036FE4F50AF50BD00FD00ED00DD00CA3
:1090F000780C79081209C2901386780C120AE38062
:109100001112918812CF64EEFAEFFB1210F3AE0841
:10911000AF09EE4F60658E828F83128786C39850A9
:109120002DEE2403F8E43FF9E0FA88828983E0C356
:109130009AF060237403120B5812A30E7401120BE1
:1091400058EEF0A3EF12C401FEA3E0FF80C48E82AC
:109150008F83A3A3A3E4F08E828F8312DC5B740160
:10916000120B5812B4778E828F83A3A3A3A36091AE
:1091700012C3DA120B5812918F80897403120B58A4
:1091800012AE65740D02CB8A12A14D901384221287
:10919000BF96A3A3A3229015F912DC63E4F50AF5A8
:1091A0000B2274F01203DE8A088B09890A78007991
:1091B0000090138412986AFBEE4B601E088E828F1B
:1091C00083A3A3A3A312AE2F601008E87001098E39
:1091D000828F83129866EA4F70E39015FC12AE6599
:1091E000C3E89AE99B40030292867A06129289A804
:1091F0000CA90DEA4970030292868A828B83E508E6
:10920000F0A3E5091292A8E50AF09015FB12AFE968
:1092100012929FA3E4F0A3F090138412AE2F600D7E
:109220008E828F83A3A3A3A312CF6480179013848D
:1092300012CF649013C2E0A2E340091292939013FC
:1092400086120B1D9013C2E0A2E3503A7A087B000D
:10925000901369E0F91211B3EA4B4C4D7028901548
:10926000F9E0F508A3E085080CF50DE4F50EF50F1F
:10927000780C1208757A087B00901369E0F91211D6
:10928000A774041208AB02CB8D7B001210ED8A0C80
:109290008B0D221211BFEAF8EBF9ECFAEDFB22126A
:1092A00092A3221292A8A322F08A828B83A3A322E4
:1092B000C082C083E990160BF090137E7499F0A3DE
:1092C0007419F090138074ABF0A37419F0901382AA
:1092D00074BDF0A37419F002BD4674F71203DEEA00
:1092E000FEEBFF8908EA4F7003120C5590138A12A7
:1092F000B477700890138A801E12A14988828983EE
:10930000A3A3A3A3A3A3A3A3A3129FF4A3A3A3A371
:10931000A3A3A3A3A370E2EEF0A3EF12932DA3A344
:10932000A3E4F0A312932DE508F002A84D129331A7
:109330002212933522F08E828F83A3A3A3A3A3A32B
:109340002274F71203DEE9FD90138A800D8882896A
:1093500083A3A3A3A3A3A3A3A3A312B47760348876
:10936000828983A3A3A3A3A3A3A3E06D70DF888254
:109370008983A3A3A3A3E06A7003A3E06B70CE88E4
:10938000828983A3A3A3A3A3A3E06C70C0E8FAE936
:10939000FB80047A007B0002A84D74F71203DE9074
:1093A000138A12986A90138A12CAD8687002EB69FD
:1093B0007017EE240912A14390138A12CF64901300
:1093C0008A12986A803012985DEE4F60298E828FE3
:1093D00083A3A3A3A3A312CAD4687002EB6970E6A7
:1093E0008A828B83A3A3A3A3A3A3A3A3A312A747A8
:1093F000A3A3A312CF641210F3EEFAEFFB02A84D61
:1094000074F01203DE74F91209438A0C8B0D8A8200
:109410008B83A3A3A3A3A3A3A3A3E0602F640160F2
:109420002B8A828B8312C7A77022850C82850D83BD
:10943000A3A3A3A3A3A3A3A3E064037014740212C1
:109440000923AA0CAB0D121A4DE970167902029687
:1094500002850C82850D8312A1497402120B5812E9
:10946000CF64E50C241112CF76243412BEC412103E
:10947000ED8A088B09AE08AF09EA4F700302960027
:109480007C347D00790012103FAA18AB19850C823C
:10949000850D83A3A3A3A3A3A3A3A3A3E0F91221F0
:1094A00055851882851983E0C0E0129607D0E0F058
:1094B000EE242EF50EE43FF50F7401120B58E085F3
:1094C0000E82850F83F07901EEFAEFFB1219878582
:1094D0000C08850D09750A0078081208797C1E7D34
:1094E00000EE240B12CA901208ABEE2432FAE43FCD
:1094F000FBEE2434F8E43FF98A828B8312CF64E5D3
:109500000C2411FCE4350DFD8C82F58312AC9B24F8
:109510003012CF5EE50C12A5DF12CFB712DC981225
:1095200008798C828D8312D7C28A828B8312DCA445
:109530001208AB7402120B5812A1B2A3A3A3A3E8A2
:10954000F0A3E912BC3E8E828F83A3A3A3A3A3A39F
:10955000A312BC3E041299A7242CF8E43FF9E8FAC0
:109560007508FF750900850E82850F83E078081263
:1095700009EA8A828983E508F0EE242B12997E7429
:1095800004120B58E4F0E50C241512CF76A2E07417
:10959000055007120B5874018004120B58E4F0EECA
:1095A0002429F508E43FF509740412091B12216D02
:1095B000E924FE850882850983F0EE243012B3EC9D
:1095C00012960F120296E88E828F83A3A3A3A3A301
:1095D000A3A3A3F08C828D8312960F120296EA4BFE
:1095E000600F8E828F83A3A3A3A3A3A3A3A3E004EE
:1095F000F0EE242012B8BA4408129EC87900800206
:109600007910740702CB8AEE12C2413FF583221211
:109610009BDAE0FA7B002274F41203DEEAFEEBFF31
:10962000129E4B12C2B59015EFE0F8EE242D12B841
:10963000BAC39840030297801297887012EE242DC7
:1096400012B8BA0412B025C0E0129974D0E0F0123A
:109650009790FA7900800109EE242E12B8BAF8E941
:10966000C3985026750801750900E978081209EABF
:10967000129788550860E0E92AFA75080175090013
:10968000E978081209EAE04508F0EE242912B8BA90
:10969000FBEE2430F582E43FF583EA8BF0A4F8ACCE
:1096A000F0E42CF9E098F8A3E099F9EBFCC3E89C0E
:1096B000E99400EE4031242912B8BAF81297886074
:1096C0002C12960712979FA3E4F0EA7047EE24202D
:1096D00012B8BA442012AD06C0E012B013D0E012A6
:1096E000B01DFCA3E0805512997574FFF09013B87B
:1096F000E0FC9015F2129796ADF075F064A4FCAB07
:10970000F075F064EDA42BFD8E828F83A3A3ECF0A3
:10971000A3ED80B5EE242012B8BA54DF12B00EEAE1
:10972000F0FCEE2429F582E43FF583129796FCAD18
:10973000F0EE243212B8BA2CFCA3E03DFD12CA8828
:10974000ECF0A3ED12C529C0E0EE2425F582E43F3C
:10975000F583D0E0F0EE241CF582E43FF583E812B7
:10976000ACD290138C12B477600AEA12C09E120534
:1097700056E97011EE240BFAE43FFB121A23800520
:109780007BE91299920285FBEE242B12B93BF4225D
:10979000EE12AFCFE022E0F508EC8508F0A422122B
:1097A000B8E1A3A3F02274F41203DE90138A129896
:1097B0006A1211BF8A0A8B0B78FF79FF8020E0C301
:1097C0009AFCA3E09BFDC3EC98ED99500E8E828F1E
:1097D00083A3A3E0C39AF8A3E09BF912985DEE4F30
:1097E00060538E828F8312AE65E50AC39AFAE50B49
:1097F0009BFB12D7BCC3EA9CEB9D8E828F83A3A3F5
:1098000040BCA3A3A3A3E064027017129E6D60097D
:10981000129E7612AE6512105DEEFAEFFB121993EE
:109820008007EEFAEFFB12199F7A017B0090160B6E
:1098300012B42A802574FF68700374FF69601B8866
:10984000088909E4F50AF50B78081208757A017B96
:109850000090160B1285181208AB0285FB8E828FC2
:1098600083A3A3A3A3A3A3A3A3A3E0FEA3E0FF2238
:1098700074F31203DE8A088B09ECFAEDFB890C7C89
:1098800001E508241112998812198D8A0A8B0BAEF2
:109890000AAF0BEA4F700302996FE50C600302995F
:1098A0006FE508241312B8D3F8EA129791686003A1
:1098B00002996FEA12AFD812B8F48E828B83A3A3F9
:1098C000A3A3A3A3A3A3E0FAE89AE99400C365D0F5
:1098D000334012E508241412B8D3F470087B001248
:1098E000999202996FE508241412B8D3F47049EEE6
:1098F000242BF8E43FF9E8FAE9FBEE242EF8E43FE4
:10990000F9E8FCE97508FF7509008882F583E078BD
:10991000081209EA8A828B83E508F0EE242C12995A
:109920007E8C828983E0F812979028F0EE242DF542
:1099300082E43FF583E48021E5082414F8E4350946
:10994000F9E0C0E0EE242CF582E43FF583D0E0128C
:10995000BE99C0E0129974D0E01299A7129608122D
:10996000B8DCA312ACD27A01FB90160B12B42A7F9A
:109970000502063BEE242BF582E43FF58322F582B7
:10998000E43FF583E508F022F582E43509F583E04C
:10999000F922EE242212B93BFA129BB412C856EEF9
:1099A000FAEFFB12199322F01211BF8E828F83EA15
:1099B000F0A3EBF0EE2274F01203DE74FB12094305
:1099C0007403120B5812ACCCE9851882851983F008
:1099D0008A0A8B0B8A828B83A3A3E0F91221798AEE
:1099E0000E8B0FEA4B70077A007B00029BAF7A1256
:1099F00012D1B47003029BAB7C127D00790012106F
:109A00003F740112091B850A82850B83A3A3E0F929
:109A1000122155E508240FFEE43509FF7402120BEC
:109A20005812B8E1F07902AA08AB09121987740339
:109A3000120B5812C289129BD2129BEA2411129B5C
:109A4000BE850882850983A3A3A3A3A3A3A3F0755E
:109A50000CFF750D008E828F83E0780C1209EAE509
:109A600008240C12C4FAE50C12CB71F8A312C09FA3
:109A7000E0C0E0E508240B12C4FAD0E0F0E50A12D9
:109A80009BC8129BC1FAE508240D12C4FAEAF0E55E
:109A90000A12A5DF129BC18AF0A4A9F02427FAE4D8
:109AA00039FB1210578A0C8B0DAE0CAF0DE5081266
:109AB0009BC8350912C2B3EA4F7003029B9E8A828B
:109AC0008B83741A12ACD28A828B83A3A3F0A31265
:109AD0009BFE12AFFE12C3E0120B5812D7C2EA125D
:109AE000CD1E12215B850A82850B83A3A3A3E0C050
:109AF000E012B8C7D0E0F09013D512AC9B2410123E
:109B00009BE412A5AE350BF58312AC9B12BFA0E807
:109B1000F0A3E9129BFE12AC9712C9DBE8F0A3E9AF
:109B2000129BF0E0C0E0129BB4D0E0F0E50A240CF8
:109B3000129BBEC0E0EE12A5AE3FF583D0E0F074FC
:109B400015120B5812C9E8C0E012CD15D0E012C5AD
:109B50001BC0E012C9CED0E012A634C0E012AC386F
:109B6000D0E012B47CC0E012AC1FD0E0F074171249
:109B70000B58120B29EE241AF582E43FF583120BE1
:109B80001DEE2427F8E43FF9EE2422129BE412BED6
:109B90008B129BC1C0E012CAAAD0E0F0800DAA08C7
:109BA000AB09121993750800750900AA08AB09746E
:109BB0000502CB8AEE2414F582E43FF58322F58278
:109BC000E4350BF583E022EA129BCC222410F582C7
:109BD000E422129BDAA3A3A3A32212A15185088237
:109BE00085098322F582E43FF58312ACFCE50A2265
:109BF000129BF422F0850A82850B83A3A322129B79
:109C0000F4A3A3A3A32274F01203DE74FE1209438B
:109C100085188285198312ACCC8A0E8B0F890DC2F0
:109C200000EA129E82E0F50C90138C12B477600E5D
:109C3000A90C12C09F120556E96003029E467C02E1
:109C4000129EA7129E53F912198D8A088B09AE082D
:109C5000AF09EA4F7055850E82850F83A3E0A2E01D
:109C60004003029E467414120B5812070474161215
:109C70000B58120708A90D7406120B5812D7C2AA66
:109C80000EAB0F1219B174061208AB8A088B09AE1D
:109C900008AF09EA4F7003029E468A828B83A3A312
:109CA000A3A3A3A3A3A3E50C129EC8AA0C8E828F24
:109CB00083A3A3A3A3A3A3A3A3E024FFF8E434FFF7
:109CC000F9E86A497002D200129E6D7003029E028A
:109CD000850E82850F83A3E0A2E05003750C00126D
:109CE0009EB5E50C98E499C365D033401CE0F8EECE
:109CF000240E12B8BA2CF07508FF750900EC78082C
:109D00001209EAEE240C12997E129E5C12CAE51228
:109D1000087912BFA9EE240D12B8BAF508E50C8532
:109D200008F0A4FAABF012AC5A2422F582E438F51C
:109D300083E02AFAA3E03BFB12CF8B1208AB750835
:109D400001129E9078081209EA12B8B74508F0A2ED
:109D500000506BEE240CFAE43FFB7508FF129E9056
:109D60000478081209EA8A828B83E0450812ACB2B3
:109D7000F8E50CF508E88508F0A4F8A9F0129E644F
:109D8000FCE82CFCE439FD12AC5A2420F582E438BE
:109D9000F583ECF0A3ED12BD3CF47022EE240BF53C
:109DA00008E43FF509129E7612AE658508828509A2
:109DB0008312CB6B85088285098374FF8043129ED2
:109DC0004B12C2B59013B8E0FA9015F2129E9EFAAB
:109DD000ABF09015EF129E9EF8ACF08508F0EBA466
:109DE0002CF9EA28F8EB39F9E875F064A4F8AAF040
:109DF00075F064E9A42AF98E828F83A3A3E8F0A307
:109E0000E9F0AA0C129EB512CC5FE86A7001E96015
:109E10000CEE240C12978B6004A2005029EE240E45
:109E200012B8BAC0E0E50E129E82D0E0F012B8B7C8
:109E3000C0E0E50E2414129E88D0E0F0AC0EAD0F09
:109E4000129EA7121A11740202CB8A1211BF8E82BF
:109E50008F8322E50E2411129E88E022E50E240E47
:109E6000129E8822E50E2410129E88E022EE12BA7D
:109E70001012B93EF422129E7A22EE129BCC3FF5CC
:109E800083222413129E8822F582E4350FF5832263
:109E900075090012B938F5F0E50C84E5F022E0F51B
:109EA00008EA8508F0A42285188285198312BFE686
:109EB000FAA3E0FB22EE240E12B93BF812B938FCEB
:109EC000E82CF8E43400F922F07A017B0090160BBC
:109ED000E0F912109922C082C08390160B12CB6B4E
:109EE00002BD4674F41203DEEAFEEBFF5480704BB1
:109EF000EAA2E050561219A5EE6401FAEF80498AF1
:109F0000828B83E06401702CEA12C4F8120704EA21
:109F1000129F5212087DEA2412129988EA2402FC48
:109F2000E43509FDEA2419FAE43509FB1219B7747E
:109F3000061208ABAA08AB0912105D90160B129F0F
:109F40005E70BCEEFAEF6480FB80047A007B000256
:109F500085FB240FF50AE43509F50B780A22E0F9B0
:109F600012106F8A088B09EA4B2274F21203DE8901
:109F70000B8A088B098A828B8312AE651219CFEA8D
:109F80004B600479B8806A1219EDE9F890277BE4F8
:109F900093F9E8C399400479B280567A15129289F0
:109FA000AE0CAF0DEA4F7004791080458A828B8326
:109FB000E4F0A31292A8E50BF0750A0078081208E5
:109FC000797C127D00EA240312CA901208AB901328
:109FD0008E12B477700890138E800C12A14988827B
:109FE0008983129FF470F4EEF0A3EFF01219FF7959
:109FF0000002AF5112AE69EA4B8882898322C08287
:10A00000C08390138E80048C828D8312D7C2EC4D56
:10A0100060288C828D83A3A3E069600574FF69705A
:10A02000E68C828D83A3A3A3E06A7003A3E06B7028
:10A03000D6EC2403FAE43DFB80047A007B0002BDE9
:10A040004674F71203DEE9FD74FE6D70047C018036
:10A05000027C0090138E80096D70027C01888289D9
:10A060008312B477601F88828983A3A3A3E06A70F8
:10A0700003A3E06B70E7ECA2E088828983A3A3E0EE
:10A0800050D6F9800279FE02A84D74F61203DEE97B
:10A09000FF7E0090138E802C88828983A3A3E06FBB
:10A0A000701E88828983A312A0CD25E0FCE433FDD5
:10A0B000EA2CF582EB3DF583E508F0A3E509F00E07
:10A0C0008882898312B47770CFEEF9800CA3A31233
:10A0D000DC63EE2274021208AB7F0202063B74F7C7
:10A0E0001203DEE9FE90138E12A1497C007D0080F0
:10A0F0000BE8FCE9FD8882898312A149E849603EAA
:10A1000088828983A3A3E06E70E788828983A3A3F2
:10A11000A3E06A7003A3E06B70D7EC4D888289835B
:10A12000700812AE6590138E800312A82D12C2B56E
:10A13000E8FAE9FB1210F31219FF790180027900A5
:10A1400002A84DF582E43FF58312A14D2212A151E0
:10A1500022E0F8A3E0F92274F51203DE890A9013D5
:10A160008E12AE657E007F00801712A1B2E8F0A3C8
:10A17000E912BD3CF508A3E0F5091210F3AA08ABFB
:10A1800009EA4B60288A828B83A3A3E0650A7010DA
:10A19000EE4F8A828B8370D212A14990138E80CDAC
:10A1A000EAFEEBFF8A828B8312AE6580D41219FF20
:10A1B000800F12A1B62212A1518E828F8322120823
:10A1C000AB7F0302063BC082C083790090138E8070
:10A1D0000109E0FAA3E08A82F583E582458370F104
:10A1E00002BD4674F61203DEE4F508F5097808129C
:10A1F000087D90277BE49375F013A4A9F012A303C4
:10A2000012CFC21208ABE9FE74096E70031219F97D
:10A2100002A0C974F61203DE74FE12094385188287
:10A22000851983E4F0A3F0A818A91988088909788A
:10A230000812087D750802750900780812087D1259
:10A24000CC2A1208AB02A0D474F51203DE74EB1210
:10A250000943851882851983E4F0A3F090138E805A
:10A26000748E828F83A3A3E0C0E07402120B58D0D7
:10A27000E012B928A982AA8389088A09750A007898
:10A28000081208797C127D007406120B5812CF87D1
:10A290001208AB7402120913880889097808120899
:10A2A0007D750813750900780812087D7404120B77
:10A2B0005812B41A75F013A4F8AAF075F013E91245
:10A2C000A2FF12CC321208AB85188285198312A323
:10A2D0000E8E828F8312986AEE4F7085A818A91986
:10A2E00088088909780812087D75080275090078C0
:10A2F0000812087D12CC2A1208AB741502A1BEA464
:10A300002AF9E82402FCE439FD7A427B0022E024A9
:10A3100001F0A3E03400F02274F41203DE74EB12B7
:10A3200009437E007F00A818A919880889097808C0
:10A3300012087D7508028E09780812087D7C007D60
:10A34000007A4212CFCE1208ABE9706C8E088056AC
:10A350007402120913880A890B780A12087D750A9B
:10A3600013750B00780A12087DE50875F013A4F840
:10A37000AAF075F013E50912A2FF12CFD01208ABB4
:10A38000E9701B7403120B58AA82AB837402120B80
:10A3900058E0F91219C9E970050EEE70010F0508B1
:10A3A000E5087002050985188285198312A149C341
:10A3B000E50898E509994098EEFAEFFB74150285D7
:10A3C000F874F61203DE8C828D83A3A312A61AF012
:10A3D000EA12C2473BF583E0C0E012A5D7D0E0F017
:10A3E000EA241DF582E43B12A14712A5BB12A61573
:10A3F000F0A3F0EA241FF582E43BF58312986AEC9F
:10A4000012A5AE3DF583EEF0A3EFF012A5B43BF537
:10A410008312A5E5A3A3A3A3A3A3EEF0A3EF12BE0B
:10A4200099FE8C828D8312A62474035EFEC394036E
:10A43000400302A5A1EE600874026E600302A4C688
:10A440008C828D83E0540CFE740C6E700302A505A3
:10A45000E0A2E4400D88828983E08C828D83A31280
:10A46000A63A74086E600302A50512A5C57401F032
:10A470008A828B83A3A3A3A3A312B8EE70148C8249
:10A480008D83E0440C12A62CA3A312A5E5EEF0A345
:10A49000EFF08C828D83E0A2E4402B888212A5F33A
:10A4A00012A608500109F58212A5F3A3A3A3A3A342
:10A4B000A3F0A3EF12A6348C828D83A3A3A3F0E8AC
:10A4C0002403F850010988828983E0C0E0EC24115C
:10A4D000F582E43DF583D0E012A6248C828D83E0E2
:10A4E000A2E7507588828983E0FE8C828D8312A654
:10A4F0003A74FC5E700C8C828D83A3E05403640379
:10A50000701E02A5A112A5C5E4F0740C6E600302D2
:10A51000A470888212A5F912A60850010902A4921B
:10A520008C828D83A3E05403603288828983E0C0EB
:10A53000E0EC12A5DF3DF583D0E012A63B8C828DC6
:10A5400083E054036402701488828983E0C0E012BF
:10A55000A5CDD0E012A63B8003A3E4F0EC12B3E655
:10A560003D12CF62EC2410FEE43DFFEA241DF5828B
:10A57000E43BF583E0F5088E828F83E0C3982508DD
:10A58000F508F0EA2417F8E43BF98882F583E0C384
:10A590009508C0E012A5BBD0E012BE99C395085043
:10A5A0000A12A5BBE4F012A5D7E4F002A0D9241545
:10A5B000F582E422EA240DF582E422EC240DF582F2
:10A5C000E43DF58322EC12B59F3DF58322EC241483
:10A5D000F582E43DF58322EC129BCC3DF5832224E9
:10A5E00013F582E422E0FEA3E0FF8C828D83A3A317
:10A5F000A3A32212A5F9A3A3228983E0F508A3E06F
:10A60000FFE5088C828D8322A3A3A3A3F0A3EFF020
:10A61000E82402F82212A61AA322E4F08C828D8389
:10A62000A3A3A32212A642A882A983221292A3A3C3
:10A63000A3A3A32212A642A3E022A312A64208A922
:10A64000832212BEA2A32274F41203DE74F3120951
:10A65000438A0A8B0BECFEEDFF8C82F583E0540CF1
:10A66000F508E0A2E75006E508D2E7F508E508D2CC
:10A67000E1F50812B8EE7006E508D2E4F508E0A2AC
:10A68000E55006E508D2E5F5087C087D007900AACA
:10A6900018AB1912103F7402120B58E50812CF685C
:10A6A000C0E07403120B58D0E012ACD7E50AF0A357
:10A6B000E50BF07405120B5812C7C4120B58E0706A
:10A6C000777408120B5812AC5D12BE8B3812C7DFBC
:10A6D000C0E07408120B5812A75BD0E012C7BFC0CD
:10A6E000E07408120B5812A751D0E0F07408120B56
:10A6F0005812A747E012AC8512AD0612C2A8EE248C
:10A700001112B8BAC0E012A73DD0E0F0EE24141246
:10A71000B8BAC0E07408120B5812AC5D2435F5824B
:10A72000E438F583D0E012ACAAC0E07408120B58EC
:10A7300012AC61D0E012C512740D0285F8E8243223
:10A74000F582E439F5832212A1B6A3A3A3A3A3A3A0
:10A750002212AC7112C9BE38F5832212AC712426C4
:10A76000F582E438F5832274F71203DE7E008A82D4
:10A770008B83A3A3A3A3A3A3A3A3A3E06404600365
:10A7800002A82912B597E0600302A82912B3F93B89
:10A7900012B475700302A82988828983E05403608B
:10A7A0000302A829E812B59F39F583E0FA8C828D5F
:10A7B00083A3A3E0FBA3E0CB2411F582E43BF58364
:10A7C000E06A706588828983A3A3A3A3A3A3A3A33C
:10A7D000A312A82DE06A7003A3E06B704C888289F5
:10A7E00083A3A312A839E0FFA3E0CF240612B8BACE
:10A7F0006A7003A3E06B703188828983A3A3E0F8B9
:10A800008C828D83A3A3E0F9A3E0F5838982A3A3BF
:10A81000E06860138C828D83A3A3A3E0F583898213
:10A82000E0540C640470027E01EEF9802012A8311D
:10A830002212AE6D8C828D8322A3A312A831A3A312
:10A8400022740C120B58E0F9740D1208AB7F010250
:10A85000063B74F61203DE74FC120943EAFEEBFFBA
:10A86000ECFAEDFB8C82F583A3E0540360169013A1
:10A870008012B47760597900EEFCEFFD12C09F1290
:10A880000556804B851882851983EEF0A3EFF0748E
:10A8900002120B5812ACCCAC18AD197A177B1A12F5
:10A8A0001C3F8A088B09A808A909EA4960218A8205
:10A8B0008B83A3A3A3A3A3A3A3A3A37406F07A00EB
:10A8C00088828B8312AC5D12C268E0F9121B9D7402
:10A8D0000402A0D674F21203DE74F3120943EAFEF6
:10A8E000EBFF8A82F583A3A3A3A3A3A3A3A3A3A39C
:10A8F000E0F50A90160AE0700579BA02AC12750804
:10A9000001750900750C00750D007C087D0079004B
:10A91000AA18AB1912103F7405120B58740112AC2F
:10A92000DF540460127402120B58E0D2E612ACDF5E
:10A9300054087003750803E054106006744045081D
:10A94000F508E0540860227402120B58E044C0126B
:10A95000ACDF5420600A7403120B58E0D2E0800888
:10A960007403120B58E0D2E1F0EE241512B8BA12BB
:10A97000AC427003740169700674084508F5088ECE
:10A98000828F83A3A3A3A3A3A3A3A3E07016121C87
:10A990009985188285198312C2B57402120B58E08A
:10A9A000D2E28030640F70107402120B5812ACE7C0
:10A9B00074044508F508807F8E828F83A3A3A3A328
:10A9C000A3A3A3A3E064028E828F83700A12CF9B9D
:10A9D000E8F0A3E9F08060A3A3A3A3A3A3A3A3E04B
:10A9E0006403700DAC18AD19EEFAEFFB121A4D802E
:10A9F000468E828F83A3A3A3A3A3A3A3A3E0640192
:10AA00007035901418E060107402120B5812ACE705
:10AA1000750910750AFF80187402120B58E0440C77
:10AA200012ACD774FDF0A374FFF074044508F50868
:10AA30008E828F8312850BEE241512B8BAA2E050D5
:10AA40003F7402120B58E0540C701B8E828F8312DD
:10AA5000AE65121669E9700579BB02AC1274021278
:10AA60000B58E0D2E5F0EE241512B8BAA2E050106F
:10AA70007402120B58E0540C64047004E0D2E5F048
:10AA8000EE241112B8BAC0E07404120B58D0E012D0
:10AA9000C7C6120B58E0600302AC0B7408120B58C7
:10AAA00012ACA0E508F0A3E509F012AC38E0C0E074
:10AAB00012AC2ED0E0F012AC1FE0C0E07408120B14
:10AAC0005812AC5D12A5DF38F583D0E012AD0664F4
:10AAD000017011901418E0C0E07408120B5812AC09
:10AAE0007BD0E0F07408120B5812AC9B12AC29FA20
:10AAF000E8241CF582E439F583EA12ACD2EE241581
:10AB0000FAE43FFB8A82F58312D7C2E812BBF6391A
:10AB1000F58312ACCCEE241C12B8BAC0E012AC150E
:10AB2000D0E012BD3C12AC42700374016970137422
:10AB300008120B5812B587FAEE241D12B8BAF91292
:10AB400018C78E828F83A3A3A3A3A3A3A3A3A3E069
:10AB5000C0E07408120B5812A75BD0E0F074081222
:10AB60000B5812A751E50AF07408120B5812B41AC8
:10AB70002428F582E439F583E50CF0A3E50D12AC49
:10AB8000B212AC8512B93312C2A8EE12AC29C0E0E1
:10AB9000E82433F582E439F583D0E0F0EE241B128B
:10ABA000B8BAC0E07408120B5812AC61D0E0F0EEF5
:10ABB000241A12B8BAC0E07408120B5812AC5D2403
:10ABC00032F582E438F583D0E012ACAA12AC4E1212
:10ABD000087912C9C412D7C2740B120B5812AC5D9B
:10ABE000242F12DC9E1208ABEE241512B8BA544082
:10ABF00060129013A412B477600AAA18AB1912C09D
:10AC00009F120556AA18AB19121ABF740C120B58D2
:10AC1000E0F902AF4CE82420F582E439F58322EE16
:10AC20002419F582E43FF5832212C9D3E022E824F7
:10AC300012F582E439F58322EE2418F582E43FF51B
:10AC400083225480F8A3E05401F974806822F50847
:10AC5000A3E0F509750A00780822129E7A12AC71F9
:10AC60002212AC712434F582E438F58322A3A3A325
:10AC7000A312AC7522E0F8A3E0C82212AC7112A5B1
:10AC8000AE38F58322FAA3E0FBE8242AF582E43902
:10AC9000F583EAF0A3EB22A3A3A3A312A14DEE2216
:10ACA00012B41E12B3FE39F58322F0EE241312B94A
:10ACB0003B22F0EE240D12B93B22E0FC8A828B830A
:10ACC000E02CFCA3E03400FD8A828B83ECF0A3ED42
:10ACD000F022F0A3E4F022F085188285198322F097
:10ACE000EE241512B93B22E0D2E3F012ACEF228E33
:10ACF000828F8312A151851882851983E8F0A3E918
:10AD0000F022E8F0A3E912C3FBE02274F71203DE9D
:10AD10008A828B83A3E0640170047E6380027E6478
:10AD20008A828B83E06008790512AD3F24F3FE90A0
:10AD300013C0E06007F912AD3F24F2FE02A8291209
:10AD40001B67E9F8EEC3982274F61203DE74FE1254
:10AD5000094385188285198312C2B5E9FEECFAED24
:10AD6000FB90043012B4776032A818A919880889BA
:10AD700009780812087D7D01740E120B58E0FCEE74
:10AD8000F990043012C28912055674021208ABEA17
:10AD90004B60047900800679B2800279B602A0D4B3
:10ADA00074F71203DEE9FE90137612B477601F7415
:10ADB00009120B58E0F5087808120881EEF9901393
:10ADC0007612C28912055674011208AB800279B658
:10ADD00002A84D74F71203DE8908ECFEEDFF79B589
:10ADE000E508245E602014600624F86034803D90FD
:10ADF000043212AE2F603512CFDF1205568E828FCD
:10AE00008312C2B5802490137812D7C2EC4D601C17
:10AE1000EEFCEFFD90137812C289120556E9F98015
:10AE20000B90137412AE351211D7790002A84D128F
:10AE3000AE69EA4B2212D7C6EEFAEFFB2274F71284
:10AE400003DEE9FE79B574AB6E700B90137412AE2D
:10AE5000651211D7790002A84D8E828F83A3A3A318
:10AE6000A3A3A3A3A312AE692212AE6D22E0FAA39C
:10AE7000E0FB2274F11203DEEAFEEBFF8C0A8D0B7D
:10AE80007508019013C8E06E7003A3E06F700C1298
:10AE9000AF40AA0AAB0B1211D7805E121C9FEE6A5C
:10AEA0007002EF6B7009AA0AAB0B121CA5804AACAA
:10AEB0000AAD0BEEFAEFFB12179BE9F508901601AD
:10AEC000E070361220C5E97030E508702C901398B8
:10AED000E06E7003A3E06F7020EE4F601C750C9065
:10AEE000750D13750E00780C1208797C087D00AA88
:10AEF0000AAB0B12CF8B1208ABA90802D8BE74F2B2
:10AF00001203DEEAFEEBFF8C088D09750A0112AF11
:10AF100040EEFAEFFB1211D1E9640170119013C8F1
:10AF200012A14985088285098312CF64800EAC087E
:10AF3000AD09EEFAEFFB1217A1E9F50AA90A801193
:10AF4000121C938A0C8B0DAC0CAD0D22740D1208E3
:10AF5000AB7F0602063B74F61203DEEAFEEBFF7AD5
:10AF60000D7B001210EDEA4B6062EE242412CC68D7
:10AF7000F0EE242512CC68A312B00E12CC6EA3A35F
:10AF800012C9F112AFE9F0EE12AFCF12AFFEE8F046
:10AF9000A3E912B02512AFF612CF64EE12AFD812A9
:10AFA000CAB4A3A3A3A3F0EE243312B8BAC0E0122C
:10AFB000AFE1D0E012C7E312AFF6A3A3A3E8F0A37A
:10AFC000E912B01DC0E012B597D0E0F002A0D9247C
:10AFD0002AF582E43FF58322242EF582E43FF583AF
:10AFE00022EA12BA103BF5832212AFED22E08A82E8
:10AFF0008B83A3A3A32212CB13A3A3A3A32212B0D8
:10B00000022212A1518A828B83A3A3A3A322F0124E
:10B01000B01322EE2426F582E43FF58322F0EE24DD
:10B020003212B93B22F0EE242C12B93B2274F412F6
:10B0300003DE74FE120943ECFEEDFFEC241612B899
:10B04000BA64057010EC2406FCE43FFD121A47E9CF
:10B05000700302B0D9AC18AD1912CD1D12166F8550
:10B06000188285198312B477606B8E828F83E064B7
:10B07000017058E875F009A4F8AAF075F009E9A480
:10B080002AF974ED28F8740039F9E8FAE9FB8882A6
:10B09000F5837808120B01EE12B17B120AC3402728
:10B0A00085188285198312AC9B12B8C812B0DE785D
:10B0B00008120B019082927808120A5C8A828B83B4
:10B0C0007808120AE3800A79A28010EE240F12CFCA
:10B0D0005E7900800679A1800279C80285F612ACFB
:10B0E000FCEE12C9DF2274F21203DE8A0C8B0DEC27
:10B0F000FEEDFFEC12B8C8E4F0A3F090826E780881
:10B10000120B01EC12B17B12096F6067EC240E1276
:10B11000B8C1703478B39013BFE070289013F1E099
:10B1200064017020EC241112B8BAF9121B4F8B097C
:10B13000A909EE12B3FA3F12C2B3EA4960047800DB
:10B14000800278A18808802EE060046402700A12F0
:10B150001A59E9F5087007801DE064037010EEFCD1
:10B16000EFFDAA0CAB0D121693E9F50880087508DF
:10B17000A180037508A3A90802AF5112C9DF78089E
:10B180002274F01203DE74F5120943EAFEEBFFEAC3
:10B19000240AFCE43F8C82F58312DC5F12B4047451
:10B1A000031209238A828B8312C0A9E9700302B2B9
:10B1B0006A7401120923740312091B12166F7401B9
:10B1C000120B5812B477700302B26AE875F009A442
:10B1D000F8AAF075F009E9A42AF974E928FC7400CA
:10B1E00039FDE508240E12C4FAE4F004120B5812DB
:10B1F000A149E50812B3FA350912CF628C828D831A
:10B20000120B29E508241212C4FA120B1D90829227
:10B210007808120B018C828D837808120A108C82B8
:10B220008D83780C120B0190825A7808120B0178EA
:10B230000C790812036FE5084509450A450B702A89
:10B240007401120B5812B41A75F009A4F8AAF0751B
:10B25000F009E9A42AF974F128F582740039F5831C
:10B260007401F07A007B0812B4278E828F83A3A327
:10B27000A3A3A3A3A3A3A3A3E02406FCA3E03400F9
:10B28000FD8E828F8312C0A912C7D1603EEE240AC0
:10B2900012B3EC12ACA0746812ACD2E812B3E63967
:10B2A000F5837402F09013AA120B298C828D8312FD
:10B2B000C2A212BE8B3CF583120B1D9082927808BD
:10B2C000120B019013AA7808120A1012B462705D72
:10B2D00090137412B412A3A3A3A3A3A3A3A3A3A321
:10B2E00012BEC11211D1E9701012BE7F90137412F8
:10B2F000BE91700512C7D160348E828F83A3A3A341
:10B30000A3A3A3A3A3A3A312B41212AE651216990A
:10B31000E960118E828F83A3A3A3A3A3A312B44ECB
:10B32000E4F0A3F08E828F8312B434E4F012B4629E
:10B33000600302B3E18E828F83A3A3A3A3A3A3120E
:10B34000DC5B9013BFE0600302B3D69013F1E064BE
:10B3500001600302B3D6750A3A750B00780A120829
:10B360007D7402120913880A890B780A12087D126B
:10B37000D25A1208ABE9705BE508240E12C4FA74C5
:10B380000112B47CC0E0E508241112C4FAD0E0F048
:10B39000E508240F12C4FA743A12ACD29013A61224
:10B3A0000B29E508241212C4FA120B1D9082927820
:10B3B00008120B019013A67808120A109082927856
:10B3C00008120B019013A6780812096F700812B4C6
:10B3D00023800312B40412B462700612BD8274A1F9
:10B3E000F0740B02CB8A240EF582E422F8E43FF9D4
:10B3F000E8FCE9FD8882F58322EA12B3FE22240FDD
:10B40000F582E422E50812B3FE3509F583E4F0A3E2
:10B41000F02212D7C68E828F832212B41E2212A16E
:10B4200051E8227A007B0290124DE0F91210992225
:10B430008A828B83A3A3A3A3A3A3A3A3A3A312B4CE
:10B44000422212AC75240EF582E438F58322A3A3C0
:10B45000A3A312B4562212AC75240FF582E438F57A
:10B4600083228E828F83A3A3A3A3A3A312AC6D24F4
:10B470000FF582E438F58312B41E492212B48022FB
:10B48000F0851882851983E02274F61203DEEAFE45
:10B49000EBFF7A237B001210EDEE240AF508E43F5F
:10B4A000F50985088212C2B37C237D007900121051
:10B4B0003F85088285098312B477700302B54AEE8E
:10B4C000FAEFFB121A6512B46260748E828F8312D7
:10B4D000B57D64018E828F83A3A3A3A3A3A370076A
:10B4E00012B573740E802112B477701012C7D17028
:10B4F0000B8E828F83A3A3E0A2E0500712B569747C
:10B500000D800512B569740512C7E3540364017018
:10B510000712B5517405800B9013C0E0C0E012B55E
:10B5200051D0E012B58CF583888212B8E785088285
:10B5300085098312AC5D12C24738F583E9800E8518
:10B54000088285098312C32C800312C26FF002A007
:10B55000D98E828F83A3A3A3A3A3A3A3A3A3A31280
:10B56000B56322E012C28EA3228E828F83A3A3A38F
:10B57000A3A3A312AC6D12C24D38F58322A3A3A3DB
:10B58000A3A3A3A3A3A3A312B442E02212B59022C3
:10B5900012CD32F8A3E022EA12B59F3BF5832224B4
:10B5A0000CF582E42274F11203DE74E41209438A7A
:10B5B0000C8B0D8C088D097A237B001210ED8A0A02
:10B5C0008B0BAE0AAF0BEA4F700302B8A212C25344
:10B5D000E508241512B8D3687003A3E0698E828F42
:10B5E000837004740280027401F0E508240DF8E40D
:10B5F0003509F98882F583E0FAC3E49AFA95E0FB0D
:10B6000012B8CF2AFAA3E03BFB8E828F83A3A3A3B9
:10B61000A312BEA88E828F83A3A3F0EE2420F5820E
:10B62000E43FF583E4F0EE2421F582E43FF583E482
:10B63000F0EEFAEFFB121B1985088285098312B818
:10B64000EE70098E828F83A3740580069013C0125A
:10B65000B8DCF0EE2417F50AE43FF50B8E828F83F9
:10B6600012B8E7E9850A82850B83F0EE2416F8E428
:10B670003FF9E508240EFAE43509FB888289831234
:10B68000ACBAE5082410FAE43509FB850A82850B7B
:10B6900083E0FC88828983E0F88A828B83E0C39808
:10B6A000C39CF812B928F0EEFCEFFDAA0CAB0D120A
:10B6B0001A5FE9F50B8E828F83E06402700612BE7A
:10B6C0007F12B8ACE50B600302B899750C00750DDC
:10B6D00000901601E064016005E06402703F12B85A
:10B6E000BE6008EE242112B8C170328E828F83A30F
:10B6F000A3A312C27512B8F4EE241612B8BA12B986
:10B700001DFAE439FB12928BEA4B601112CADD126A
:10B71000087912B902AA0C12CF8B1208ABEEFAEF1D
:10B72000FB121B25E9F50B901601E064016008E0AF
:10B730006402600302B88CE9700302B88CE50C4522
:10B740000D700302B8998003850E0B12B8BE600B12
:10B75000EE242112B8C1600302B892850B0E850C4D
:10B7600008850D09750A00780812087912B9028E49
:10B77000828F83A3A3A3A312DCA41208ABEE242020
:10B7800012B8BA600D12B8C7746812ACD2EE242099
:10B790008015EE242112B8BA601512B8C77403F0F0
:10B7A000A37401F0EE2421F582E43FF583E4F0EE8A
:10B7B000FAEFFB121B25E9F50B70907C137D0079E5
:10B7C00000740912091B12103F741A120B587401ED
:10B7D00012B93364687002A3E0704F8E828F8312B7
:10B7E000B44EE06405600302B7487C0879FF8E829E
:10B7F0008F83A3A3A3A3E0242A12BEC41210CFE90F
:10B80000700302B7487C087D0079FF740112091BA0
:10B8100012103F74011209237A007B0079AB121ACF
:10B82000417419120B5874FC801512B8C7E06403F8
:10B830007004A3E0640170087419120B5874FFF0CF
:10B84000E4F508F509780812087D740212092374DA
:10B8500013120B58AA82AB8312C3B21208AB85181D
:10B8600082851983E0602B740912091388088909FD
:10B87000780812087D750813750900780812087D8C
:10B880007C007D0012CC321208AB8006E50C450D21
:10B890006007AA0CAB0D1210F3EEFAEFFB1210F3D7
:10B8A0008003750B10A90B741C02D8BBEE2406FA9A
:10B8B000E43FFB1211D722EE240C12B93B22EE24F6
:10B8C0002012B93B640122EE12B3FE3FF58322E55C
:10B8D00008240EF582E43509F583E02212B8E1A3CD
:10B8E00022E08E828F8322A3E0F9121B6722E054AC
:10B8F0000364012212B8F822E0FAE82AF8E43400DE
:10B90000F9228E828F83A3A3A312C27912B8F8EE14
:10B91000241612B93B12B91DFCE439FD22FAE82ABB
:10B92000F8E439F9E824042212B92C2212C7F2A350
:10B93000A3A322F012B93822EE240FF582E43FF5DA
:10B9400083E022790102085D74F41203DEEAFEEB63
:10B95000FF8A82F583A3A3A3A3A3A3A3A312AC5D31
:10B960002424F582E438F58312B8EE702E8A828B97
:10B970008312B57D702512BA16E06405701D12BAE7
:10B9800016A3E0F87401686005740668700712B4C5
:10B99000307402800512B4307403F0EA240A12C332
:10B9A0002012C289E4F0EA2408F8E43F1285E52475
:10B9B00031F582E43AF583E0C0E012CFD6A3A3D0FC
:10B9C000E012BA35CA242EF582E43AF583E0C0E0ED
:10B9D00012CFD6A3A3A3D0E012BF5BC812BA10380F
:10B9E00012A14712CFD612BA2A8A0A8B0BAC0AAD23
:10B9F0000B85088285098312BEC11211D785088282
:10BA000085098312AE65121B2512C31BF00285FB4C
:10BA1000240BF582E4228A828B83A3A3A3A3A3A38E
:10BA2000A3A312C7B8F583888222A3A3A3A312AC51
:10BA3000FC121C932212BE9DFAA3E02202B943C05D
:10BA400082C08390139A746BF0A3741AF090139CC5
:10BA50007477F0A3741AF090139E747DF0A3741A97
:10BA6000F09013A07471F0A3741AF002BD4674F440
:10BA70001203DEEA2408FEE43BFF8E82F58312B453
:10BA80001A12C25FE0F50874035508F50912BEBC2E
:10BA9000F8A3E08882F583E508F0A3A882A983E5EE
:10BAA00009600974026509600302BB5B740C5508E8
:10BAB000FC600A74086C600574046C70267402657E
:10BAC000097006E508A2E4401A8A828B83A3A3A327
:10BAD000A3A3A3A3A312BC6112C9BE3D12BBFCA3C6
:10BAE00008A983740C6C701C12BC5D242812BC491C
:10BAF0002428F582E43DF583A312C5ECF0E8240286
:10BB0000F8500109740265097006E508A2E4404B8B
:10BB100012BC5D242A12BC49242AF582E43DF58337
:10BB2000A312BC0B12BC6712C5EC12BC67A312BCFB
:10BB300003E82404F8500109EC600F74086C600AF3
:10BB4000740C6C600574046C701112C2962426F596
:10BB500082E43C12BBFCA3A882A9838A828B83A3C4
:10BB6000A3A3A3A3A3A3A312BC2B54037014E5089F
:10BB7000A2E1400E12C29612BBF63CF583E054805F
:10BB8000600812BC1112BBFE801990136AE0C0E07D
:10BB900012BC11D0E012BC3E8882898312BC3E04E4
:10BBA00012BEA2A3A882A983E508A2E750458E820F
:10BBB0008F8312BC2B8882898312BC4412BC305400
:10BBC00003603012C2962434F582E43C12C5EAF0D8
:10BBD000E508A2E1501D8A828B83A3A3A3A3A3A39C
:10BBE000A3A31285EA2435F582E43A12C5EAA3F04C
:10BBF000E824030285FB241EF582E422F58312BCAF
:10BC00000BF02212BC0BA3A3A3F022E0888289834D
:10BC1000228A828B83A3A3A3A3A3A3A3A3E0FCA351
:10BC2000E0CC2432F582E43CF58322E012BC3022E1
:10BC3000FCA3E0CC2425F582E43CF583E022F090DF
:10BC4000136AE02212C7EEE022F582E43DF583128A
:10BC5000BC0B12BC562212C7F212BC61228E828F1C
:10BC600083E0FDA3E0CD22A312BC56242CF582E490
:10BC70003DF58322C082C0838A828B8312BD36FC4D
:10BC800074035CF98A828B83A3A37401F0E96005D5
:10BC90007402697061740C5CF8600A74086860056D
:10BCA00074046870137402697005ECA2E440098A98
:10BCB000828B83A3A37402F0740C68700A8A828B4F
:10BCC00083A3A3E02402F07402697005ECA2E440AF
:10BCD000258A828B83A3A3E02404F0E8600F740814
:10BCE00068600A740C68600574046870098A828B45
:10BCF00083A3A3E004F0ECA2E7502A8A828B83A3FB
:10BD0000A3E00412BD3C128AF4E0540360178A8257
:10BD10008B83A3A3E004F0ECA2E150098A828B8319
:10BD2000A3A3E004F08A828B83A3A3E004F080162F
:10BD300085188285198312B563A3E022F08A828B6D
:10BD400083E0221208ABD083D08202085DC082C09B
:10BD5000838A828B83A3A3A3A3A3A3A3A3A3A312D6
:10BD6000B47760098A828B83A3A312BD6F80D7A3A7
:10BD7000A3A3A3A3A3A3A312BD7B2212AE6D121093
:10BD8000F32212BD8622EE240CF582E43FF58322D5
:10BD900074F61203DE74F412094312BECBFCA3E066
:10BDA000F5838C82A3E0C0E07402120B58D0E0123D
:10BDB000BF7912BF627404120B5812CF647402125E
:10BDC0000B58E06404701412BEE1241212BEC47455
:10BDD00006120B5812BEA8241A8035E064016005D3
:10BDE000E064067039EA2402F8E43B1285E512BEED
:10BDF0008B3AF583E0C0E07403120B58D0E012BE1A
:10BE000099241312BEC47406120B5812BEA8241B28
:10BE100012BF627408120B58E8F0A3E9802B740675
:10BE2000120B58E4F0A312BEDC241212BEC4740834
:10BE3000120B5812BEB5C8241AF582E438F583E017
:10BE4000C0E0740A120B58D0E0F07406120B5812BE
:10BE5000B477601F7406120B5812AE6512178FE983
:10BE60006401700F12BE7F7406120B5812BE9164EB
:10BE7000017007AA18AB19121B01740C02A0D6128C
:10BE80001C938A088B09AC08AD09222412F582E4C0
:10BE90002212AE691211D1E92212BE9D2212BEA257
:10BEA000E022F0888289832212BEAC22EAF0A3EB62
:10BEB00012BEA2E02212BEACF8A3E02212C84CE0EF
:10BEC00022E02406FAA3E03400FB228A828B83A3BB
:10BED000A3A3A3A3A312CF9FE8F0A3E9F012BEE1AE
:10BEE0002212BF8AE022C082C08374FD120943126D
:10BEF000BF10128AEEC0E07402120B58D0E012BFDD
:10BF00000A121B07740302BD43E4F0AA18AB1922FE
:10BF10008A828B83A3A3A3A3A3A312ACF38A828BED
:10BF200083A3A3E022C082C08374FA12094312CF14
:10BF30009112BF7FC0E07402120B58D0E012BF5BB9
:10BF4000F5838882A3A3E0C0E07405120B58D0E00B
:10BF500012BF0A121B0D740602BD4312BE9DF8A348
:10BF6000E022F8A3E03400F922A3A312BFE622E006
:10BF70002402F8A3E03400F92212BE9D240222120A
:10BF8000ACFC12BF8A12BF96E022EA2402F8E43B1E
:10BF9000F98882F58322E0FAA3E0F5838A82A3225E
:10BFA0002424F582E43FF58322E50E129BCC350F65
:10BFB000F583E0FC7D0022C082C08312BFDA600AF4
:10BFC00024FC600B24F9600C800D121A9B8008126F
:10BFD0001AA18003121AA702BD468A828B8312BF60
:10BFE000E424FB22A3A312C28DE02274F61203DE26
:10BFF00074E4120943EAFEEBFF74011209238A82FA
:10C000008B83A3A3A3A3A3A312C0A974091209132A
:10C0100088088909780812087D74021209237403BC
:10C0200012091B12C3B21208AB851882851983E06E
:10C030006036741A120B58E060046401702A901381
:10C040004DE070248E828F83A3A3A3A3A3E0701876
:10C050008E828F8312C0A3603F8E828F83A3A3A39F
:10C0600012C09FE0640760308E828F83A3A3A3A3D6
:10C07000A3A3A3A3E070148E828F8312BF6964050B
:10C0800060097A347B01121501800DEEFAEFFB9006
:10C0900013A212C289120556741C02A0D6EEF91220
:10C0A000C2902212BFE464062212AE69121A47221D
:10C0B00074F41203DE74FA120943EAFEEBFF128AEB
:10C0C000FA2408F582E43B12C2BB240AF582E43864
:10C0D00012C2BB12C26812BF09121A8F12BD30F50C
:10C0E0000812C25385188285198312CFDCE068706C
:10C0F00003A3E069602EE508A2E550288518828533
:10C100001983A3E0FB90139A12C289120556851871
:10C110008285198312AC5D240A12B471700612BDB7
:10C1200030C2E5F012B8B7600302C23C7403120BD0
:10C13000587436F07402120B5812C275A3A3E0288B
:10C14000C0E07404120B58D0E012B928A3A3E0C0D9
:10C15000E07405120B58D0E012C3F4F8A3E0F9E83C
:10C1600049601BE812C24739F583E0FAE812C24D74
:10C1700039F583E02AF87404120B58E028F07403B0
:10C1800012091B1217FB8A088B09A808A909EA499A
:10C19000700302C2318E828F8312AE6588828983DA
:10C1A000A3A312C2B5E812BE8B3912C7DFC0E0E804
:10C1B00012C25FD0E012C7BFC0E0E82425F582E4D8
:10C1C00039F583D0E012C401C0E0E8242EF582E402
:10C1D00039F583D0E0F07402120B58E0FA12BEBCBD
:10C1E0002AFCA3E03400FDE812C24139F58312AC09
:10C1F000CCE82431F582E439F583EA12C3F4FAA3DA
:10C20000E0FBEA4B6019E8242FFAE439FB8E828FB9
:10C2100083A3A312C29A12C24D3CF58312ACBA8E0C
:10C22000828F83A3A3A3A3A3A3A3A3E8F0A3E9807E
:10C230000AEEFAEFFB121A9512C26FF0740602852D
:10C24000F8242FF582E4222417F582E4222416F53F
:10C2500082E422121C998A0A8B0BA80AA90B2224B9
:10C2600024F582E439F5832212B59F38F583221232
:10C27000BD8674102212C27922E0F88E828F83A3C9
:10C28000A322EEFAEFFB90139C12C28D22E0F8A3DA
:10C29000E0F5838882228A828B83A3A3A3A3A3A32E
:10C2A000A3A3E0FCA3E0CC22FAA3E0FBE8242CF556
:10C2B00082E439F583EAF0A3EBF022F583E4F0A3FE
:10C2C00012B480F8A3E0C82274F61203DEEAFEEB93
:10C2D000FFEA12B8B8702812C30912B477600612C8
:10C2E000C28212055612B8B7700B12AE591217F56A
:10C2F00012C31B8009EE240812C32012C32CF0EED7
:10C30000FAEFFB121A9502A0D9121A898E828F8336
:10C31000A3A3A3A3A3A3A3A3A3A32212BD86E9223D
:10C32000F508E43FF509850882F5832212BD7B8577
:10C330000882850983E4F0A32274F41203DE8A08DC
:10C340008B09ECFEEDFF12C253EE241512B8BA6849
:10C350007003A3E069600EAA08AB09121669E970C0
:10C360000479018011EEFCEFFDAA08AB099013A03F
:10C3700012C2891205560285FB74F71203DEEA4BDE
:10C38000701F7E007F0012C3B850247C107D00EE29
:10C390002404FAEF3401FB12117D0EEE70E80F80D9
:10C3A000E57C107D008A828B8312C3C812117D0246
:10C3B000A84D121AD174022290276EE493F87401EA
:10C3C00093F9C3EE98EF9922E02404FAE43401FBD8
:10C3D00022E4F0A3F0A3F0A3F02212A14D740122F5
:10C3E00012ACFC74032212ACFC8E828F83A3A3A335
:10C3F000A3A3A32212C3FBA3A3E022129335A3A3FA
:10C400002212B92CA3E02274F01203DE74ED12099B
:10C41000438A0E8B0F8C0A8D0B7EFF7FFF8C828DE3
:10C4200083E4F0EC4D6004EA4B70077AFF7BFF0277
:10C43000C4E6750800750900802474FF6E700374EB
:10C44000FF6F70127408120B58AA82AB83121DA1E1
:10C45000E9700312C4EB0508E5087002050990278E
:10C4600072E493F8740193F9C3E50898E5099950CB
:10C4700071A818A919880C890D780C12087D750C03
:10C4800013750D00780C12087D7C007D00E50824F2
:10C4900011FAE5093401FB12CFD01208ABAC0EAD96
:10C4A0000F7408120B58AA82AB831211D1E96401F0
:10C4B0007088850A82850B837401F07423120B58EF
:10C4C00012AE2F601AA818A919880C890D750E00D4
:10C4D000780C1208797C137D0012CF8B1208AB12F6
:10C4E000C4EBEEFAEFFB741302CB8AE5082411FECD
:10C4F000E5093401FF22E5082413F582E43509F546
:10C500008322E0850882850983A3A3A3A3A3A3A311
:10C51000A322F0AA18AB19121ABF2212A642E022D7
:10C5200012C52422129335E022129331A3E0227423
:10C53000F71203DE74F3120943EAFEEBFF740C12E8
:10C540000B58E4F07C08FDF9AA18AB1912C5E1E01C
:10C550006401600A8E828F83A3E0640470667404B1
:10C56000120B587402F0740C120B58E070538E8248
:10C570008F83E085188285198312ACD27402120B66
:10C58000587421F07405120B5812C7C4120B58E0EE
:10C59000702F7408120B5812C7AF740812CFE5AA97
:10C5A00082AB8312C5EC12BD3C6402700D12D7BC85
:10C5B000E82402FAE439FB1211D7AA18AB19121AAF
:10C5C000BF02A8418E828F83A3E0640270097404C5
:10C5D000120B58740A808E740C120B5874B3F080CE
:10C5E000E012103F8E828F83A322F58312BC0BA32F
:10C5F0002274F41203DE74B61209438A088B098A86
:10C60000828B83A3A3E06404600302C77E901601BB
:10C61000E0700302C77E12C7D1600302C77E740FA9
:10C620001209237A007B0079AB121A3B85088285B8
:10C63000098312D7C2740F12091B121795E97003F0
:10C6400002C77E7437120913880A890B780A120808
:10C650007D740212092385088285098312C7D612C8
:10C6600008AB851882851983E0700302C77E744782
:10C67000120B58E06401600302C77E74271209138D
:10C68000880A890B780A12087D750A10750B0078E4
:10C690000A12087D7C007D007A027B0112CFD01245
:10C6A00008AB7401120B587403F074171209138845
:10C6B0000A890B780A12087D7429120913880A89DD
:10C6C0000B780A12087D7C087D00740512091B1284
:10C6D000CF351208AB740E120B58E4F07C08FDF94C
:10C6E000740212091B12103F7402120B58E4F0A3DB
:10C6F000F07404120B587401F07407120B58740193
:10C70000F07406120B58741AF0740212091B121AF4
:10C71000B9740E120B58E07065740A120B5812C7E8
:10C7200085FEA3E0FF8E82F583740F12C7988E8278
:10C730008F8312CFEA1208797C087D0074121209E7
:10C740001B12CF8B1208AB740F120923EE240212B6
:10C75000B8AF741712091388088909780812087984
:10C760007C107D00EE240A12CA901208AB740212EB
:10C77000091B121ABF740E120B58E0F9800279C21D
:10C78000744A0285F812C7892212C78D2212AC752D
:10C7900012C24138F583E02212C79DE022F08508DD
:10C7A00082850983A3A32212AE69121D11E9221208
:10C7B000C7B8F98882F5832212C78DF8A3E0221248
:10C7C000B92CE0227401F0AA18AB19121AB9740C32
:10C7D00022121AE9E92212AE69121AD1740222F564
:10C7E00083740112C7E72212C7F2A3A3E02212C783
:10C7F000F222F08E828F8322C082C08312C8097415
:10C80000ADF0A3741AF002BD46121A839013A2224F
:10C81000C082C0837C0879FF90137412AE65121039
:10C82000CF02BD4674F71203DEE9FE12B3F93B12E4
:10C83000B475601588828983A3E05403700BEEFB06
:10C8400012C84C12C88112C85602A84DE8240BF534
:10C8500082E439F58322E0F912219D22C082C0834F
:10C86000EAF8EBF98A82F583A3A3A3A3A3E0FB8AEA
:10C87000828983A3A3A3A312C881A312C85602BDB1
:10C8800046E0FA88828983A3A32274F01203DE8A29
:10C890000C8B0D8C0E8D0F890B129BC712CF792438
:10C8A00030FA12CA9A700302C9BA8A828B83740161
:10C8B000F0850C08850D09750A0078081208797C46
:10C8C000177D00EA241912CA901208AB850E08855C
:10C8D0000F0978081208797C097D00EE240212CA3B
:10C8E000901208AB7410120B5812AC9B240B12CF91
:10C8F0005E7412120B5812C9E8C0E012B8C7D0E03B
:10C9000012A634C0E012C9C4D0E012C51BC0E012A8
:10C910009E76D0E0F07414120B58E0C0E012C9DA31
:10C92000D0E012C9F1E4F0A3F07415120B58120B09
:10C9300029EE12A5DF3FF583120B1D12C9CEE50BC0
:10C9400012CAB9A3A312AC97240D12CF5E741912A8
:10C950000B58E0C0E012AC38D0E012CFABE0602959
:10C96000EE2430FAE43FFB12C9BD3F12C9F9F508C5
:10C97000A3E0F5097808120879E50C129BC8350D7B
:10C9800012BFB012CF8B1208ABEE241A12B8BA54F1
:10C9900003601D90138212B477600CEEFAEFFB1265
:10C9A000C09F1205568013EEFAEFFB12105D800A4D
:10C9B000EEFAEFFB90136912CB6B02CB8DEE2427BE
:10C9C000F582E422EE2411F582E43FF58322EE1293
:10C9D000C9D32212C2473FF58322EE12C9DF2224B7
:10C9E00012F582E43FF5832212A14D8882F583E09F
:10C9F00022F012C9BD3FF58322F583EAF0A3EBF0E4
:10CA0000E50C240E12CFB4E02274F21203DE8A0C7D
:10CA10008B0D7A2012CA9A606C8A828B83740412FE
:10CA2000CAFC12CAB412CABE8A828B83A3A3A3A370
:10CA3000A312CAB912CAE51208797C107D00EA2453
:10CA40000612CA901208AB850C82850D83A3A3A39E
:10CA5000A3A3A312D7C0EE2416FAE43FFB12178952
:10CA6000850C82850D83A3A3A3A3A3A3A3A3A3A340
:10CA7000E0C0E012CA88D0E012CAC9C0E012CAAA57
:10CA8000D0E012CAEE02AF51EE12BBF63FF58322A0
:10CA9000FAE43FFB1210337403227B001210578A12
:10CAA000088B09AE08AF09EA4F22EE241FF582E495
:10CAB0003FF5832212AFEDA32212CAC3A32212CAEA
:10CAC000C3E02212DC44A3A322F0E50C12BA101238
:10CAD000CFB7E022A3A3A3A312A14DEA228E828F97
:10CAE00083A3A3A3A312DC63750A00780822F0EEE7
:10CAF000FAEFFB90124DE0F912106322F0850C82E0
:10CB0000850D83E012CB1312ACFC850C82850D835E
:10CB1000A3A322F8A3E0F98A828B83A3A3227B003C
:10CB20001210578A0A8B0BAE0AAF0BEA4F2274F62B
:10CB30001203DEEAFEEBFF7A057B00121057EA4B88
:10CB4000601B8A828B83740812BC4412CB6012C7AC
:10CB5000E38A828B83A3A3A3A3F012CB6802A0D99C
:10CB600012CB13E8F0A3E92290124DE0F912106302
:10CB70002212CB78A3A3E022F0850E82850F8322B8
:10CB800012CB78E0F8A3E02274181208AB7F0802F9
:10CB9000063B74F61203DE74EC120943EAFEEBFF67
:10CBA0008A82F58312C7A7707C12C7D16002807594
:10CBB0008E828F83A3A3E070658E828F83A3A3A34D
:10CBC000A3A3E0640470577401120913880889094B
:10CBD000780812087D740212092390137412C7D6C4
:10CBE0001208AB851882851983E060327411120B2C
:10CBF00058E06401702812CC3812087D7508017560
:10CC00000900780812087D7C107D007A117B0112E2
:10CC1000CC321208AB790012211F7A0180027A000F
:10CC200079011220D1741402A0D67C007D007A42D2
:10CC30007B001211717404227402F08582088583CE
:10CC400009780822C082C0839013B07455F0A37491
:10CC50001BF09013B27449F0A3741BF002BD46E8B8
:10CC600024FF18E934FFF922F582E43FF583E08AD6
:10CC7000828B832274F51203DE12CF3B850882F586
:10CC800083E054078A828B83A312CD2E131313548F
:10CC90001F5403C0E0EA12CD25D0E012CD2EC413FC
:10CCA0005407F50A7904A3AA82AB83121045EAF867
:10CCB000EBF9ECFAEDFB12C9DA120B1D12CD15746B
:10CCC00005F0E50AA2E05017E5082405FCE4350963
:10CCD000FD12B8ACEE241612B8BA2408F0800C7C11
:10CCE000087D00790012CD1D12103FEE240E12B8FF
:10CCF000C1701FEE2416F8E43FF98882F583E0FA4C
:10CD0000E5082A12B8D3C0E012C9C4D0E012BE9917
:10CD100004F002A1C1EE12C24D3FF58322EE2406BB
:10CD2000FAE43FFB22240EF582E43FF5832212CD84
:10CD30003222F0850882850983E02274F21203DE34
:10CD40008A088B09EA241612B8D3640D7005750A97
:10CD5000018003750A008A828B8312CF5112D5EBB2
:10CD6000E50AC43354E0F9EA12B8D133333354F846
:10CD7000F88A828B83A3E048498E828F83F0A3AE2A
:10CD800082AF83EA241212C4FA12070412CDC91228
:10CD900008AB8A0C8B0DAE0CAF0DE50AA2E0501368
:10CDA000E5082406FCE43509FD1211D7EE2408FE3F
:10CDB00050010F12B8CF6401700CE508241112B8AD
:10CDC000D38E828F83F002AF51EEFAEFFB1210C3C5
:10CDD00074042274F41203DE74C712094312CF3BA9
:10CDE0008A828B83E07005121B1F800CA3E0F885FC
:10CDF0000882850983E048F012C9DA12070474300A
:10CE0000120923850882850983E0F912CD1D121BC2
:10CE10004374041208AB8E828F83A3A3E0C0E07436
:10CE200001120B58D0E0F0EE241612B8BAC0E0742C
:10CE300002120B58D0E012C7BFC0E07403120B58A7
:10CE4000D0E012CF68C0E07404120B58D0E012B9E1
:10CE50003364017004A3E064017018740C12092398
:10CE6000EE242212B8BAF9EE2418FAE43FFB1216A7
:10CE70005D800E740C12092312B8C712AE6512162B
:10CE8000A5740C120913740A120B58E8F0A3E912E6
:10CE9000ACD774FF12CF6E640270098518828519B1
:10CEA00083E4800DE06403704185188285198374E2
:10CEB00002F0741C120913880A890B780A12087D83
:10CEC000740E120913880A890B780A12087D7C08EF
:10CED0007D00740412091B12CF351208AB741C12AA
:10CEE0000913740A120B5812CF648E828F83A3A386
:10CEF000A3A3120708742E120923740312091B8EB0
:10CF0000828F83E0F9121B5B74021208ABE9FE8585
:10CF1000088285098312D5E0741C12091B12103F88
:10CF20007C107D007900740C12091B12103FEEF981
:10CF300074390285F8121B6D740422EAFEEBFF8A35
:10CF400082F58312CF51E028F508A3E03400F509FB
:10CF500022A3A3E0F88A828B83A3A3A3A322F58252
:10CF6000E43FF58312ACFC2212C7EEA3E022F0EE00
:10CF7000240E12B93B22F582E412CFB7E022E50C71
:10CF800012B59F12CFB722AA82AB8312103374035B
:10CF9000228A828B83A3A3A3A3A3A312CF9F22E001
:10CFA000F8A3E0F985188285198322F0E50C241096
:10CFB00012CFB422F582E4350DF58322121B73746F
:10CFC00004221211657402227C007D007A3A7B00F3
:10CFD000121177740422850882850983E0FAA3E0A0
:10CFE000F5838A822212C7EEA322A3F0121C938A31
:10CFF000088B09750A0078082274F41203DE8A0887
:10D000008B09780812087D750A11750B00780A12D1
:10D01000087D12CFC81208ABE970109013A6120B4E
:10D0200029E508241112C4FA120B1D0285FB74F5C0
:10D030001203DE74EF120943E9851882851983F023
:10D040008A088B09750A0078081208797C107D001F
:10D050007404120B5812CF871208ABA818A91988AC
:10D06000088909780812087D750811750900780883
:10D0700012087D7C007D007A3B12CC301208AB7C1C
:10D08000117D007900AA18AB1912103F741102A18A
:10D09000BE74F01203DE74EB120943E9FE7A11123A
:10D0A000D1B4700302D1AF780812087D750A1175EA
:10D0B0000B00780A12087D7C007D007A3B12CFCEEF
:10D0C0001208ABE9600302D19B850882850983E0E1
:10D0D0006E600302D19B7A117B001210ED8A0A8BDD
:10D0E0000BEA4B700302D19B780A12087D750C1174
:10D0F000750D00780C12087D12CFC81208ABE960DC
:10D100000302D187780812087D780C12087D7C0014
:10D110007D007A3A12CC301208AB9013F17401F012
:10D120009082A2780C120B019013A6780C120AC3FD
:10D1300040069013A612C3D185080C85090D750E03
:10D1400000780C1208797C117D00740312091B12FF
:10D15000CF8B1208AB9013A6120B297411120B5827
:10D16000120B1DA818A919880C890D780C12087DBE
:10D17000750C15750D00780C12087D7C007D007A09
:10D180008212CC301208AB7C117D007900AA0AAB68
:10D190000B12103FAA0AAB0B1210F37C117D007921
:10D1A00000AA08AB0912103FAA08AB091210F374C9
:10D1B0001502CB8A7B001210ED8A088B09EA4B22FC
:10D1C00074F31203DE74FF1209438A098B08EBC45F
:10D1D0003354E0F8EA33333354F849488C828D8372
:10D1E000F0A3AE82AF83740E120B5812070412CD57
:10D1F000C91208AB8A0A8B0BAE0AAF0BE50860199F
:10D20000121C938A0A8B0BAC0AAD0BEEFAEFFB12E1
:10D2100011D7EE2408FE50010F74016509703375B3
:10D220000A3A750B00780A12087D740212091388F5
:10D230000A890B780A12087D12D25A1208ABE970DB
:10D240000B85188285198312B8E180058E828F8341
:10D25000E4F074011208AB02996F7C017D007A0042
:10D260007B00121DA774042274F71203DE8908ECF8
:10D27000FEEDFFEAFCEBFDEEFAEFFB1211D77409AD
:10D28000120B58120704EE2408FAE43F12CDCC1218
:10D2900008AB8A828B83029327E9F874020458F959
:10D2A0007402B900028004C333D9FC541CF902088B
:10D2B0005D74F41203DE74FE1209438908750A3A9C
:10D2C000750B00780A12087D7403120913880A8905
:10D2D0000B780A12087D12D25A1208ABE970567404
:10D2E00001120B58E065086044750A3B750B007825
:10D2F0000A12087D7402120913880A890B780A122F
:10D30000087D12D25A1208ABE9702E851882851951
:10D3100083E06508701FE0F87401120B58E0C398B1
:10D32000500F851882851983E0F9121B377E3A80E9
:10D33000067E3B80027E007F00EEFAEFFB0285F660
:10D3400074F01203DE74D21209437403120B58E90D
:10D35000F07401120B5812C2B5EC8518828519833E
:10D36000F07404120B58EDF07406120B58740E1280
:10D37000B47CC0E07405120B58D0E0F07404120BBA
:10D3800058E0C0E07407120B58D0E0F09013C0E0F2
:10D39000C0E07408120B58D0E0F07409120B5874F6
:10D3A00001F07403120B58E0600302D47D75083A53
:10D3B000750900780812087D74121209138808890B
:10D3C00009780812087D7C1112D25C1208ABE96062
:10D3D0000302D4717411120B58A882A983740E121F
:10D3E0000B5812CF649013A67808120B0185080C15
:10D3F00085090D850A0E850B0F908292780C120A12
:10D400005C9013A6780C120AE3780812087574046D
:10D41000120B58E0F87405120B58E028FCA3E03416
:10D4200000FD7B017A01740C120B58E0F9121B3DD0
:10D4300074041208AB12BE7F742112091B1211D79B
:10D440009013AE12A30E9013AE12919990276678A6
:10D45000081209D640159082927808120B01901399
:10D46000A6780812096F600302D50012B42302D512
:10D4700000740E120B58E4F0A3F002D50085188258
:10D48000851983E0F87401120B58E02812BF62E896
:10D4900012A5B539F583E0F9121B4F8A08A8087464
:10D4A0003A684B600302D55275083A75090078084E
:10D4B00012087D7412120913880889097808120865
:10D4C0007D7C1112D25C1208ABE9700302D5827424
:10D4D0000E120B58E4F0A312B47CF87401120B582E
:10D4E00012D5EB7408120B58E0F88E828F83E04857
:10D4F000F0EE2405FCE43FFD742112091B1211D744
:10D50000851882851983E0F87401120B5812D5EB47
:10D510008E82F583A3A982AA8389088A09750A00E5
:10D5200078081208797C047D00742C120B5812CFF5
:10D53000871208AB8E828F83E0C0E0742D120B58E7
:10D54000D0E0F0740E120B5812B477704A79A10231
:10D55000D5DB743B684B600302D4CF75083B75097B
:10D5600000780812087D7412120913880889097856
:10D570000812087D7C1112D25C1208ABE96003022C
:10D58000D4CF7411120B58A882A983740E120B58B1
:10D59000E8F0A3E902D4D77401120B5812070874FB
:10D5A00023120923740712091B7405120B58E0F9A2
:10D5B000121B5B74021208ABE9FE85188285198381
:10D5C000E0F87401120B5812DC8612D5E0741112C7
:10D5D0000B58AA82AB8312103FEEF9742E02CB8A4D
:10D5E000E054F8F07C107D00790022E028FEA3E0F2
:10D5F0003400FF2274F01203DE74E812094374034E
:10D60000120B58E9F07404120B5812ACCCEAFEEB82
:10D61000FF7508007509008A82F583A3A3A3A3A35D
:10D62000A3A3A3A312C3DA120B5812CF647401127E
:10D630000B5812AE65121DD190145474D7F0A37418
:10D640001D12CF68F88E828F83E028F50BA3A3A369
:10D65000E0C394048E828F83A3A3E05009250BF5C9
:10D660000B750A008002F50A8E828F83A3A312B87D
:10D67000E7E9851882851983F07428120B58E0F5C4
:10D680000EA3E0F50FAA0AA80BE50E28F8E4350F63
:10D69000F9E82AF8E439F97406120B5812C3E012BB
:10D6A0000B5812B8DCA3A3600302D741E0C3940473
:10D6B00040037509017408120913880C890D780C50
:10D6C00012087D7403120B58120708E50BF50C7550
:10D6D0000D00780C12087D780E12087DEAF50C78A2
:10D6E0000C12087D12D7AD12087D7B027410120B4C
:10D6F0005812D7C2740C120B58E0FAA909121DF582
:10D70000740C1208ABE9F9600302D7AA78008518F7
:10D7100082851983E0FAE8C39A400302D7AAE8FA9F
:10D720007408120B5812D8C3E0C0E07406120B58EC
:10D73000E02AFCA3E034008C82F583D0E0F008807E
:10D74000CDE0C394044003750801740812091388DE
:10D750000C890D780C12087D7403120B58120708FF
:10D76000E50BF50C750D00780C12087D780E12088B
:10D770007D7408120B58E0FAE50A2AF50CE434002F
:10D78000F50D780C12087D12D7AD12087D7B02745E
:10D7900010120B5812D7C2740C120B58E0FAA908D9
:10D7A000121DFB740C1208ABE9F902CB88A80BE53B
:10D7B0000E28F50AE4350FF50B780A228E828F8346
:10D7C000A3A312D7C622E0FCA3E0FD2274F7120344
:10D7D000DEE9FE9013B012B477600812C09D120506
:10D7E000568002790102A84D74F71203DEE9FE901B
:10D7F00013B212B477600812C09D120556800279E8
:10D800000002A84D74F11203DE74E012094378009F
:10D81000742F120B5812986AEE2812B8BA6436C0E8
:10D82000E0851882851983E58228F582E43583F541
:10D8300083D0E012DCB040E07431120B5812DC9857
:10D8400012087D8C0A8D0B780A12087DEAFCEBFD2C
:10D850007901740412091B12CFBC1208AB85080CA5
:10D8600085090D750E00780C1208797C107D007406
:10D870001312091B12CF8B1208AB7800E8FAEE2ABC
:10D8800012B8BA645CC0E085188285198312D8C3C7
:10D89000D0E012DCB040E5780812087D750880758C
:10D8A0000900780812087D741412092379017404A0
:10D8B00012091B12CFBC1208AB74201208AB7F07F1
:10D8C00002063B12D8C722E5822AF582E43583F5A9
:10D8D000832274F01203DE74DF120943E985188293
:10D8E000851983F08A0C8B0D8C0E8D0F7431120B01
:10D8F0005812DC5F74037808120AF2AA08740478DC
:10D9000008120AF2AE08AF09EA540FF50B7C107D3D
:10D910000079007433120B5812DC6B85188285195C
:10D9200083E060607433120B5812CAE51208797CE8
:10D93000107D00740412091B12CF8B1208AB850CEA
:10D9400008850D0978081208797C107D007436125C
:10D950000B5812DCA41208AB7433120B5812DC9271
:10D9600012091B12DC4DE8FAE50C2A12CF76FC7482
:10D9700033120B5812DCAD40ED7431120B58E02419
:10D980008012A311850E0C850F0DEEF8EFF9E82437
:10D99000FF1EE934FFFFE84960667433120B58122A
:10D9A000CAE51208797C107D00740412091B12CF9D
:10D9B0008B1208AB850C08850D0978081208797C54
:10D9C000107D007436120B5812DCA41208AB7433AD
:10D9D000120B5812DC9212091B12DC4D850C828549
:10D9E0000D83E0FCE8FA7433120B5812DCB712DC3A
:10D9F0004485820C85830D08E8C39410508C80DC2C
:10DA0000E50B600302DA9A7433120B5812CAE5125E
:10DA100008797C107D00740412091B12CF8B120848
:10DA2000AB7C0E7D0079007433120B5812DC6B74E2
:10DA300033120B5812C2897480F07431120B58A340
:10DA4000E0C0E07433120B5812B43ED0E0F07431F1
:10DA5000120B58E0C0E07433120B5812B452D0E0ED
:10DA6000F078081208797C107D00741412091B12DA
:10DA7000CF8B1208AB7433120B5812DC9212091BB5
:10DA800012DC4DE8FA7411120B5812DC53120B58C9
:10DA900012DCAD400302DC3F80E9C3940E743350C6
:10DAA0000302DBA2120B5812CAE51208797C107D22
:10DAB00000740412091B12CF8B1208AB7C107D007E
:10DAC00079007433120B5812DC76120879AC0B7D96
:10DAD000007436120B5812DCA41208ABA80B743376
:10DAE000120B5812DC7F78081208797C107D0074C4
:10DAF0001412091B12CF8B1208AB7433120B58127D
:10DB0000DC9212091B12DC4DE8FA7411120B581248
:10DB1000DC53120B5812DCAD40EE7433120B58126A
:10DB2000DC981208797C107D00740412091B12CF56
:10DB30008B1208AB7C0E7D0079007433120B5812E7
:10DB4000DC6B7431120B58A3E0C0E07433120B5835
:10DB500012B43ED0E0F07431120B58E0C0E07433E0
:10DB6000120B5812B452D0E0F078081208797C10E9
:10DB70007D00741412091B12CF8B1208AB74331280
:10DB80000B5812DC9212091B12DC4DE8FA741112C8
:10DB90000B5812DC53120B5812DCAD400302DC3F71
:10DBA00080E9120B5812CAE51208797C107D0074C6
:10DBB0000412091B12CF8B1208AB7C0E7D0079007A
:10DBC0007433120B5812DC76120879AC0B7D00749A
:10DBD00036120B5812DCA41208ABA80B7433120BCC
:10DBE0005812DC7F7431120B58A3E0C0E07433127A
:10DBF0000B5812B43ED0E0F07431120B58E0C0E084
:10DC00007433120B5812B452D0E0F078081208792D
:10DC10007C107D00741412091B12CF8B1208AB7498
:10DC200033120B5812DC9212091B12DC4DE8FA7405
:10DC300011120B5812DC53120B5812DCAD40EE746B
:10DC40002102CB8AF0850C82850D83A322121B79D9
:10DC500078002212D8C7E0FC743322A3A3A3A31236
:10DC6000DC6322E0F508A3E0F5092212DC6F221242
:10DC7000AE6D12103F2212DC6F750E00780C22126E
:10DC8000DC867480F022E028FAA3E034008A82F572
:10DC9000832212D7C674012212DC63780822F5822F
:10DCA000E438F58312AE6912103374032212DCB724
:10DCB000F008E8C3941022E02AF9A3E03400898236
:10DCC000F583E06C2274F61203DE12DCD3121DD74A
:10DCD00002A0D9EAFEEBFF8C088D09121DD1AC0819
:10DCE000AD09EEFAEFFB2274F41203DE8908EAFEB6
:10DCF000EBFF90121AE07024750A3F750B13780A37
:10DD000012087D7C147D007A007B0012122B7402B5
:10DD10001208AB12139990121A7401F07A057B0065
:10DD20001210ED8A0A8B0BA80AA90BE84970047936
:10DD300010804388828983E4F0A3F088828983A3DA
:10DD4000A3E508F088828983A3A3A3EEF0A3EFF0F4
:10DD500090121812EF9E901218601612E73C800382
:10DD6000EAFCEBFD8C828D8312EF9E70F38C828D2A
:10DD70008312EB11790002DDFDEDF0A818A91988D6
:10DD800008890978082274F61203DE74FE1209432A
:10DD9000E9FEEC851882851983F07401120B581284
:10DDA000DD7912087D750802750900780812087D72
:10DDB0007411120B5812DDD9120881E4F5087808A5
:10DDC00012087D7413120B5812DDD91208817508E0
:10DDD00001780812088102E5F8E0F508780822E9E0
:10DDE000F0A818A919880A890B780A227D00EEF993
:10DDF000121243740B1208AB74031208AB7F0402B7
:10DE0000063B74EC1203DE74FF120943890F8A1279
:10DE10008B138C118D107417120B5812EB1DE0240C
:10DE200003851882851983F0FEFA7B001210ED8AB3
:10DE3000088B09EA4509700302DEE37415120B58DA
:10DE400012E500F0E9A3F0850A82850B8312E1A3B5
:10DE5000850A82850B83A3A982AA83890C8A0D7502
:10DE60000E00780C120879850A82850B83E0FC7D10
:10DE700000E5082403FAE43509FB12103374031299
:10DE800008AB780812087D8E0A750B00780A120814
:10DE90007D741D120B5812E19C120881E4F50A787A
:10DEA0000A12087DE510F50A780A120881750A0041
:10DEB000780A120881750A01780A120881E511F5BD
:10DEC0000A780A1208817C047D00AA12AB13A90FFC
:10DED000121243740B1208ABE9FEAA08AB09121028
:10DEE000F380027E10EEF974011208AB7F0C02067B
:10DEF0003B74EC1203DE890A8A0E8B0FECFEEDFFF9
:10DF00007800600278017416120B58E0F50BC333E9
:10DF10000428F50C750D00FAAB0D1210ED8A088B74
:10DF200009EA4509700302DFE7A808A909EF6008BC
:10DF30007415120B5812E50888828983E50BF0A34B
:10DF4000A882A9837C007417120B5812E750803006
:10DF5000EC25E0F510E433F511EA2510F510EB356A
:10DF600011F511851082F58312E177F08510828515
:10DF70001183A312E177A3F0E82402F85001090C01
:10DF8000ECC3950B40CA780812087D780C12087D06
:10DF9000741E120B5812E512120881E4F50C780C6D
:10DFA00012087D7420120B5812E512120881741C9D
:10DFB000120B5812E512120881750B01780B12082A
:10DFC00081EEF50B780B1208817C047D00AA0EAB64
:10DFD0000FA90A121243740B1208ABE9F50BAA0839
:10DFE000AB091210F38003750B10A90B02DEEC7461
:10DFF000F41203DE74FD120943E9FEECFF8518827A
:10E00000851983EDF0740F120B5812EF1C74011276
:10E010000B58E8F07402120B5812DDDF12087D7500
:10E020000A03750B00780A12087D7416120B581239
:10E03000E068120881E4F50A780A12087D74181263
:10E040000B5812E0681208817509017809120881DD
:10E050007809120881EFF50978091208817C040219
:10E06000DDEC851482851583E0F50978092274EAD0
:10E070001203DE89108A148B158C0F8D11780474AD
:10E0800016120B58E0F50CA3E0F50DE50C2402F593
:10E090000AE4350DF50BEC7009850A82850B83E0E7
:10E0A00028F8E8FEFA7B001210ED8A088B09EA4591
:10E0B00009700302E1708A828B83E50F12E17D1201
:10E0C000E1A912E17D12E1A2EA2403F8E43509F99D
:10E0D000E50F703C850A82850B8312E17712E17DA2
:10E0E000A3A3A3A982AA83890C8A0D750E00780CBC
:10E0F000120879850A82850B83E0FC7D00E50824FF
:10E1000004FAE43509FB12103374031208AB8006DD
:10E1100088828983E4F0780812087D8E0A750B00E6
:10E12000780A12087D741C120B5812E19C120881A7
:10E13000E4F50A780A12087DE511F50A780A120852
:10E1400081750A01780A120881780A120881780A12
:10E150001208817C047D00AA14AB15A91012124389
:10E16000740B1208ABE9FEAA08AB091210F3800287
:10E170007E10EEF902F632E08882898322F0850C67
:10E1800082850D83221208AB7F1002063BEE240825
:10E19000F50CE43FF50D750E00780C22E0F50A78D9
:10E1A0000A22A312E1A9A3F022E08A828B83A32290
:10E1B00074F41203DE74FC120943E9FEECFF7C03E5
:10E1C000851882851983EDF07410120B5812EF1C1C
:10E1D0007401120B58E8F07402120B58E9F0EC6F5E
:10E1E00060117412120B58E0C0E0EC120B58D0E032
:10E1F000F07C04A818A919880A890B780A12087DEE
:10E20000ECF50A750B00780A12087D7418120B5889
:10E2100012E068120881E4F50A780A12087D741A7F
:10E22000120B5812E068120881750901780912086A
:10E23000817809120881EFF50978091208817C05B7
:10E240007D00EEF9121243740B1208AB740402DD68
:10E25000FA74E81203DE74FE1209438518828519E8
:10E260008312EB1789178C168D0F7804741A120B12
:10E270005812E401F512E43FF513ED701385148292
:10E28000851583E0F8851282851383E0282407F83A
:10E29000E8F50A750B00FAAB0B1210ED8A088B0932
:10E2A000EA4509700302E3E18A828B83E50FF08E71
:10E2B000828F8312E3F812E1A28E828F83A3A312CE
:10E2C000E3EAE50F600302E3828E828F83A3A3A3B8
:10E2D00012EF1C74416516701FE875F00AA4F8AAC5
:10E2E000F075F00AE9A42AF98E828F83A3A3A3A371
:10E2F000A3E028F8A3E039F9E88508828B83A3A37B
:10E30000A3A3F0E98508828B83A3A3A3A3A3F0852D
:10E310001282851383E08508828B83A3A3A3A3A322
:10E32000A3F0E5082407F510E43509F511851282FC
:10E33000851383E0F9602812E18D120879E9FC7DEC
:10E3400000AA10AB1112103374031208AB851282AD
:10E35000851383E0F8E51028F510E43511F51185F3
:10E360001482851583E0F96019EE241812E19012E9
:10E370000879E9FC7D00AA10AB1112103374031266
:10E3800008AB780812087D780A12087D7421120BF8
:10E390005812E19C120881E4F50A780A12087D748B
:10E3A00023120B5812E19C120881750A01780A1297
:10E3B0000881780A120881E516F50A780A120881A0
:10E3C0007C057D00740B120B5812E750A91712122E
:10E3D00043740B1208ABE9FEAA08AB091210F380D4
:10E3E000027E10EEF9740202E18512E3EFF022E002
:10E3F0008A828B83A3A3A32212E1A9F08E828F834A
:10E400002212EB51EE2417F514E43FF515EE240724
:10E410002274EE1203DE890A8A0E8B0FECFEEDFFEA
:10E4200078047412120B58E0F50BEE700574052594
:10E430000BF8E8F50C750D00FAAB0D1210ED8A081B
:10E440008B09EA4509700302E4F6EE8A828B83F0B9
:10E45000EFA3F07415120B5812E500A3A3F0E98A9C
:10E46000828B83A3A3A3F0EE70318A828B83A3A354
:10E47000A3A3E50BF0EA2405F8E43509F97C007460
:10E4800013120B5812E750800CEA2CF582E43BF58E
:10E490008312E5080CECC3950B40EE780812087D5A
:10E4A000780C12087D741C120B5812E512120881A8
:10E4B000E4F50C780C12087D741E120B5812E5124C
:10E4C000120881750B01780B120881780B120881F4
:10E4D000750B06780B1208817C057D00AA0EAB0F28
:10E4E000A90A121243740B1208ABE9F50BAA08AB88
:10E4F000091210F38003750B10A90B7F0A02063B6B
:10E5000012F9B48A828B832212E177F0A3A882A940
:10E510008322E0F50B780B22C082C0838A828B8332
:10E52000A3A3E0540764017007121345E9F98002C0
:10E53000790102EFB974F61203DE12E5ED12E7413C
:10E54000FC90121812EDFA605788828983A3A3E029
:10E550006C8882898370EDA3A3A312E73CFDEC4D88
:10E56000603E8E828F83A3A3A3A3E0F508A3E0F50A
:10E570000978081205F5000005A0E587E5A0E5A0EB
:10E58000E5BCE5C1E5D6E58A828B83A3A3E0540808
:10E5900070268A828B83A3A3A3A3A3A3A3E0600412
:10E5A000790180478C828D8312EF1C88828983E5F4
:10E5B00082458360031205567900802F12134B8029
:10E5C000288A828B83A3A3E0540870051213578016
:10E5D0001812135D80138A828B83A3A3E054087002
:10E5E00005121387800312138DE9F9802B8A828B21
:10E5F0008312F9B4FEE9FF22780812088175080039
:10E6000078081208817C037D00EEF9121243740B26
:10E610001208AB74021208AB7F0202063B74F412BC
:10E6200003DE74FA1209438A088B098A828B83A35A
:10E63000A3A3A3A3A3A3E0F88A828B83A3A3E0549C
:10E6400008600302E6FEE8702B8A828B83A3A3A3F3
:10E65000A3A3A3A3A312F9B0FAE9FB850882850955
:10E660008312EB5E8A828B8312E73CFBECFA122169
:10E670003702E735740168600302E7018518828577
:10E680001983E4F0A3F012E5EDE4F50AF50B780A3E
:10E6900012087D7402120913880A890B780A12087D
:10E6A0007D7C007D008E828F83A3A3A3A312E750FD
:10E6B00012E741F91212AF74041208AB8518828573
:10E6C000198312EDFA606E85088285098312F6724D
:10E6D000850882850983A3A3A3A3A3A312DDD9126E
:10E6E000088175080178081208817402120B58120B
:10E6F000EB3212130F74021208AB79FF8039E86015
:10E7000004790180328A828B8312F8D57402120B4D
:10E710005812EF94A3A3A3A3A3A3A3A312EFC01221
:10E72000E73CF9ECF87404120B5812EB1174021266
:10E73000091B120B777900740602DDFAE0FCA3E0F6
:10E740002212E74522EE2414F582E43FF583E0220D
:10E7500012E75422E0FAA3E0FB2274F11203DE7404
:10E76000FF1209438909EAFEEBFF8C0A8D0B85181D
:10E7700082851983E4F08C828D83A3A3E0F508E4FD
:10E78000F50CF50D780C12087D7402120913880C33
:10E79000890D780C12087D7C007D007A047B00A92D
:10E7A000091212AF74041208AB851882851983E030
:10E7B000603FE508C39410400375080F8E828F8375
:10E7C000A3A3E508F0850A82850B83A3A3A3A982EE
:10E7D000AA83890C8A0D750E00780C120879AC0892
:10E7E0007D00EE2403FAE43FFB1210337403120899
:10E7F000ABEEFAEFFBA9091219C974011208AB7F3D
:10E800000702063B74EA1203DE74CA120943EAFEE9
:10E81000EBFF750C007402120B58E4F0A3F07508BE
:10E82000007C12FDF9740412091B12103F8E828FB6
:10E8300083A3A3A3A3A3A3A3A312EB1DA3A882A9AD
:10E8400083850A82F583E0FC88828983E0FBECFA09
:10E850007404120B5812EB17EE2406F510E43FF582
:10E8600011EE2407F50EE43FF50F850E82F583E0E7
:10E87000601E14605614700302E90B14700302EA60
:10E880003414700302EA8014700302EAC102EB0739
:10E89000AC0AAD0B740412091B12EB5A121351E9A6
:10E8A000FC600B74B86C70047C8A80027C8912EB6B
:10E8B0003A12088175080178081208817406120B53
:10E8C00058120708ECFD7C0002EA6F7404120B5822
:10E8D000E0FA12EB5A1219CF8A088B09EA4509604F
:10E8E000047C00800B7C8B7404120913880889094E
:10E8F00012EB2A120881780812087D7D0112F63782
:10E9000012132774031208AB02EA7A850A82850B78
:10E9100083E0F512880A890B7A207B001210ED8AB9
:10E92000088B09EA4509700302E9DEE512700B1253
:10E93000EB5A1219DBE9F50C8058F50D850A828532
:10E940000B8312F8AD7404120B5812EB11E50A2474
:10E9500002F50A5002050B7404120B5812EB571201
:10E9600019CF8B0FEA450F601F7404120B5812E782
:10E9700050A80CE828F8E433F9E50828F582E50901
:10E9800039F58312EB17050C150DE50D70AEE50C8E
:10E9900060431219EDE9F912EB2A120881750A0198
:10E9A000780A120881780812087DE50CF50A780AC1
:10E9B0001208817410C399F50A780A120881750A41
:10E9C00001780A1208817D017C0212F63712131BAE
:10E9D00074071208ABAA08AB091210F38054850E15
:10E9E00082850F83E0851882851983F07401120BEC
:10E9F000587489F012EB3A120881E4F508F50978A9
:10EA00000812087D75080178081208817808120834
:10EA100081740512091388088909780812087D8E07
:10EA2000828F83A3A3A3A312EB3212125574071291
:10EA300008AB80467404120B58E0FA12EB5A12131A
:10EA40007B7404120B5812EB571219E1E960047C35
:10EA50000080027C8B12EB3A12088175080178085D
:10EA60001208817406120B58120708ECFD7C031281
:10EA7000F63712132174041208AB7508FF02EB0A73
:10EA8000741612091B12EB5A1219DBE9F50A607AA7
:10EA9000750900A809E828F8E433F97416120B5830
:10EAA000E58228F582E58339F58312EB5712137B53
:10EAB0000509E509C3950A40DA12EB5A1219E780F5
:10EAC00049E4F50EF50F780E12087D74041209134F
:10EAD000880E890F780E12087D7C007D007A037BFA
:10EAE0000012EB5A1212AF74041208AB7402120B2C
:10EAF0005812EDFA6014AC0AAD0B740412091B1223
:10EB0000EB5A1213518003750801A908743602F6F6
:10EB10002FE8F0A3E9F022EAF0A3EBF022E0F50AF7
:10EB2000A3E0F50B850A82F5832212EB42F50A7801
:10EB30000A2212E73CFD12F63B2212EB42F508785E
:10EB4000082212EB4D851082851183E0228E828F80
:10EB500083E0FEA3E0FF2212E7548E828F83E0F869
:10EB6000A3E0C82414F582E438F583E0F92274EABE
:10EB70001203DE74E41209438A0E8B0F8C088D0990
:10EB800012F6667513007C127D007900740A120972
:10EB90001B12103F7C0A7D007900AA18AB191210D5
:10EBA0003FEE2402FAE43FFBE508240CF50850028E
:10EBB00005098E828F83A3A882A983E50E2407F519
:10EBC0000AE4350FF50B850A82F583E0600F1460C7
:10EBD0000C14700302EC9F14600302ED4F8E828FC1
:10EBE00083E0FC7403120B58EC12F889E0F50C8AF0
:10EBF000828B83E0F9740A120B58E50C12EB12ECCD
:10EC0000705B850A82850B83E0640170508E828F71
:10EC100083A3A3E0F9EE2403FE50010FE9C394108F
:10EC20004002790F740C120B58E9F08E108F117599
:10EC300012007810120879E9FC7D007410120B584C
:10EC4000AA82AB8312103374031208AB740C120B3C
:10EC500058A882A9837408120B5812EB11850882F8
:10EC600085098312EDFA700302ED5212ED65C0E0E2
:10EC70007402120B58D0E0F07404120B587401F0B7
:10EC8000740A1209137405120B5812EB117407124F
:10EC90000B58E412ED5912EFD712055602ED5275DA
:10ECA0000C00750D008E828F83E0C0E07407120B9C
:10ECB00058D0E0F088828983E0F5100E0EEBFFE576
:10ECC00010605125E0FAE433FB1210ED8A0C8B0D35
:10ECD000EA450D603F7404120B58E510F07A00808D
:10ECE0002D8E828F8312E73CF8E4C8F9EC28E439D2
:10ECF000FDEA25E0F8E433F9E50C28F582EB39F577
:10ED000083ECF0A3EDF0EE2402FE50010F0AEAC3FB
:10ED1000951040CD85088285098312EDFA60211295
:10ED2000ED65C0E07402120B58D0E0F07405120BD0
:10ED300058E50CF0A3E50D12ED5912EFD712055668
:10ED4000E50C450D600CAA0CAB0D1210F380037599
:10ED50001301A913741C02F62FF0AA18AB19850829
:10ED60008285098322850E82850F8312F8C6850A63
:10ED700082850B83E02274F11203DE890A8A088BF4
:10ED8000097A3A7B001210ED8A0C8B0DAE0CAF0D98
:10ED9000EE4F7004791080598E828F83E4F0A312B5
:10EDA000F8A212F6471208797C377D00EE2403FAA8
:10EDB000E43FFB12103374031208AB90121B12EDE8
:10EDC000FA90121B7006EEF0A3EF801FE0FAA3E0AA
:10EDD0008003E8FAE9FB8A828B8312EDFA70F3EE86
:10EDE000F8EFF98A828B83E8F0A3E9F012139379A4
:10EDF0000002E7FF8E828F83A3A312F9B449227425
:10EE0000F71203DEE9FD90121B80048E828F8312BD
:10EE1000F672EE4F602E8E828F83A3A3E06D6005A5
:10EE200074FF6D70E612EE4DE06A7003A3E06B7044
:10EE3000DA8E828F83A3A3A3A3A3E06C70CDE8FA3C
:10EE4000E9FB80047A007B007F0102063BEE24038D
:10EE5000F8E43FF9888289832274F61203DEE9FF21
:10EE60007E0090121B803688828983A3A3E06F7096
:10EE70002888828983A3A3A3E06A7003A3E06B7050
:10EE80001888828983A3A3A3A3A3E0C0E0EC2EF596
:10EE900082E43DF583D0E0F00E8882898312EDFA9A
:10EEA00070C5EEF902E61874F71203DEE9FEECFF16
:10EEB00090121B12EF1C7C007D00800BE8FCE9FD2A
:10EEC0008882898312EF1CE849604C88828983A379
:10EED000A3E06E70E788828983A3A3A3E06A70032E
:10EEE000A3E06B70D788828983A3A3A3A3A3E06F59
:10EEF00070CA8882898312E750EC4D700590121B0E
:10EF000080048C828D8312EB17E8FAE9FB1210F370
:10EF100012139379018002790002EE48E0F8A3E031
:10EF2000F92274F31203DE890C8A088B0990121BF4
:10EF300012E7507E007F0080158E828F8312EF943F
:10EF4000E0F50AA3E0F50B1210F3AA0AAB0BEA4BAB
:10EF5000603A8A828B83A3A3E0650C70228A828B3D
:10EF600083A3A3A3E065087004A3E0650970108A79
:10EF7000828B8312EF1CEE4F70BF90121B80BEEA93
:10EF8000FEEBFF8A828B8312E75080C21213937FBD
:10EF90000502063BE8F0A3E9F08A828B832212E7A0
:10EFA00054EA4B22C082C083790090121B80010971
:10EFB00012EFC0E582458370F6D083D08202085DEF
:10EFC00012E7548A828B8322E8F0A3E9F0AA18ABF7
:10EFD00019850A82850B83E0F8A3E0F583888222F5
:10EFE00074EA1203DE74C4120943EAFEEBFF8C0ECE
:10EFF0008D0FEE2408F510E43FF511851082F5839E
:10F00000E0F508A3E0F509750D00750A00750B0021
:10F01000851882851983E4F0750C007C37FDF9743E
:10F020000512091B12103F12F8A77405120B581293
:10F03000EB11850882850983A3A3E0FC7407120BFA
:10F0400058ECF0E5082403F50850020509EE240603
:10F05000F514E43FF515EE2407F512E43FF51385AA
:10F060001282F583E0602714700302F2CB14700360
:10F0700002F35414700302F3B914700302F41D1464
:10F08000700302F52014700302F56E02F62812F8E0
:10F09000A77408120B5812EB11851282851383E0B6
:10F0A0006440702D7408120B58E0F87A0A7B001245
:10F0B0000296740A120B5812EB177408120B5812AE
:10F0C000EF1C7A0A7B001202967408120B5812EB9E
:10F0D00011850882850983A3A3E0F50AE5082403C6
:10F0E000F50850020509780C12087D740212091304
:10F0F000880C890D780C12087D7C047D007A057BD4
:10F100000012EB5A1212AF74041208AB85188285F4
:10F110001983E0602AE50AC394104003750A0F744E
:10F120000C120B5812F647120879AC0A7D007410C5
:10F13000120B58AA82AB8312103374031208ABA8C7
:10F140000AE50828F508E43509F5098510828511D6
:10F1500083E0F8A9088E828F83A3A3A3A3A3A3A30C
:10F16000A3A3A3E0C39928F8741C120B58E8F0601D
:10F170002AC394204003741FF0750A00780812080F
:10F1800079741F120B58E0FC7D007420120B58AAF2
:10F1900082AB8312103374031208AB7405120B5840
:10F1A00012EDFA60157405120B5812EB571219CFB5
:10F1B0008B09EA4509700302F2847407120B58E0C8
:10F1C000FC7405120B5812EB571213698A0A8B0B49
:10F1D000EA450B700C121381E9C39410400302F24C
:10F1E0007F750800E50A450B700302F2727408127D
:10F1F0000B5812EF1C850A82850B83A3A3A312EB85
:10F2000011740C120B58A982AA83890C8A0D750EF1
:10F2100000780C1208797C107D00E50A2407FAE4D6
:10F22000350BFB12103374031208AB741D120B580C
:10F23000A982AA83890C8A0D780C120879741F128E
:10F240000B58E0FC7D00E50A2418FAE4350BFB12AC
:10F25000103374031208AB741C120B58E0C0E0E5C5
:10F260000A2417F582E4350BF583D0E0F0121393EE
:10F270008015740512091B12EB5A1213638008756E
:10F280000889800375088512F676600302F623125A
:10F29000EDF4600302F623851282851383E0600398
:10F2A00002F62312E062120881750901780912083A
:10F2B000817409120B5812E0681208817408120B4D
:10F2C00058120708AD087C0002F5127405120B589D
:10F2D00012EB571213698A0A8B0BEA450B6005750E
:10F2E0000800802D7405120B5812EDFA6017740592
:10F2F000120B5812EB571219CF8B09EA450970050A
:10F30000750885800375088B7405120913880A89AE
:10F310000B12F676600302F62312EDF4600302F698
:10F3200023851282851383E06401600302F62312B1
:10F33000E0621208817509017809120881780A12C1
:10F34000087DAD087C0112F63712133374041208DD
:10F35000AB02F6237405120B5812EB57121375E922
:10F360006005750800801A7405120B5812EB5712CD
:10F3700019CF8B09EA450970057508858003750862
:10F380008B12F676600302F62312EDF4600302F6A8
:10F390002312E0621208817509017809120881744C
:10F3A00009120B5812E0681208817408120B5812E7
:10F3B0000708AD087C0202F5127405120B5812ED15
:10F3C000FA60127405120B5812EB571219CF8B0901
:10F3D000EA450960107405120B5812EB5712137BA3
:10F3E000750800800375088512F676600302F6231F
:10F3F00012EDF4600302F62312E06212088175092F
:10F4000001780912088175090078091208817408C9
:10F41000120B58120708AD087C0302F5127405128E
:10F420000B5812EDFA60157405120B5812EB5712B7
:10F4300019CF8B09EA4509700302F4DA7407120B3D
:10F4400058E0FC7405120B5812EB571213698A0A24
:10F450008B0BEA450B7009121381E9C394105075A8
:10F46000C200750800E50A450B70097405120913FE
:10F47000880A890BE50E240EF582E4350FF5831218
:10F48000EDFA602612F656120B5812EB177403129F
:10F490000B58E50AF0A3E50BF0740112091B8882F2
:10F4A0008983120556E96002D20074051209138897
:10F4B0000C890DE50A650C7004E50B650D700D7483
:10F4C0000512091B12EB5A1213638011A200500D92
:10F4D0001213938008750889800375088512F676E3
:10F4E000600302F62312EDF4600302F62312E062D9
:10F4F00012088175090178091208817409120B58E4
:10F5000012E0681208817408120B58120708AD083F
:10F510007C0412F63712132D74051208AB02F62381
:10F520007405120B5812EB571213698A0A8B0BEAF7
:10F53000450B700302F62BE50E2410F582E4350F1F
:10F54000F58312EDFA700302F62B12F656120B58E1
:10F5500012EB177403120B58E50AF0A3E50BF074D5
:10F560000112091B8882898312055602F62B740545
:10F57000120B5812EDFA60127405120B5812EB5769
:10F580001219CF8B09EA450960477A107B001210E7
:10F59000ED8A0A8B0BEA450B6032AC0AAD0B7405A1
:10F5A000120B5812EB5712136FE9F50D7508001284
:10F5B000F9AC2415F582E439F583E0700988828975
:10F5C0008312EDF8600EE50D700A80507508898091
:10F5D00003750885121381E9F98E828F8312F67202
:10F5E00012E0621208817509017809120881740716
:10F5F000120B58120708780A12087DE50DF50978F4
:10F60000091208817410C399FDAC0812F637121361
:10F610003974071208ABE50A450B6007AA0AAB0B61
:10F620001210F3750CFF8003750C01A90C743C12C9
:10F6300008AB7F0E02063B12F63B22EE2406FAE4EC
:10F640003FFB12E745F922E50AF085080C85090D14
:10F65000750E00780C228E828F83E02406FAA3E0D8
:10F660003400FB7401228A828B83A3A3A3A3A3A3E8
:10F67000A3A312EB512212EB4DEE2415F582E43FC9
:10F68000F583E02274EA1203DE74BF1209438A1084
:10F690008B118C0A8D0B12F6667512007C377D007B
:10F6A0007900740A12091B12103F7C0A7D00790050
:10F6B000AA18AB1912103F8E828F83E0C0E074034A
:10F6C000120B58D0E012F893E5102407F508E43542
:10F6D00011F509850882F583E0640670148E828F27
:10F6E00083E0C0E07407120B58D0E012F89B0EAF15
:10F6F000838E828F8312F8AD740A120B5812EB11AD
:10F70000EE2402FE50010F8E828F83A3A882A9836C
:10F71000E50A2412F50A5002050B85088285098343
:10F72000E0607B14601314607514607214606F24C1
:10F73000FE700302F7E602F87F8E828F83E0C0E05E
:10F74000740C120B58D0E012F88912F8AD740D1237
:10F750000B58E8F0A3E912F8A2E0F50FEE2403FE3F
:10F7600050010FE50FC394104003750F0F74111271
:10F770000B58E50FF08E0C8F0D750E00780C1208EB
:10F7800079AC0F7D007415120B58AA82AB8312104E
:10F790003374031208ABA80FEE28FEE43FFF850A7E
:10F7A00082850B8312EDFA700302F8828508828548
:10F7B0000983E06403600F8E828F83E0C0E0740CE5
:10F7C000120B58D0E0F012F8B5C0E07402120B58DA
:10F7D000D0E0F0740A1209137408120B5812EFC823
:10F7E00012055602F882750C00750D007403120B99
:10F7F00058E070488E828F83E0F50EE8FEE9FFE561
:10F800000E6039FA7B001210ED8A0C8B0DEA450D63
:10F81000602A7404120B58E50EF0780080188E826E
:10F820008F83E0C0E0E8FAE50C2AF582E43BF5833B
:10F83000D0E012F89308E8C3950E40E2850A82856D
:10F840000B8312EDFA602912F8B5C0E07402120BB6
:10F8500058D0E0F07405120B58E50CF0A3E50DF05C
:10F86000740A1209137408120B5812EFC8120556C5
:10F87000E50C450D600CAA0CAB0D1210F38003755E
:10F880001201A912744102F62FF0E8FEE9FF8E8200
:10F890008F832212F89BAE82AF8322F08E828F83F9
:10F8A000A32212F89BA322850882850983E0FAA38C
:10F8B000E0F9EAF82285108285118312F8C68508DE
:10F8C00082850983E02212F8D5851882851983E89C
:10F8D000F0A3E9F022E02406F8A3E03400F9227452
:10F8E000F51203DE74C6120943851882851983E474
:10F8F000F0A3F090121BE0FEA3E080798E828F834C
:10F90000A3A3E0C0E07402120B58D0E012F8A2A347
:10F91000A982AA8389088A09750A007808120879D9
:10F920007C377D007406120B58AA82AB8312103309
:10F9300074031208AB740212091388088909780845
:10F9400012087D750838750900780812087D74045E
:10F95000120B5812F9B012FA9612117174041208AF
:10F96000AB851882851983E02401F0A3E03400F010
:10F9700012F9ACFEE9FFEE4F7082A818A9198808A9
:10F980008909780812087D7508027509007808123F
:10F99000087D7C007D007A917B0012117174041245
:10F9A00008AB743A1208AB7F0302063B8E828F834A
:10F9B00012F9B422E0F8A3E0F9E82274F61203DEAB
:10F9C00074C6120943E4F508F509780812087D7C2D
:10F9D000827D037A917B0012116574021208ABE9F3
:10F9E000602A851882851983E4F0A312DD7A120853
:10F9F0007D750802750900780812087D7C007D007D
:10FA00007A917B0012117174041208ABA818A9191D
:10FA100088088909780812087D7508027509007838
:10FA20000812087D7C007D007A917B0012117774AA
:10FA3000041208ABE9705A7E007F00804474021201
:10FA4000091388088909780812087D75083875092E
:10FA500000780812087DEEF8EFF9E812FA96121114
:10FA60007774041208ABE970137403120B58AA825E
:10FA7000AB837402120B58E0F91213630EEE70019F
:10FA80000F85188285198312EF1CC3EE98EF9940F9
:10FA9000AC743A02E61575F038A4F8AAF075F0389F
:10FAA000E9A42AF9E82402FCE439FD7A917B0022DA
:10FAB000C082C083906180E4F0E04409F0906189E5
:10FAC000E0D2E5F0906182E0D2E0F0E0D2E1F0E057
:10FAD000D2E2F09004967401F002FDE874E812039B
:10FAE000DE74F61209438A168B17ECFEEDFFEA4529
:10FAF0001760188A828B83A3A3A3A3A3A3A3A3E065
:10FB0000F8740268600A740368600579E802FD69A8
:10FB1000120D51E9F46005791E02FD698516828592
:10FB20001783A3A3A3A3A3A3A3A3E0F514120D5DBE
:10FB30008A088B098C0A8D0B120D638A108B118C2D
:10FB4000128D1385080C85090D850A0E850B0F781B
:10FB50000C79101209FD74026514751400703B8A4B
:10FB60000C8B0D8C0E8D0F74FE5514780C1208FA48
:10FB7000E50CA2E0401985080C85090D850A0E8563
:10FB80000B0FE514780C1208FAE50CA2E0504605BC
:10FB900014E514C39418503D80C5850C08850D09E3
:10FBA000850E0A850F0B751003751100751200750F
:10FBB0001300E514C33378101207FA78087910128D
:10FBC0000A36E5084509450A450B60090514E514A0
:10FBD000C3940C40C5741865147069851682851726
:10FBE00083A3A3A3A3A3A3A3A3E06402606FE5146C
:10FBF000F508750900851682851783A3A3A3A3A31F
:10FC0000A3A3A3E06402705A7406120B58EEF074BA
:10FC100007120B58EFF0851682851783E0C0E07459
:10FC200008120B58D0E0F0851682851783A3E0C038
:10FC3000E07409120B58D0E0F0790474061209231D
:10FC400074028026740C651470A48516828517834F
:10FC5000A3A3A3A3A3A3A3A3E064037091791A02AF
:10FC6000FD697908AC16AD17740378081209EA2506
:10FC700008FA74613509FB120E53851682851783C5
:10FC8000A3A3A3A3A3A3A3A3E064027903AC18AD29
:10FC900019704E7A677B61120E597903AA18AB1955
:10FCA0001210458A088B098C0A8D0B750C01750D95
:10FCB00000750E00750F00E514780C1207FA78082D
:10FCC000790C1209FD7808120875740712091B12C5
:10FCD00010C974041208AB7903E91209237A67800A
:10FCE0006A7A647B61120E597903AA18AB19121053
:10FCF000458A088B098C0A8D0BE514C333FA750C01
:10FD000001750D00750E00750F00780C1207FA785A
:10FD100008790C1209FD750C01750D00750E007542
:10FD20000F0074012A780C1207FA7808790C12096E
:10FD3000FD7808120875740712091B1210C97404A3
:10FD40001208AB7903E91209237A647B61120E531E
:10FD5000851682851783A3A3A3A3A3A3A3A3E0FB74
:10FD60007A01A914120D577900740A1208AB7F109A
:10FD700002063B74F71203DEEA4B6021EA2408FE18
:10FD8000E43BFF8E828F83E0F874026860057403A1
:10FD900068700A120D51E9F974FF69700479E880FE
:10FDA0000D8E828F83E0FB7A00120D5779007F0160
:10FDB00002063BC082C083740169900497700B7483
:10FDC00001F090618AE0D2E28008E4F090618AE07C
:10FDD000C2E2F080137B61120E597903AA18AB19A5
:10FDE00012104574031208ABD083D08202085DC0A4
:10FDF00082C083900497E06401700479FE800279E8
:10FE0000FF80E5C082C083900497E06004790180A0
:10FE100009906163E0F8744058F980CC74EC1203E7
:10FE2000DE74F41209438A828B83A3A3A3A3A3A342
:10FE3000A3A3E064027040EC851882851983F074F6
:10FE400001120B58EDF08A828B83E0C0E07402123D
:10FE50000B58D0E0F08A828B83A3E0C0E0740312D9
:10FE60000B58D0E0F0A818A919881289137E0475E0
:10FE70001001120D5D800C8A128B137E0875100222
:10FE8000120D638A0C8B0D8C0E8D0F7F00850C0874
:10FE9000850D09850E0A850F0BEF78081208FAE523
:10FEA00008A2E05053E510F5F0EF84F50BEEF9747D
:10FEB00004120923E50B89F0A4FAA8F0E428FB74E6
:10FEC000613BFB120E5974041209138808890975E5
:10FED0000A007808120879EEFC7D008512828513ED
:10FEE00083A982AA837B0012103974031208ABE93C
:10FEF00064017004A90B800BE5102FFFC394184018
:10FF00008C79FF740C1208AB7F0C02063B74EF1265
:10FF100003DEE9FF8A10EBFE750C01750D00750E0E
:10FF200000750F00EFC333780C1207FA750801F55E
:10FF300009F50AF50BEF78081207FA046510702D21
:10FF400074026E7014120D5D8A0C8B0D8C0E8D0F69
:10FF5000780C79081209FD8030120D638A088B092C
:10FF60008C0A8D0B7808790C1209FD803C74026EA6
:10FF70007020120D5D8A0C8B0D8C0E8D0F7808127F
:10FF80000AA3780C7908120A36780C1208757A835D
:10FF9000801E120D638A088B098C0A8D0B780C1257
:10FFA0000AA37808790C120A3678081208757A863E
:10FFB0007B611210C974041208AB7F0902063BC0B2
:10FFC00082C08374FD1209437903AC18AD197A839A
:10FFD00002FDD5C082C08374FD1209437903AC18B9
:10FFE000AD197A8602FDD5C082C0839011D4E4F0A9
:10FFF0009011CEF0A3F0D083D08202085D02085D9C
:020000040001F9
:10000000E4F0A3F0A3F0A322128000F022128011EA
:1000100022E0F508E4F509F50AF50B22E82411F5CC
:1000200082E439F583E022E0F508A3E0F509221225
:10003000204174041208AB7F0802063B74091208C1
:10004000AB7F0402063BEA2413FAE43FFB121F6F66
:10005000E9227905121F7B740622E024F5C394136C
:100060002212204D9004D912A75A7A147B0022F54F
:1000700083E08882898322EA12807C221293C23F25
:10008000F583222411F582E43FF583E0221291C822
:10009000A322EEFAEFFB121F75740222EE24FFF585
:1000A00082EF34FFF58322EE129A803FF58322E03F
:1000B000FEA3E0FFEE4F2274021208AB7F06020699
:1000C0003BE508129A9A3509F583E022AA82AB83B0
:1000D0001211D78E828F83A3A3128973E0227A56DE
:1000E0007B1412108D740222EE12808322E508A286
:1000F000E092AF028F0274031208AB028F021280EB
:10010000A7E06401221291B3A3A322EAF0A3EBF0CB
:10011000EA4922FAE43FFB79E1120E7D22EE24083F
:1001200012A4A722C082C08374FE120943901469EE
:100130007443F0A3741EF090146B743DF0A3741E0E
:10014000F080077A567B1412818090145612927FA9
:1001500070F190145812927F60097A587B141281C2
:100160008080EF901456E4F0A3F090145CF0A3F0BC
:10017000A3F0901477747FF0A3741EF07402801CB7
:10018000121081851882851983EAF0A3EB128194FD
:10019000121F5722F0AA18AB192274111208AB02D1
:1001A0008A1774F61203DEE9FF744729F582E434F6
:1001B00027F583E493FEFA7B00121057EA4B6007A1
:1001C000EA2E1281F080267A027B00121057EA4B49
:1001D0006017743C2FF582E43427F583E4938A8218
:1001E0008B83F0A3741A1285B97A007B0002A10AEE
:1001F000128AE6E812A084A3A3A3A3E4F022E9FCF8
:10020000740629F8EAA2E0501EE875F00A84E5F0C9
:10021000F96014740A28C399F8E9C394054004747A
:100220000A28F8740B28F8ECC3941340047914805E
:10023000027906E82979002409F85001097A0A7B35
:100240000012028EE8F902085DC082C0839014C3D8
:10025000E05402600A121735E960047901800279DE
:1002600000028A17C082C0839014C3E05402601455
:1002700090145CE0700A12927C600912828950042A
:10028000790180027900028A1712801CA2E722C03D
:1002900082C08390823AE0F890145EE0C3985005E3
:1002A00012105780047A007B00028A17C082C08334
:1002B000121F577900028A17C082C08374FE120988
:1002C00043851882851983EAF0A3EB128422A3A345
:1002D000A3A3A3E0600A14605724FE605A0283922D
:1002E0009004B9E0640F6012121F2DE9700C12889F
:1002F0009D90146512896F1205569004E1E0C0E0EC
:10030000851882851983129196D0E0128422741484
:10031000129AB4FCA3E0FD7A587B1412107BA8A8B3
:10032000C2AF90145E1284467920121F2102817C94
:100330001286F0741580D91286F0A3A3A3A3E060FF
:10034000511286F01280D7C0E0851882851983E0AB
:100350002406F582E43BF583D0E0129AB42402F837
:10036000A3E03400F98882F583E02401FAA3E034A5
:1003700000FB88828983EAF0A3EB129AB4128730DB
:1003800085188285198360131283F760051284092A
:100390004048AA18AB19121F5780921283F760F2D7
:1003A0001284095021128416FA851882851983A3B4
:1003B000E0C824061286ECF8745C1293B43427F576
:1003C00083E4936A60148518828519831283F76425
:1003D0000870BF128416640870B812841614128450
:1003E0002A240AC0E085188285198312896FD0E01B
:1003F00012842A040283101283FB221288F2C8247A
:1004000006F582E438F583E0228518828519831287
:1004100083FBC3940A2285188285198312808DA3D9
:10042000E022128434F583888222128434C82406A0
:1004300012871A22F08518828519831288F222A861
:10044000A8C2AF90145DE004F0E8A2E792AF22C02A
:1004500082C08390146D12927F60081286F7120595
:100460005680027900028A1774F71203DEEAFEEB67
:10047000FFEA1280A87401128AA5F8A3E0F912809D
:1004800077128AF7EA2435128DF4C0E0EA2413F5D6
:1004900082E43FF583D0E0F0EA2436128DF4C0E028
:1004A000EA2414F582E43FF583D0E0F0EA24381220
:1004B0008DF4C0E0EA2418F582E43FF583D0E0F043
:1004C000EA242FF582E43FF583120708129F6AEAB7
:1004D0002431128DF4F91280961208ABE9F50870F8
:1004E00007EEFAEFFB121E5BA908028F02C082C062
:1004F00083121F2DE96004792080027901028A1796
:10050000C082C083EA2411128511D2E0800DEA2452
:100510000DF582E43BF583E022F0A3F0028A17C0D8
:1005200082C08312850E640170111285B3400C8A5B
:10053000828B83A3E0F9121F2780661285A4A2E6AE
:1005400050128A828B83A3E0F990146712896F128C
:100550000556804D12850E6401700D1285B350084A
:100560008A828B83743080368A828B83A3E0641BFB
:100570008A828B83700474228024A3E0700D12851C
:100580000EF8741B1293B43427800B12850EF87486
:100590003C1293B43427F583E4938A828B831285CB
:1005A000B9028A171285A822EA2410F582E43BF5E5
:1005B00083E0221285A8A2E322F09014BEE0F91293
:1005C00010632274F71203DEE9FE12927C700302BC
:1005D00086E9EE6014741B6E701AE8129A8039F581
:1005E00083E0640570030286C19014601286F7A34D
:1005F000E40286C874E96E7068E82412F582E43972
:10060000F583E0700B12173BE9600512873A6061D1
:1006100079EE120DFF90145F12871190145F603A0B
:1006200012873D90145F700B12871114F0120FB5F2
:100630000286E912872FC2E71288D8240D1286ECB1
:100640006403700912870A12888ED2E2F079ED12E3
:100650000DFF12872212055680781286FD74E980FC
:100660006774E16E703E12173BE9605512873A706D
:10067000509004DBE0C0E012870A2412F582E438CF
:10068000F583D0E0F09004CAE0C0E090145F1287D8
:1006900006128706D0E0F09004CAE004F079011257
:1006A0000F9D8045741C6E701890145F1288A39083
:1006B000146F12896F12055690145FE4F0A3F08056
:1006C0002890145F1286FDEEF090145F1288A3123A
:1006D0001E491288B9E05480600312A27990145F19
:1006E000E4F0A3F07910121F21028F0212871A2260
:1006F000851882851983A3E0F583888222128701F9
:1007000022128977A3221291C42290145F1291A51C
:10071000221291A5241212871A22F582E438F58359
:10072000E02290145F1288A790146312897322E06C
:10073000F8A3E0C8241012871A2290145F1288C010
:10074000E054042274F41203DE750A00750B00A253
:10075000AFE433FEC2AF12927C6003028837128985
:100760006C120556E94410F8901456800985080A61
:1007700085090B12888112889570030288371280D0
:10078000C1586870E8780A12087DAC08AD0912807B
:10079000DE1208AB90145FE508F0A3E5091288D8D3
:1007A00012888EA2E7500302883E90145DE014F098
:1007B000EEA2E092AF90145FE0240EF8A3E03400C4
:1007C000F9E8FEE9FF8882F5831288A390145F128E
:1007D000841CF9121E0DE990145A129E0E8E828FFF
:1007E00083E05480601812870A24131286ECF912F1
:1007F0000EB912870A24141286ECF9120EAD128873
:10080000B9A3E05401605F90145A12927F604512C0
:1008100088CF60401288CFF8790090145A1288A3CC
:10082000120296E8C0E01288ADD0E01288DDC394D1
:100830001340117402800FEEA2E092AF8037901443
:100840005C0287AD7400C0E0901460E0C812887844
:10085000D0E0800D1288AD74011288D812887874A7
:1008600001F07903800C90145F12872FA2E1B3E4AA
:1008700033F9120F9D028041241AF582E438F58382
:1008800022E50824FBF582E50934FFF58322129A5C
:100890009A12871D22128027E508450922851882B1
:1008A0008519831288A722E0FAA3E0FB221291A205
:1008B0002419F582E438F5832290145F1288C0224F
:1008C0001288F2C81288C8221293C238F583221205
:1008D00091A2241812871A221288EAC8221288EAE2
:1008E000F5838882A3A3A3A3E022F090145F12886B
:1008F000F222E0F8A3E02274F71203DEEAFEEBFF37
:10090000121F51128DF1A2E3400A1280FE70059071
:1009100082388003908239E0F9EEFCEFFD7A567B55
:1009200014121093E96038EEFAEFFB901469128903
:100930006F120556EE240E128DF4540470121284B8
:100940003FEE128078A3E05401701E121E558019EC
:10095000EEFAEFFB90146112896F120556800A8E31
:10096000828F83A374F1128980028F0290146B121C
:1009700089732212897722E0F8A3E0F58388822226
:10098000128987121E4922F0EEFAEFFB22028A102A
:1009900074F71203DEEAFEEBFF79009014C3E05413
:1009A00002700CEA2433128DF45404600279E8904A
:1009B00014C3E05460700CEA2433128DF4540260C6
:1009C0000279E88A828B83A3A3A3A3E0F890823EF6
:1009D000E0C398500279E8EA2431128DF4700CEAF1
:1009E000242E128DF4700479F5800BE97005121E27
:1009F00037E9F9E96007EEFAEFFB121F27028F02D1
:100A0000C082C0838A828B83740DF012172F8007F7
:100A1000C082C083121E55D083D08202085D74F458
:100A20001203DEEAFEEBFF8A82F583E4F0A3128A6A
:100A3000A554049082387012E0F890145DE0C398D9
:100A4000401279F1121F27028041E0F890145CE017
:100A5000C39850EE128AABA3E054016037EA243702
:100A6000128DF4C394054033EA2433128DF45405F7
:100A700070297A717B1412204DEE2437F582E43F01
:100A8000F58312800D78081208757A717B14128A2A
:100A90009F1208ABEEFA1294A580AC79E880A512FB
:100AA0002041740422F0128AABE022EA2433F5825A
:100AB000E43FF5832274F61203DEE9FE2451FAE4E2
:100AC0003400FB121057EA4B6015EE8A828B83A329
:100AD000A3A3A3F0EA2451128AE6128AF780047ACB
:100AE000007B0002A10AF8E43BF98A828B83A3A36E
:100AF0002212A75A90153BE8F0A3E9F022028A10CF
:100B0000C082C08390147A74A9F0A3741EF0A374F9
:100B1000D9F0A3741EF0A374AFF0A3741EF0A374F5
:100B2000B5F0A3741EF0A374D3F0A3741EF0A374E5
:100B3000C7F0A3741EF0A374C1F0A3741EF0A374D5
:100B4000DFF0A3741EF0A374E5F0A3741EF0A37489
:100B5000EBF0A3741EF0A374F7F0A3741EF0A3745B
:100B6000BBF0A3741EF0A374A3F0A3741EF0A374CF
:100B70009DF0A3741EF090149674CDF0A3741EF033
:100B8000A374F1F0A3741EF0A37405F0A37420F015
:100B9000A374FDF0A3741EF0A37403F0A3741FF0FC
:100BA0009014BAE4F09014BDF09014A6128BBD74AA
:100BB00002F09014AF128BBD740102851B7421F0FA
:100BC000A3741FF0A32274F51203DE74F11209431B
:100BD0008518828519837402F07401120B58E9F0AC
:100BE00060047AFF7BFF7402120B5812966375083B
:100BF000B2750914750A0078081208797C0B7D001B
:100C00007407120B58AA82AB83128C2D1208ABAA60
:100C100018AB1912172F740F8003128C2D1208AB0A
:100C20007F0302063B7C0B7D007AB27B14121033EB
:100C300074032274F71203DE74FD120943851882CF
:100C4000851983740AF07401120B58E9F0740212CA
:100C50000B58EA12A1C90280F674F61203DE74F78B
:100C6000120943EAFEEBFFEA128CAB128CDB740232
:100C7000F0EA2428FCE43FFDAA18AB191211CBEED0
:100C80002431128CB12433129BCF12087D740212CE
:100C9000092379831A1A1280941208ABE9F50870B7
:100CA00007EEFAEFFB121E5B02A10312807C7401B7
:100CB00022F582E43FF58312802712917BF583129F
:100CC0008CC9E8F0A3E9F0EE22128CD18A828B83E2
:100CD00022E024FFF8A3E034FFF922F0A3E4F0EAD5
:100CE0001280A82274F01203DE12A638120B0178CB
:100CF00008790C1202EF78081208757AA97B1402A1
:100D0000802F74F41203DE74C61209439004B9E014
:100D1000640F600D851882851983742E1296828067
:100D2000227AA07B1412806112029688088909E455
:100D3000F50AF50B78081208757AA07B14128A9FC1
:100D40001208AB743A02803E74F51203DEEAFEEB41
:100D5000FF8A82F583A3E0F87078EA2430128DF4DC
:100D600064026007E06403600278E8EA2426F58202
:100D7000E43FF58312805A400478E88058E87052C6
:100D8000EA2426128113EE2431128DE62430128DCE
:100D9000F46402700EEE242812A7509004C8128A40
:100DA000F780179004C874FEF0A304F0EE2428FC2A
:100DB000E43FFD7ABF7B041211D7EE241B12812081
:100DC000120879128C251208ABEEFAEFFB121E976F
:100DD000E9F8E8600EE88E828F83A3129F72741781
:100DE00012A016028C20FAE43FFB7950120E7DEE21
:100DF00022EE2410F582E43FF583E02274F612031C
:100E0000DE74F71209439014BDE070377401F0F9F5
:100E1000120F67AA18AB19121F637508B27509146F
:100E2000780812087D750801750900780812087D98
:100E30009004CE12070874061209237A0312805216
:100E40001208AB02A10574F71203DE12902270049F
:100E5000A374EBF09014BDE0A2E25003C2E2F0E014
:100E6000A2E1500512903380098E828F83742A127A
:100E7000A016028F0274F41203DE74FE12094312EC
:100E80008F2812916EEC8518828519831291BDE02E
:100E9000F50B7015AA18AB197953120E7DEE2413B9
:100EA000FAE43FFB794A120E7D12811D1208791275
:100EB0008C251208AB12889DA90B121E8B9014BDB5
:100EC000E0A2E1500312903A9014BDE4F0740202E3
:100ED000803E74F71203DEEAFEEBFF8A82F583A3FD
:100EE00074EBF09014BDE0A2E150077A0079EB12A8
:100EF0001E91EEFAEFFB121EC78007EEFAEFFB120F
:100F00001FC37F0102063B74F71203DE128F289085
:100F100014BAE4F09014BDF07AFF7BFF8E828F83C9
:100F2000A3E0F9121E8B80DA1290737AA97B141257
:100F3000204D2274F71203DEEAFEEBFF121EC18081
:100F4000BA74F71203DE1290B0A3A3A3E060047496
:100F500000800274EB128F815003C2E2F0E0A2E144
:100F600050051290848011A2E0500D8E828F837400
:100F70002AF0A374EB12A016EEFAEFFB121E6D809E
:100F8000818E828F83A3F09014BDE0A2E22274F6DA
:100F90001203DEEAFEEBFF9014BDE0D2E1F079012E
:100FA000120F678E828F83A3E07038121F69E9FAEF
:100FB000EE240DF508E43FF509780812087D750860
:100FC00001750900780812087D128FF4120708EEE7
:100FD0002402FCE43FFD1280521208ABE98E828F9E
:100FE00083A3F08E828F83A3E060067A00F9121E3D
:100FF0009102A10AEE240BF582E43FF5832274F7F7
:101000001203DE1290227004A374EBF09014BDE082
:10101000A2E25003C2E2F0E0A2E1500312903302D8
:101020008F02EAFEEBFF7901120F6D8E828F83E053
:10103000642022C2E1F012903A227A008E828F83DD
:10104000A3E0F9121E912274F71203DE1290738E40
:10105000828F83A3A3A3A3E060047400800274EBD7
:10106000128F815003C2E2F0E0A2E150031290849B
:10107000028F78EAFEEBFF7901120F6D7AA07B14E4
:1010800012204D22C2E112A49AE0A2E4E433FA1243
:10109000903C2274F71203DE1290B074EB128F862C
:1010A0005003C2E2F0E0A2E15003129033028F023B
:1010B000EAFEEBFF7901120F6D8E828F83A32274FB
:1010C000F71203DE1290D5028EFB74F71203DE12C4
:1010D00090D5028F02EAFEEBFF7AA07B1412204D1E
:1010E000EEFAEFFB121EEB2274F71203DE74EF121E
:1010F0000943EAFEEBFFEA129F5E7ABF7B041211FE
:10110000C5E960568518828519837409F074011247
:101110000B5874EFF012916E7402120B58EC12918E
:10112000BDA3A3E0C0E07404120B58D0E01291AA52
:10113000640870158E828F83A3A3129196E0C0E09D
:101140007405120B58D0E080067405120B58E41297
:101150009DFB7406120B5812915F74110280F8AA5D
:1011600082AB83121F8DAA18AB1912172F2212916E
:101170007BF58312918DFCA3E0F922EE129183FBA3
:101180008882222402F8E43FF9E8FAE9221288F280
:101190008882F583E0221291A52407F582E438F5D0
:1011A000832290145F1288F2C8221291AE2212910B
:1011B000B3E022F08E828F83A3A3A3A32212A08484
:1011C0001291C4221291C822E0F8A3E0F58388822C
:1011D000A3A322C082C083121FCF028A17C082C07D
:1011E000839014DA747AF0A37414F0A37496F0A3C5
:1011F0007414F090160F7488F0A37424F0A374266E
:10120000F0A37424F09014C67485F0A3741EF090BB
:1012100014C3E0440102851BC082C083EAFCEBFDDD
:101220007902121F3F028A17C082C083790602A288
:101230008A74F61203DE74FE1209439014BF1292F0
:101240007F60077ABF7B14121F579014C5E4F0909B
:1012500009A612927F60208007AA18AB19121F57A7
:101260009014BEE0F912106F8B09A90985188285C8
:10127000198312810B70E2740202A10790145F12AD
:10128000A75AE8492274F71203DEE9FA7B009014AA
:10129000BEE0F9121099028F0274F71203DE74F0A7
:1012A000120943EAFCEBFDE9FE8A828B83E0F874C5
:1012B000521293B43427F583E493C0E07401120B07
:1012C00058D0E0F0640B700DE98A828B83A3F01292
:1012D0001FB10293AFE070030293AF640C6003028E
:1012E00093A0741A6E700B7404120B58E4F0A302EE
:1012F000939F7404120B58129663EA2432129A6474
:10130000C0E07403120B58D0E012A485120B2974AC
:1013100006120B58120B1D8C828D83A3A3A3A3A3CB
:10132000A3A3A3A312A756740A120B58E8F0A3E9CB
:101330001293B9E054106009851882851983E480FE
:1013400013EC2412129A64F89004DBE0C398851819
:1013500082851983F0E0C0E0740C120B58D0E0F0E5
:10136000EC2415129A64C0E0740D120B58D0E0F012
:10137000EC2416129A64C0E0740E120B58D0E0F000
:10138000EC2417129A64C0E0740F120B58D0E012CC
:1013900093B9A3E0540160087401120B587411F062
:1013A0007402120B58EEF0740112091B12172F74FD
:1013B000100280F828F582E422F0EC1293C23DF589
:1013C0008322240EF582E422C082C0839014C5E0FB
:1013D00064037004790180027900028A1774F7129D
:1013E00003DE9014C5E0129458740D28F58274162B
:1013F00039F5831297EBC2E7F012945FA3E493FEF2
:1014000025E0FCE433FD740D2CF58274163D129B2F
:1014100069EC4D6005EE9014C5F08A828B83E0255F
:10142000E0FCE433FDE82CF582E93DF583E493FC30
:10143000C4540F25E0F874D41293B43414F5831215
:10144000927F7005121F9F800CEC540F12945F1254
:10145000896F120556028F0225E0F8E433F9222540
:10146000E0FCE82CF582E439F5832274F21203DE05
:1014700074FE120943890B8A088B0912950A12948B
:10148000FB601A129E08F50A78081208791295175F
:101490002402129B5F1208AB1294A38003129529B9
:1014A0000280B7AA0CEFFB9014BEE0F91210632281
:1014B00074F01203DE74FE120943890B8A0E8B0F3F
:1014C00012950AF5081294FB6027129E08A808EAF4
:1014D000281281F0850E08850F09F50A7808120890
:1014E00079129517129B5D1208AB1294A3790080B4
:1014F00005129529791A7402028034FA7B001210C1
:10150000578A0C8B0DAF0DEA4F22742629F582E421
:101510003427F583E49322A80B74311293B4342753
:10152000F583E493FC7D00EA22851882851983E522
:101530000BF0791AAA18AB19121F2722C082C08398
:10154000E99014BE02851B74F61203DE74FE1209C4
:1015500043EAFEEBFFEA542070308039A8A8C2AFFE
:1015600090145EE0141284488A828B831296509005
:1015700014C1129663121F33851882851983E064A3
:101580001560077AC17B14121F577A587B1412100A
:1015900081EA4B70C7EF5480700C80169014C1EA3A
:1015A000F0A3EB1296769014BEE0F912106FEA4B9E
:1015B00070EAEE5410600B851882851983742D1221
:1015C0009682EEA2E0500B8518828519837424124E
:1015D0009682EE5402600B85188285198374251259
:1015E0009682EE5404600B85188285198374261246
:1015F0009682EE5408600B85188285198374281230
:101600009682EE5440600D7401120B581296697464
:101610002C129682EE5480600D7401120B581296B3
:1016200069742F1296829014BF12927F601BA8A833
:10163000C2AF9014BF1288A39014BFE4F0A3128429
:1016400048A3EAF0A3E91296767A007B000292772B
:1016500012965422E0851882851983F022A3A3A351
:10166000A3A3A3EAF0A3EBF022E412966E22F08586
:10167000188285198322F0121F337AC17B14121F3E
:101680005722128194121F3322C082C0839014C14A
:1016900012A1C4687002EB6970079014C1E4F0A352
:1016A000F0028A1774F71203DEEAFEEBFFEA4F70CE
:1016B00003120C55A2AFE433F508C2AF8E828F83BC
:1016C00012927F6028E824FBFAE934FFFB9014C1F2
:1016D000129B6BE86C7002E96D70079014C1E4F026
:1016E000A3F08E828F83E4F0A3F01210F30280ED5A
:1016F000C082C0839014E87493F0A3741FF0A374A5
:10170000A5F0A3741FF0A374ABF0A3741FF0A3742F
:1017100067F0A3741EF0A374B1F0A3741FF0A37458
:1017200061F0A3741EF0A3746DF0A3741EF0901406
:10173000F674E1F0A3741FF0A374B7F0A3741FF064
:10174000A374BDF0A3741FF0A374C9F0A3741FF0B9
:10175000A374C3F0A3741FF09014E7E402851BC0C8
:1017600082C0839004C8E064FE7003A3E0F47009B3
:101770007CBF7D041211CB801C8A828B83A3A3A320
:10178000A3A3A3A3A37402F09004C812A7568A824D
:101790008B83128AF7028A17C082C0839004D2C357
:1017A000E094FEA3E094FF400479038002790202F2
:1017B0008A17C082C0838A828B83A3A3A3A3A3A317
:1017C000A3A3E0640270169004C81297EB6870033C
:1017D000A3E06970047901800F7900800BEAFCEBCB
:1017E000FD7ABF7B041211C5028A1712A75A8A829A
:1017F0008B83E02274F01203DE74FC120943E98546
:101800001882851983F07402120B58ECF0A3EDF0E6
:101810008A0A8B0B7508007402120B58E024081218
:101820009A64C0E07401120B58D0E0129AB4A2E797
:101830005008750EFF750FFF800A9004CEE0F50E7C
:10184000A3E0F50F851882851983E0C2E7129AB9E3
:1018500054206007129A8674088004129A86E41253
:101860009AB954046007129A9174808005129A9173
:101870007410129AB954106006129A6CE4800B909E
:1018800004DBE0C0E0129A6CD0E0129AB9A2E050FA
:10189000037508205408600674104508F5088A820C
:1018A0008B83A3A3E024FFFEA3E034FFFFEA129A98
:1018B00077C39402E0400F640B6009E0148E828FBE
:1018C00083129AAA74034508F5087509009004EE7E
:1018D000E0640170118A828B83A3A3A3A3E0C39465
:1018E000674003750910851882851983E0F50C752A
:1018F0000D00740E780C1209EAE50D4509F509E0B2
:101900006402701B9004D3E08E828F83F09004D227
:10191000E0C0E012809CD0E0F0EE24FEFE801CE0EF
:101920006403701DEE24F9FEEF34FFFF7CE27D04BA
:10193000EEFAEFFB1211D7EE24FF1EEF34FFFF800B
:1019400003E0602F7401120B58E060187414120B3E
:1019500058E0650E7004A3E0650F700874404508F8
:10196000F508800F8E828F83E50FF012809CE50EC4
:10197000129AA07401120B58E0F50C750D00740A50
:10198000780C1209EAE50D4509F509E064027023B7
:101990007402120B5812A1BF8E828F83F074021250
:1019A0000B581280D9C0E012809CD0E0F0EE24FEEB
:1019B000FE8020E064037021EE24F9FEEF34FFFF87
:1019C0007402120B58129B6BEEFAEFFB1211D7EE5A
:1019D00024FF1EEF34FFFF8003E0601C7414120B21
:1019E00058A3E08E828F83F07414120B58E0C0E08D
:1019F00012809CD0E0129AA0EEF8EFF9E824FF1EC6
:101A0000E934FFFFE50A129A7770059004BE80035F
:101A10009004CAE0FA04F0EA88828983129F72E592
:101A200009129AAA8E82F583E508F0E50A2404F8E3
:101A3000E4350BF9E50A2402FAE4350BFBEEFC8AE7
:101A4000828B83E0F50888828983E02508C39C1295
:101A5000A087EEF0A3EFF0850A82850B83A3E4F064
:101A6000F9028032F582E43DF583E022EA2412F5A2
:101A700082E4350BF58322129A80350BF583E02240
:101A8000240DF582E422EA2410F582E4350BF58377
:101A900022EA129A9A350BF583222411F582E42268
:101AA000F0EE24FEFEEF34FFFF22F0EE24FF1EEFE7
:101AB00034FFFF2212966EE022F0EA1293C2350B39
:101AC000F583E02274F11203DE74FE1209438518D7
:101AD00082851983ECF0A3EDF0890B8A0E750A1A42
:101AE0007415120B5812A9E9121E078A0C8B0DAE41
:101AF0000CAF0DEA4F605A7413120B5812A1C412A6
:101B00009BCAF0A3E9128CDEE50BF0750A00780899
:101B10001208797C0B7D00EA129B5D1208AB7411F0
:101B2000120B581207087402120B58129B6BA90E65
:101B30001280921208ABE9F50A7016E50B24F960E1
:101B4000031470061280E8D2E5F0EEFAEFFB121EE5
:101B50005BA90A74021208AB7F0702063B241BFA3A
:101B6000E43FFB121033740322F583E0FCA3E0FD95
:101B70002274F61203DE74F7120943EAFEEBFF78D3
:101B800001EA2432128DF460027805EA129BCA122F
:101B90008CDB7404129F65AA18AB191211CBEE24CA
:101BA0002F128CB12431129BCF12087D74021209BE
:101BB0002379031A1A1280941208ABE9F50870070A
:101BC000EEFAEFFB121E5B02A10312807CE822F505
:101BD00082E43F12806F1291AE04F078082274F212
:101BE0001203DE8A088B09ECFEEDFF8A828B837478
:101BF00005F0EC129FFE12A34CF0EA2403F50AE470
:101C00003509F50B850A82F583E0F50CA3E0F50DA7
:101C1000EC2425F582E43FF583120B29E50C129A9A
:101C20009A350DF583120B1DEC129F5EAA0CAB0DBD
:101C30001211CB850A82850B8312AA69129DC412E8
:101C40009DE712965DEE242F128DF4C0E0129DCD1B
:101C5000D0E0129E132415F582E438F583E4129E39
:101C6000131288C8E4129DFB850A82850B83E02449
:101C700016FAA3E03400FB121F8D8E828F83A3A37C
:101C8000A3A3A3A3A3E0C0E0850A82850B831287E8
:101C90000D129A8038F583D0E0129DF2FAA3E0FB92
:101CA000850A82850B8312A756E8240BFCE439FDD4
:101CB0008A828B83E08C828D83129E0E8A828B8334
:101CC000A3E0F50B8C828D83A3E0450B12A07FA3CC
:101CD000E0FCEA2403FA50010BECA2E7E433C0E095
:101CE000E8240FF582E439F583D0E0F074075C60F6
:101CF0000478018002780075F00374075CA428F86A
:101D0000EA28FAE43BFBE5082405F8E43509F98AFA
:101D1000828B8312807112A07FAA82AB8385088296
:101D200085098312965D88828983E0F50A25E0544F
:101D30000EFCE50AC4540FF50A750B007403780A0B
:101D40001209EAE50A5438F8EC28F8EA28F8E43BE6
:101D5000F9850882850983A3A3A3A3A3A3A3A3A3AF
:101D6000E8F0A3E91291AAFA8E828F83A3A3E02A56
:101D7000FAA3E03400FBC3EA98EB9940288E828FE7
:101D800083A3A3E0F8850882850983A3A3A3A3A363
:101D9000A3A3A3A3129DDBC39A2885088285098388
:101DA000A3A3A38016850882850983A3A3A3A3A365
:101DB000A3A3A3E4F0850882850983A3A3A3A3A317
:101DC000F00280BC242BF582E43FF58322129DD1E2
:101DD00022E82410F582E439F58322E0FA8E828F1E
:101DE00083A3A3A3A3E0221288A788828983A3A345
:101DF000A322F08E828F83A3A3E022129DFF22F004
:101E0000EE2408FCE43FFD228A828B83E50BF0A3DD
:101E1000E4F022F0850A82850B831291A52274F5E5
:101E20001203DE8C088D09750A0078081208797C87
:101E30000B7D00028C1A02085DC082C083791812E3
:101E40001F27028A17C082C0838A828B83E0C394D3
:101E50000B5003121F99028A17C082C08379198020
:101E6000DE74F71203DEEAFEEBFF9014BF12927FDE
:101E700060109014BF1288A3121FA57ABF7B1412A2
:101E80001F57EEFAEFFB121F519014BFEEF0A3EFB5
:101E9000F0028F0274F71203DE74DE120943EAFEC9
:101EA000EBFF8A82F583E024FD601124FE60152497
:101EB000ED600924FA600D14600A803C7416120B60
:101EC00058E480077416120B587401129F65740B46
:101ED000120B58AA82AB831211D77413120B58122B
:101EE0009F7E120B58128AF7740A120B58129F8A9F
:101EF000120B58128AF780427416120B587402F0B3
:101F0000EA129F5E740B120B58AA82AB831211D790
:101F10007413120B58129F7E120B58128AF7740A10
:101F2000120B58129F8A120B58E8F0A3E9129F78FF
:101F3000120B58AA82AB83121F8D851882851983D4
:101F4000740B129F72A3E0C0E07401120B58D0E032
:101F5000129F78120B5812915F74220280F824139A
:101F6000FCE43FFD22F0129F6A22EA2426FCE43FB3
:101F7000FD22F08E828F8322129DFF74172274033C
:101F8000F09004D212A75A7402227402F09004CE88
:101F900012A75A74142274F71203DEEAFEEBFF8ACA
:101FA00082F583A3E0F508702CEA242F12A00770B5
:101FB00003A3E06960037508E8EA242612804960FB
:101FC0002AEE129FFEE4F0E508700AEEFAEFFB122B
:101FD0001F81E9F508E508600F8E828F83A3E5086D
:101FE000129F72741912A016028F02EE2432128D03
:101FF000F460D49014E6E070CE7508E880DB2432FB
:10200000F582E43FF58322F582E43FF58312A75A77
:102010009004CEE06822128987121F3322C082C04A
:102020008374F11209437402120B58740412A07FD6
:10203000E0C0E07403120B58D0E0F0EA242FF582E0
:10204000E43B12A754740D120B58128AF7EA2426A7
:10205000FCE43BFD7404120B58AA82AB831211CB33
:102060007404120B58AA82AB83121F6FE96003122B
:10207000A0E8740212091B12172F740F02819C1220
:10208000A087A322F0A3E9F08A828B832274F61240
:1020900003DE74E8120943EAFEEBFF7402120B58E8
:1020A0007403F0EA2413F508E43FF509AC08FD7465
:1020B00004120B581280CCC0E0740C120B58D0E004
:1020C000129DFB740D120B58AA82AB83121F8DAAAE
:1020D00008AB09121F6FE9600312A0E8740212092D
:1020E0001B12172F7418801F85188285198374FF9F
:1020F000F0A31281947953120E7D9004C874FFF0FE
:10210000A3F022A90874091208AB7F0202063B74EF
:10211000F61203DE74D4120943EAFEEBFF8A82F55D
:1021200083A3A312A1BFA2E6501C9004CE12A1C4A7
:10213000242B128DF4687003A3E06970099014E7F2
:10214000E06042121FCF740B1209137403120B5874
:10215000128CC2FCEFFDAA18AB19121F87851882DA
:10216000851983742B1296829004B3E0600874087A
:10217000120B58E0600B851882851983740512A133
:10218000C9742C80829004D7E060BB12804670B680
:10219000EE2408F508E43FF509780812087D750873
:1021A00001750900780812087D9004CE1207087C9A
:1021B000BF7D047A0379061280541208AB80C212E4
:1021C0008701E02212A75AEA2212819412172F22C5
:1021D000C082C08374EF1209438518828519837405
:1021E00009F07401120B5874EE12A1C902819A749D
:1021F000F71203DEA2AFE433FFC2AFE96003120EB1
:102200006B120DF912A2547E0012A24512927F6049
:102210000912A24512896F1205560EEEC3940740AB
:10222000E812201D121F1B901500E4F0121E01126F
:102230001F5D7AD17B047952120E7DEFA2E092AF3E
:102240007900028F02EE12945874C628F582741435
:1022500039F5832212A2799014E7E0F9120E9590D5
:1022600004CE1288A7120E9B9004D21288A7120ED9
:10227000A17AE27B04120EA7229004E1E0F9120E8B
:10228000B99004E0E0F9120EAD22121F39028A174C
:10229000C082C08390150174EDF0A3741FF0A37485
:1022A0000BF0A37420F0A37411F0A37420F0A374B6
:1022B000F3F0A3741FF0A374FFF0A3741FF0A374D2
:1022C000F9F0A3741FF09014D474E8F0A37414F020
:1022D000A374F6F0A37414F0A37401F0A37415F0C2
:1022E0009014C3E4F0A3F0120DF3028A1702085D04
:1022F00074F71203DEEAFEEBFF8A82F5837407129D
:10230000A35412A34C12A354A3A312A34CA312A32D
:102310005EA3A3120B298E828F83A3A3A3A3120B08
:102320001D8E828F83A3A3A3A3A3A3A3A3E4F0EC96
:102330002418F582E43D12A7548E828F83A3A3A3B1
:10234000A3A3A3A3A3A3128AF7028F02E08A828B1E
:1023500083A3A32212A35EA3A3A3A3A3A322F08C0F
:10236000828D832274F41203DEEAFEEBFF90150ED9
:10237000E412A485A3E0C39406400690150E74E809
:10238000F08A828B83A3A3A3A3A3A3A3E0C3940F88
:1023900040158A828B83A3A3A3A3A3A3E064036055
:1023A0001590150E74E8F08A828B83A3A3A3A3A3D0
:1023B000A3E06403700E9014C3E0A2E04006901501
:1023C0000E74E8F0EAFCEBFD7A0D7B15121FE78E28
:1023D000828F83A3A37808120B01740A780812086D
:1023E000FA9015217808120AE38E828F83A3A3A3A3
:1023F000A3A3A3A3E090152512A494E090152612A0
:10240000A494A3E0901527F0EE240B128DF4901500
:1024100028F0EE240C128DF4901529F0A3740AF024
:102420009004E1E090152BF090151E128BBD740402
:1024300012A49F1208797C0B7D007A2C7B15128CDC
:102440002D1208AB90150EE0702A8E828F83A3E0C8
:10245000702290150FE0600690150E74EAF090154A
:102460000FE0F9120EC58E828F837426F079041264
:102470000F6180078E828F837429F0EEFAEFFB12D2
:102480001F3302804112A48922F08A828B83A3A386
:10249000A3A3A32212A49AA3A322128105A322F02C
:1024A000EE240D12A4A722F508E43FF509750A00F1
:1024B00078082274F41203DE74F7120943EAFEEB83
:1024C000FF90150FE0703090152AE0640A60281222
:1024D0000ED7E9C0E090152AE0F8901516E028F82C
:1024E000A3E03400F9E824F5F582E91280A2D0E0F7
:1024F000F0901515E004F09015217808120B017486
:102500000178081208FA9015217808120AE390154C
:102510002AE004F0E508A2E04006E0C3941E40D79C
:10252000E0641E700302A5AD7A2A7B1579E1120ED4
:102530007D7408120B58740212966A74FFF0A3F0AF
:1025400090150FE0600464027009EEFAEFFB121FB1
:10255000F98063E06401700679087A808004790765
:102560007A8375082C750915780812087DE4F5083A
:10257000F509780812087D7508FF7509FF780812BB
:10258000087D74061209231280541208ABE9F8740E
:10259000DB68601474E568600F74F368600A74DFC8
:1025A00068600574E868700EE990150EF08E828FF1
:1025B00083742912A01602803C74F01203DE7508A1
:1025C00001750900750A00750B0090152AE078085E
:1025D0001207FA7808120AA39015117808120A490E
:1025E00090150FE06403700F12A638120B017808E3
:1025F000790C1202EF8035750801750900750A0023
:10260000750B00901525E078081207FA90829278F1
:1026100008120A5C9082DA780C120B017808790CA7
:102620001202EF90150FE07003120ED17808120815
:10263000757A187B1502802F9004DC12801190822D
:10264000DA780C2274F11203DE74D41209438A087A
:102650008B0990150FE06402600DE064016008E0F2
:102660006405600302A74590150EE4F0740B12098F
:10267000137403120B58128AF7AC08AD09AA18ABF1
:1026800019121F87901526E0F8901515E0C3985091
:102690007812AB0E901515E0F50A80368E828F8386
:1026A000A3A3A3A3A3A3A3A3A312A7567414120BBB
:1026B00058E0687003A3E069700F740B120923EEF1
:1026C000FAEFFB1211C5E97040150AEE2421FE5005
:1026D000010FE50A70C6740B120913880C890D7579
:1026E0000E00780C1208797C217D00901515E08C85
:1026F000F0A4F8A9F0A3E028FAA3E039FB128C2D8E
:102700001208AB901515E004F09004B3E0600E746D
:1027100008120B58E07006901526E07007AA18AB57
:102720001912172F901526E06021901515E0F890EA
:102730001526E06870158508828509837429F0AA3A
:1027400008AB09800312A802121F33742C029B5598
:10275000F582E43FF58312A75A221288F2F9227417
:10276000F61203DE74FE1209438A088B09EA241B61
:10277000F582E43509F583E06403707DEA2424F5ED
:1027800082E43509F583E06403706EEA2413FAE409
:102790003509FB794A120E7D850882850983A312CB
:1027A000AB0E8E82F58312A80E50010FAA18AB193A
:1027B0007950120E7D8E828F8312A80E50010FAABF
:1027C00018AB19794B120E7DEEFAEFFB79E1120E80
:1027D0007D8E828F83A312A81A128AF8AA18AB19C9
:1027E0007953120E7D90150EE4F0850882850983D9
:1027F0007429F0AA08AB09800312A802121F330241
:10280000927790150E74E812A0877429F02212A80E
:102810001AF0A3E9F0EE2402FE22E0FAA3E0F9EABE
:1028200085188285198322C082C0837A187B15128D
:10283000204D120ECB7904120F6D90150FE064033A
:10284000700690150EE060097A2B7B1579E1120E67
:102850007D7A0D7B15028A0BC082C08374F5120944
:1028600043EAFCEBFDAA18AB19121FE77401120B27
:102870005874FC12A1C9740B02819CC082C0837978
:102880000702A28AC082C083901537E4F0A3F090BB
:102890001539F0A3F0901617F0A3F0A374FF129E61
:1028A0000E90161BF0A3F0A374FF129E0E90153B22
:1028B00002851974F41203DE90153BE4F0A3F09046
:1028C000153712927F60279016177808120B0112A5
:1028D000A9F0120984501712A9D712A9F01209847D
:1028E000500612A9F0120AE3901537128AF19015DA
:1028F0003912927F90153B601E12927F601112A9CF
:10290000E3120B0190153912A9F3120984500D90AE
:102910001539128AF1800512927F6021901617787E
:1029200008120B0190153B12A9F3120984500E9066
:10293000153B128706120B41120D878003120D8D75
:1029400002804174F41203DEA2AFE433FEC2AF9002
:10295000153B12927F607812A9E3120B01901617B3
:102960007808120984500B120C5590153B12927F77
:10297000605D12A9D790153B12A9F3120838504F89
:102980009082BA7808120B0190153B12A9F3120934
:10299000845003120C5590153B12A9E912204D8565
:1029A0000882850983A3A3A3A3A3A3A3A3E0F98516
:1029B0000882850983A3A3A3A3A3A312ABF6EEA267
:1029C000E092AF120556A2AFE433FEC2AF809BEE99
:1029D000A2E092AF028041120D7B8A088B098C0A1B
:1029E0008D0B221291CB780822128027AA08FB2295
:1029F0009015371291C478082274F01203DE8A0809
:102A00008B098C0A8D0B7410120B58801C9082BAA3
:102A1000780C120B018E828F83A3A3780C12098489
:102A20005003120C558E828F831280AF60358E82D8
:102A30008F83A3A37808120A1012AA66687002EFA7
:102A40006970CA9082BA780C120B018E828F83A3B0
:102A5000A3780C12098450B58E828F83A3A31280B1
:102A60000880C202803790153B12A75AEE2274F3F9
:102A70001203DEA2AFE433F50CC2AF90153912ABEE
:102A80000F9015371207089016177808120B017867
:102A900008120A82AA08AB09AC0AAD0B12202F74E7
:102AA000021208AB802F9016177808120B018E8245
:102AB0008F83A3A37808120984401390161778080F
:102AC000120B018E828F83A3A378081209AE8E8227
:102AD0008F8312AB0FEE4F70CD90161B7808120B40
:102AE00001901617780812096F601590161B120BCB
:102AF00029901617120B1D901617120B41120D7507
:102B0000122023E50CA2E092AF7F0502063BA3E072
:102B1000FEA3E0FF2274F01203DEA2AFE433FEC294
:102B2000AFED8C0CF50D8C828D83800C850E0C85A1
:102B30000F0D850E82850F83E0F50EA3E0F50FE5FE
:102B40000E450F601A850E82850F83A3A3780812A5
:102B50000B018A828B83A3A3780812098450CD8548
:102B60000C82850D831296638A828B83E50EF0A317
:102B7000E50F12A35E12A1C4687002EB6970031224
:102B80002023EEA2E092AF02803774F41203DEEA53
:102B9000FEEBFF740C120B58C082C08312A9D7D071
:102BA00083D0827808120A5C8E828F83A3A3780870
:102BB000120AE37C377D15EEFAEFFB12203B028010
:102BC0004174F71203DEEAFE8C828D83A882A9830A
:102BD00012ABF6E58245836018EE65827003EB6503
:102BE0008370E91288A388828983129663790180B1
:102BF000027900028F02E0FAA3E08A82F583227450
:102C0000F71203DEEAFEEBFFA2AFE433F508C2AF32
:102C10007C377D15122047E9700B7C397D15EEFA63
:102C2000EFFB12204712AA66687002EF6970031268
:102C300020230280EDC082C0837900EA12C48D3B5C
:102C4000F583C082C08390135712C9C9D083D08244
:102C5000C3E09CA3E09D500D12CE18FAA3E012AD84
:102C60004E6002790102C35B74F71203DE89081219
:102C7000C63912AFD0ACF075F00BE9A42CF9901363
:102C800059E028FEA3E039FF74016508600674026C
:102C9000650870228A828B8312B1B1740265087054
:102CA0001DEA2403FA50010B12178FE970108E826F
:102CB0008F83E4F08008EA12B28A3B12ACC88E829D
:102CC0008F8312AD4302C34DFDEE2403FAE43FFBB4
:102CD0001217892274F41203DE8A088B09EA12B0F3
:102CE0008B8A828B83E0604D7E007F00804212AD34
:102CF0004B703812B120F50AA3E039F50B85088234
:102D0000850983E0850A82850B8312B62F12B148AC
:102D1000F012B288350912AD3812178912B08285C7
:102D20000A82850B8312AD4312B13D0EEE70010F86
:102D300012B07640B902B5C9FDE50A2403FAE435BC
:102D40000BFB22E0D2E7F01214B322EEFAEFFBEA1B
:102D500075F00BA4FAA8F075F00BEBA428FB901308
:102D600059E02AF8A3E03B8882F583E0540F2274EF
:102D7000F51203DE8A088B09750A01740B120B58D1
:102D800012B142EC4D6016EC12C48D3D12C56F12AB
:102D9000AE02790112176BEE4F6064801FEE4F6038
:102DA0003A12B1BA12AE02EE2403FAE43F12B1A90C
:102DB0007019AA08AB09121771E9F50A8E828F8380
:102DC00012D17A7902EEFAEFFB800B12B19D702FCF
:102DD0007903AA08AB0912176B80248A828B83A31C
:102DE000E064FE7003A3E0F47006EA12B19F700C79
:102DF000AA08AB09121771E9F50A8003750A0002E7
:102E0000B42FEA12C491350912B5BC2274F712032B
:102E1000DE90135712BCD7EA4B602CEA75F00BA476
:102E2000FAA8F075F00BEBA428FBEAFEEBFF1210FA
:102E3000ED90135912BCD7F9EA496012EEFCEFFD90
:102E4000790012103F8007901359E4F0A3F002C3F9
:102E50004DC082C08390135912C5756013901359E9
:102E600012CC26901357E4F0A3F0901359F0A3F07E
:102E700002C35BC082C083EC4D60051211D780098C
:102E80007C087D00790012103F02C35BC082C083C2
:102E90007900EA4B60197800E8FCEA2CF582E4122C
:102EA000C9EF60047901780808E8C3940840E90292
:102EB000C35BC082C0837901EC6A7002ED6B601164
:102EC000EA4B600BEC4D60071211D1E9F9800279F1
:102ED0000002C35B74F71203DE74F3120943ECFEC5
:102EE000EDFF851882851983E4F004120B5812BC9B
:102EF000D7AA18AB191217B37403120B58AC82ADD2
:102F000083EEFAEFFB121789EEFAEFFB12178F022E
:102F1000C34874F71203DE74F3120943ECFEEDFFAD
:102F2000851882851983E4F0EAFCEBFD7403120B2B
:102F30005812B2797401120B5812C5718E828F83A8
:102F400012C56A74FE68700374FF696004790180B9
:102F500002790002C34874F71203DEEAFEEBFF12A7
:102F6000AFB1701112AFBBF4FA88828983E05A4482
:102F700080F01214B302B52074F71203DEEAFEEB00
:102F8000FF7508008A82F583E0602312AFB1701EDE
:102F900012AFBBFA88828983E05A70128E828F83C7
:102FA000E04480FA88828983E04AF01214B302B5C3
:102FB00020121765E9F5087401692212C321F8127D
:102FC000AFD012B12EF8A3E039F98E828F83E022C0
:102FD000A3E0F9E875F00BA4F82274F41203DE8A7A
:102FE000088B097C007D00EA12B06BE50812B08BFB
:102FF000850882850983A3E064FE7003A3E0F46082
:10300000677E007F00805C12AD4B6052EEFAEFFBF2
:10301000EA75F00BA4FAA8F075F00BEBA428FB906E
:103020001359E02AF50AA3E03BF50B8508828509D0
:103030008312CE8E850A82850B83A3E06A7003A378
:10304000E06B701AE50A12B119700DE50A12B28A26
:10305000350BFDE50812B06B12B08212B13D0EEED9
:1030600070010F12B076409F02B5C92403FAE4350F
:1030700009FB1217892290135712C907C3EE9AEF62
:103080009B2212B097EEF0A3EFF02212B09974FEDB
:10309000F0A304F0790022E50812C4953509F58300
:1030A0002274F21203DE8A0A8B0B8A828B8312D17E
:1030B0007AEA12C88412D17B750800EA12B119703D
:1030C000537E007F00804812B120FAA3E0398A8243
:1030D000F583E0540F603312B120F50CA3E039F50D
:1030E0000DE50C12B28A350D12AD381211D1E9641A
:1030F000017017850C82850D8312B14812C881EECC
:10310000F0A3EFF075080112B13F0EEE70010F123F
:10311000B34240B3A90802B7CC12AD3B12B1AA2208
:10312000EEF8EFF912B12822E875F00BA4F8AAF036
:1031300075F00BE9A42AF9901359E028227901903F
:103140001357E0FEA3E0FF22A312B1C4850A8285D3
:103150000B83A3E8F0A3E92274F51203DEEAFEEB89
:10316000FF8A82F58312D17A7C007D00EA12ACCA14
:10317000EEFAEFFB121765E9F50A740169701B128C
:10318000B1BA12B2DD850882F58312B1B112B19DD8
:10319000700812B288350912ACC802B42FE50824B1
:1031A00003FAE4350912B1A922FB12178FE9640171
:1031B00022A312C9E012B5BE22F0EE12C32F12B143
:1031C000C222F583E0F8A3E0F92274F21203DE7460
:1031D000E6120943EAFEEBFF12B52512D17B750812
:1031E00001750A00750B00750C00750D00851882BD
:1031F000851983E4F0EA12B28A3FFD7403120B587A
:1032000012B279E964017022740B120B5812CDF1DD
:1032100012B5B47401120B5812C9DA7003A3E06935
:103220006049A818A919880A890B740D120B581245
:10323000B28F12C571740E120B5812C56A740D123A
:10324000091B1217B3E964017009740D1209138880
:103250000C890D780C12087DAC0AAD0BEEFAEFFB71
:1032600012177774021208ABE9F508EEFAEFFB12B9
:1032700017ADA908741A02B7C9AA82AB83121789BD
:10328000AA18AB191217B922E5082403FCE422E4BA
:1032900012BF61A32274F61203DE7E007F00803528
:1032A000EEF8EFF912B2DD780812087D75080B759B
:1032B0000900780812087DEEFCEFFDEC75F00BA418
:1032C000FC75F00BEDA42AFD7A2312B4A11208AB11
:1032D0000EEE70010F12B34240C602B42A12B1289A
:1032E000F508A3E039F5092274F61203DE7E007FAB
:1032F00000804712B120F8A3E0398882F583E0A26C
:10330000E75032C2E7F08582088583097808120801
:103310007D75080B750900780812087DEEFCEFFD3D
:10332000EC75F00BA4FC75F00BEDA42AFD7A2312CA
:10333000B4941208AB0EEE70010F12B34240B40207
:10334000B42A90135712B1C4C3EE98EF992274F6C1
:103350001203DEE4F508F509780812087D9013578A
:1033600012B49C75F00BA4FCA8F075F00BEDA4282A
:10337000FD7A2312B4801208ABE9FE74096E700363
:103380001217DDEEF902B42A74F61203DE74FF128E
:1033900009437E007F008038851882851983E412F6
:1033A000B48812087D750801750900780812087D37
:1033B000EEFCEFFDEC75F00BA4FCA8F075F00BED46
:1033C000A428FD7A2312B4941208AB0EEE70010FFC
:1033D00012B34240C3740102B42774F71203DEE94A
:1033E000FCEAFD7B007A008010EA12B47B9C400866
:1033F000E0F8EDC39840010B0A12CBF440EBEBFA76
:103400007B0002C34D75F01CA4F8A9F0743528F5B3
:1034100082740539F583E022EA2413F582E422124E
:10342000B1C48A828B83221208AB7F0202063BA9B9
:103430000A7F0302063B902788E493F8ECC39822A6
:10344000E0F50AA3E0F50B22C082C0837C0080096E
:10345000EA24FF1AEB34FFFB0C12B4365016EC12C0
:10346000B47B940550F2EA4B70E6743128FA740587
:1034700039FB80047A007B0002C35B12B405C322CF
:103480007B00121165740222F0A818A91988088916
:10349000097808227B0012117174042212D080EC8A
:1034A000227B00121177740422E50A2402FCE43521
:1034B0000BFD2202085D74F71203DEEAFEEBFF90BB
:1034C00013D7E06408601AE0640460158A828B8375
:1034D000E054036401703F12B52512C90064067000
:1034E000358A828B83A3A3E064FE7003A3E0F460BB
:1034F000258A828B83A3A312CC2D7003A3E069706D
:1035000008EA241512C9AE6005121C638003121C60
:1035100069E9F50880037508C2EEFAEFFB1210F3B3
:10352000A90802C34DEA12B52A2212B52E22240B95
:10353000F582E43FF5832274F41203DE8A088B09D6
:1035400012CDEDFAE82AFAE43400FB1210ED8A0AF3
:103550008B0BAE0AAF0BEA4F605485088285098356
:10356000E0FC7D00790012103F8E828F83A312D180
:103570007A121C998E828F8312BCD38508828509AA
:1035800083E0F8EE28F8E43F12B5B4850882850997
:1035900083A3E0C0E012CBEAD0E0F0121CAB12CB68
:1035A000E0E912CDF6E0C0E012BA94D0E0F0EEFA15
:1035B000EFFB8015F912C32E12B5BC22F583E8F09B
:1035C000A3E9F02274181208AB7F0402063B74F4DE
:1035D0001203DE74E81209438A088B098C0A8D0BEA
:1035E000E9FE9013D7E064046005E0640870047994
:1035F000C2803AA37808120AE3E99013DE12B63FBC
:103600008518828519837808120AE37405120B580D
:10361000EEF07404120B587401F07407120B58E4A6
:10362000F09013D77402F090134112B6378095F0E2
:1036300085088285098322E412BD8D12170522F0C8
:103640007C187D007900AA18AB1912103F22C082A5
:10365000C08390135B12C575600D90135B12CC266E
:1036600090135BE4F0A3F0121BE502C35B74F0124D
:1036700003DE74E81209438A0A8B0B8C088D0989D2
:103680000C7E007F00742F120B58E06026743012FD
:103690000B5812C571800B1210518A0E8B0FA80E99
:1036A000A90FC3E894F8E994FF50ECE84960E8E812
:1036B000FEE9FF742C120B58E0FC742D120B58E03D
:1036C000FD740F6C7005740F6D60129015E7E06467
:1036D000026005ECC39D500579C102B7C47428127D
:1036E0000B58120B299013D8120B1DE50C9013DE0A
:1036F000F0EC9013DCF0EDA3F0742E120B58E09078
:1037000013DFF074FF650A700474FF650B7024907A
:1037100015FFE0F47003A3E0F4700C121051901345
:10372000D5EAF0A3EB80159015FF12CE44E8F0A384
:10373000E980099013D5E50AF0A3E50BF0E508450B
:10374000096017AA08AB09121DA1E96401700BAC4E
:1037500008AD097AE97B131211D77AE97B13121DA0
:10376000A1E970097AE97B1379E21216F39013C884
:10377000EEF0A3EFF09013CBE4F0A3F09013E8F099
:103780009015E7E0640270089013DC740FF0A3F06A
:103790009013D7740512B63F7404120B58E4F090DE
:1037A00013D8120B29851882851983120B1D9013CB
:1037B000DEE0C0E07405120B58D0E0F07407120B85
:1037C0005812B637741802C90D1208AB7F060206EC
:1037D0003BC082C0839013D77401F002C35B74F0C6
:1037E0001203DE74E31209437401120B5812BCD7A2
:1037F000A3ECF0A3EDF0E9FF7E00750C018E0D8EB9
:103800000E8E0F9013D77401F07C187D0079007430
:103810000512091B12103F7401120B58120B297468
:1038200005120B58120B1D740A120B58EFF0740995
:10383000120B587403F0740C120B58E4F07401125C
:103840000B58850C08850D09850E0A850F0B780825
:10385000120A6FE5084509450A450B60010E74011F
:10386000780C1207FA12CE2570D3AA18AB19795A20
:103870001216F3851882851983E0F508E4F509F539
:103880000AF50B8E0CF50DF50EF50F7808790C1274
:1038900002EF90827E780C120B017808790C1202EC
:1038A000EF90825A780C120B017808790C12036F92
:1038B00012BABF12B8CE780812087512B8DB120817
:1038C000AB740512091B121705741D02C90D7A008D
:1038D0007B04901422E0F91211AD227A007B04904F
:1038E0001422E0F91211A174042274F71203DE7C91
:1038F0000112182B02C34D74F71203DE7C0080F115
:1039000074F21203DE74FD120943EAFEEBFF890C28
:103910008C0D12C9C6121BD38A088B09EA4B70059D
:1039200079CA02BA8F8A828B83A3A3A3A3A3A3A37A
:10393000E064FE7003A3E0F4700579C302BA8F124D
:103940001C998A0A8B0BA80AA90B85088285098312
:10395000A3A3A3A3A3A3A3E0687003A3E0697005D6
:1039600079C202BA8F9013D512C571850882850974
:1039700083E0687003A3E069600985088285098394
:1039800012BBEB9013D512CE8F121D718508828564
:103990000983A3A3A3A3A3A3A3A3A3A3E0049013B6
:1039A000E812BBD47401120B58740212C864AE0A38
:1039B000AF0BEA4F700302BA86EA12B1BB8882F5F8
:1039C000837406F09013C2E088828983A3F012C842
:1039D000593F12BAA6EE241AF582E43FF58312BCD1
:1039E000D712BA9E740112C3067440F0A3E412BA4F
:1039F000AF12BAB812BA94E50DF0EEFAEFFB121757
:103A0000F5E9FE600302BA889013D7740912BAAFC1
:103A100012BBE19013CAE0650C6003E50CF07ACBB1
:103A20007B13794B1216F97AD57B1379501216F95C
:103A30007ACA7B1379E11216F97AC87B137953128B
:103A400016F912BABF9015D212CE8F121CC3901560
:103A5000CE12CE8F121CBD12D03EE4F50AF50B78C3
:103A6000081208757A0112CE511208AB12B8CE12A4
:103A7000D03E740278081207FA780812087512B856
:103A8000DB1208AB80027E1090122DE4F0EEF97488
:103A90000302B7C9EE2411F582E43FF58322EE124A
:103AA000B4193FF58322F5837401F0121C9322129E
:103AB000CDFAA3A3A3A3A32212CC1412B5BE2290C5
:103AC00015D012B1C490135D12B5BE9015CE12B1CF
:103AD000C490135F12B5BE2274F61203DE74E512B1
:103AE000094312BBC489089013D7E064046005E061
:103AF0006408700579C202BBBF7426120B58E064DB
:103B0000FE7003A3E0F4700579C302BBBF7C197D8E
:103B1000007900740212091B12103F9013D774032E
:103B200012BD8979501216F9742612091B794B12AD
:103B300016F985188285198312BBEBE5089013CA24
:103B4000F07426120B5812BBE17425120B58E0F5E5
:103B5000099013C212BBD474CE55094480C0E074DE
:103B60001A120B58D0E0F07417120B587402F0744C
:103B700026120B5812C571740F120B5812CC4D122D
:103B8000C5717418120B5812C56A740D120B58E5E2
:103B900008F0740A120B58E4F09013DD740FF07AF9
:103BA000DD7B1379541216F99013DC740FF07ADC74
:103BB0007B1379471216F9740212091B1216FF744F
:103BC0001B02B427851882851983ECF0A3EDF0EA77
:103BD000FEEBFF22F0EEFCEFFD7AE97B131211D72A
:103BE0002212B1C49013CB12B5BE2212CE4812B528
:103BF000BE2274F71203DE74F81209437E008A8233
:103C00008B83A3A3A3E0C0E07404120B58D0E0128E
:103C1000BC65E0C0E07406120B58D0E0F09015EBE4
:103C2000E0C0E07407120B58D0E012CC2012C5752A
:103C3000600D8A828B8312CE8F12178FE9701F74EA
:103C400005120B58E412BAAA7402120B58EAF0A338
:103C5000EB12CC5174FDF0A374FF12BCCBFEEEF955
:103C6000740802C34A12CC20A3A32274F71203DE05
:103C700074F8120943EAFEEBFF79009013D7E06471
:103C8000086005E06404704185188285198374FD1D
:103C9000F0A374FF12BAAA7402120B5812BCD774A4
:103CA00005120B5812B28FE0C0E07404120B58D00A
:103CB000E012BF61E0C0E07406120B58D0E0F0746F
:103CC00007120B58E412BCCBF9809512BD8D121C63
:103CD000EDE922A3A3A3A3EAF0A3EBF02274F71269
:103CE00003DE79011216EDE9FE121783121C511240
:103CF0001BE5901422E0F9121B7FEEF902C34D740C
:103D0000F21203DEECFEEDFF750800E9247960266F
:103D100024FC605924F3600F24FC601014604E14DE
:103D200070439013D7804E9013C58049121D59EAF5
:103D30008E828F8380447508C1121D658B0DA90D7D
:103D4000EA4960378A088B09750A007808120879F1
:103D50007C177D00EEFAEFFB12103374031208ABF0
:103D60007508008016747F29C3945840057508C9EA
:103D7000800912BD7EE08C828D83F002B114743311
:103D800029F582E43413F5832212BD8D22F0AA189E
:103D9000AB192274F51203DE8A088B098A828B83A1
:103DA00012B142EE4F700302BF3B90137A12C575F9
:103DB00060178A828B83A3A3E0F9EEFAEFFB9013DE
:103DC0007BE0F58388821205568E828F83A3A3A39E
:103DD000A3A3A3A3A3A3E06402600302BEA98E82EF
:103DE0008F83A3A3A3A3A3A3E05402700302BECDB9
:103DF000850882850983A3A3E064E9700302BECD30
:103E0000850882850983A3A3E064CD700302BECD3B
:103E1000850882850983A3A3E064F0700302BECD08
:103E2000EE240D12C2DD6024EE241312C9AE601C14
:103E30008E828F83A3A3A3A3A3A3A3A3A3A312BF31
:103E40004F701D7A307B0112150180149015EFE040
:103E5000048E828F83A3A3A3A3A3A3A3A3A3A3F0EE
:103E6000850882850983A3A3E0701F750A00800975
:103E70007A367B01121501050A850882850983A31C
:103E8000A3A3E0F8E50AC39840E6EE240A12C9AEFF
:103E900014F0C0E012BA9ED0E012C2F77404F090A1
:103EA00015F012CC0EE812BF3E8E828F83A3A3A31F
:103EB000A3A3A3A3A3A3E0640260128E828F83A3B3
:103EC000A3A3A3A3A3A3A3A3E06406706E8E828F13
:103ED00083A3A3A3A3A3A3E0A2E0505F85088285E8
:103EE0000983A3A3E0F9EEFAEFFB121AEF8E828F9B
:103EF00083A3A3A3A3A3A3E054FE12BF4F8508820C
:103F0000850983A3A3702AE070237A2F7B01121501
:103F1000017E00850882850983A3A3A3E0F8EEC390
:103F20009850187A367B011215010E80E67A31809E
:103F300005E070077A2D7B0112150102B431F0A360
:103F4000E9F07A207B00901422E0F91210992212F5
:103F5000BF6112CE7D12C90712BF5C22121D11E98A
:103F600022F08E828F832274F01203DE74BB12095A
:103F70004312BBC4750E00750F00740212092312A0
:103F80001A0B740F120B58E070087412120B58E0E1
:103F900060167402120B58E0A2E650118E828F83D5
:103FA00012CE8612BF5C60057A3502C0C074021260
:103FB0000B58E0540C64047004D2008002C200E08C
:103FC000A2E55036750F01A200402F12C3117003F5
:103FD000A3E069700512C2DA706B12C3117003A3FB
:103FE000E069601612C2DA701112C3277402120956
:103FF00023121AC5E9600302C0BE12C2DA702A7425
:1040000002120B58E0A2E650207403120B58E05441
:104010000370167402120B58E0540C640C600AE032
:10402000540C64086003750E017402120B58E054BE
:1040300003F87402687022740212092312C3271253
:104040001A1D02C2C98E828F8312CE8612B1BA7433
:1040500017120B5812C56A80937401687045E50EFB
:10406000A2E0500D12C2DA7008740212092312C3C2
:10407000347402120913741C120B58E8F0A3E912ED
:10408000B1B97419120B58E8F0A3E912C2F2C0E0FA
:10409000741B120B58D0E0F0741912091B12193955
:1040A00002C2C9E8600302C2C99013BFE064017094
:1040B000178E828F83A3A3A3A3A3A3E0700A7A34ED
:1040C0007B0112150102C2C97444120B587402120A
:1040D000B1B9743C120B5812C2E7F583E0548070FA
:1040E0000302C1E67426120B58740212C2F712C5FD
:1040F00071741E120B5812C56A7405120B58E0C079
:10410000E07427120B58D0E0F07404120B58E0C092
:10411000E07428120B58D0E0F09013D512C57174DA
:1041200029120B5812C56A7408120B5812C5717403
:104130002B120B5812C56A740A120B5812C57174EF
:104140002D120B5812C56A7412120B58E0F8742F16
:10415000120B58E8F0A3E4F07410120B5812C5715A
:104160007431120B5812C2E712C56F7433120B5818
:1041700012C302E0C0E07435120B58D0E012B290C6
:10418000A3A3A3E0C0E07436120B58D0E0F012C92C
:10419000ABC0E07437120B58D0E0F07413120B5818
:1041A000E0C0E07438120B58D0E0F07415120B58D0
:1041B000E0C0E07439120B58D0E0F0EE242312C9AD
:1041C000AEC0E0743A120B58D0E0F0EE242512C9CC
:1041D000AEC0E0743B120B58D0E0F0741E12091B05
:1041E000121A2302C2C97455120B587808120B0117
:1041F000A200400302C27DEE240F12C9AEC0E074DB
:1042000014120B58D0E0F090137C12C575700302A5
:10421000C2C912CC3C743C120B58E0687003A3E096
:1042200069600302C2C9EE242312C2CE120881EED5
:104230002421F582E43FF5831207087808120875F7
:10424000E50FF50878081208818E828F83A3A3A357
:10425000A3E0F50878081208817409120B581207B8
:1042600008A90E740D120923744712091B90137CC0
:1042700012C3DA120556740B1208AB804CE50EA27D
:10428000E05008740212092312C334EE241112C242
:10429000CE1208817808120875E50FF50878081223
:1042A00008817406120B581207089013D5120708DC
:1042B000EE241212C9AEF97446120923740C1209C5
:1042C0001B121AFB740A1208AB744502C90DF58261
:1042D000E43FF583E0F50C780C22EE2421F582E42E
:1042E0003FF583E054802212B5BEEE2421F582E42E
:1042F0003F2212C9B6E02212C2FB2212C9BAA3A3FE
:10430000A322E8F0A3E9F0EE240FF582E43FF58361
:1043100022121C998A088B09A808A90912C32168CE
:1043200022EE12B52EE02212C32E12C90522EE1281
:10433000C4953F2212C32E12C905121A112274F716
:104340001203DE1214838005740D1208AB7F010284
:10435000063BC082C0831214898000D083D08202C1
:10436000085D74F71203DE12148F80E1C082C083EF
:1043700012149580E6C082C08312149B80DD74F70E
:104380001203DE1214A180C574F71203DEE9FE9059
:1043900013C2E0A2E34016901386120B29E8494AA3
:1043A0004B600A7A087B0090136912BF49EEF9123C
:1043B00014A702C34D74F71203DEEAFEEBFF74018B
:1043C00069701479001218EB90277CE493FC790053
:1043D000EEFAEFFB1218CD02C34D12CE7D2274F718
:1043E0001203DE1214AD02C34D74F71203DE9016F1
:1043F00008E0F97800800B12C684540D6401700146
:10440000190812C69D5003E970ED02C34D74F712EE
:1044100003DE901609E0F97800800B12C684548DF3
:1044200064817001190812C69D5003E970ED02C342
:104430004D74F21203DE890AE975F007A4A9F0248D
:104440000FFEE439FFEE2AFAE43FFB12C483602C2E
:10445000EEFCEFFD790012103FE50812C48D12C684
:10446000C0E50AF0E5082EF8E5093FF985088285E0
:104470000983A3A3A3A3A3A3A312C568AA08AB0996
:1044800002B7CC1210ED8A088B09EA4B2212C491B4
:104490002212C49522240BF582E42274F61203DE64
:1044A0008A088B091218A9E9F8901607E0F9E8C301
:1044B00099400990136512CE8F1218AFE5082402B7
:1044C000FEE43509FF90136712CC36F0901367E0D5
:1044D00004F0AA08AB091218B58E828F83E002B3EC
:1044E00084C082C0837900901365800109E0FAA33B
:1044F000E08A82F583E582458370F102C35B74F73D
:104500001203DEEAFEEBFFEA4F605A90136512C514
:10451000756052888289837A007B00EE6582700321
:10452000EF65836013AA82AB8312CDF18882F58395
:10453000E5824583602F80E3901365E0F8EE6870B4
:1045400002EF698E828F83700812C57190136580A7
:104550000312B41F12C56AEEFAEFFB121969EEFAE4
:10456000EFFB1210F302C34DA3A312B5BE2239F51F
:104570008312B1C42212B1C4E84922C082C0839020
:10458000136580048882898312C575600A888289D0
:104590008312B49C4D70ED8A828B83E4F0A3F0E823
:1045A00049600688828983800390136512BCD70214
:1045B000C35B74F71203DEE9FD90136580048A8201
:1045C0008B8312C5EB601D7C0080010C12C639EC98
:1045D000C39850EAEC75F007A4F8A9F012C6306D44
:1045E00070E980047A007B0002C34D12C907EA4BD0
:1045F0002274F71203DEE9FE7D0080010D12C63938
:10460000EDC3985024ED75F007A4F8AFF0EFF91260
:10461000C6306E70E7ED75F007A4F812C6AF4CF027
:10462000E8240FFAE439FB80047A007B0002C34DD2
:1046300012C6A7241312C6B82212CE1CF82274F692
:104640001203DEE9FEEAFF1218BB8A088B09A808EC
:10465000A909EA49602B7C00801AEC75F007A4FADE
:10466000ABF0E82AFAE93BFB12B41812C9EF6E70FE
:1046700002EFF00CE812C48D12CE2EFAECC39A4071
:10468000D902B42AE875F007A4FCADF0EA2CFCEBE3
:104690003DFDEC2414F582E43DF583E02212CE1CAE
:1046A000FCE8C39C22EFF9EA28F8EB39F9E822127A
:1046B000C6A5241412C6B822F582E439F583E02297
:1046C00012B09C2274F11203DE74F5120943EAFE63
:1046D000EBFF89088C09E9A2E050117EFC7FFFA264
:1046E000E15005D2E402C768D2E3807C12C8EF70C3
:1046F00003A3E069600EAC087902EEFAEFFB121931
:1047000009E97005790002C846E508F50A780A1239
:104710000881790212C84B1208ABE9600302C84451
:10472000E508C2E5F508A2E640407403120923EE4D
:10473000FAEFFB12179BE9702B12C9C6EEFAEFFBDA
:10474000121D4D8A0A8B0BEA4B601FEA2402FAE421
:10475000350BFB12178FE9601112B4A9740312090B
:104760001B1211D7E508D2E5F508901368E0F50EA5
:104770009013C812B440780A12087D7D017C009025
:104780001368E0F9AA0AAB0B1218F174021208AB15
:10479000E9F8901368E004F0E9600302C844E50812
:1047A000A2E55004740E80027406C0E07401120B7E
:1047B00058D0E012C864EA4B700302C84012C859CE
:1047C000350B12BAA6E50A241A12C88AEAF0A3EB3E
:1047D00012C88112C5718882F5837401F07478550E
:1047E00008A312D182E50EF0EE88828983A3A3A3E9
:1047F000F0EF12C86FE4F0E508A2E5500F74031261
:104800000923E82406FAE439FB1211D7850A8285C8
:104810000B83A3A374FDF0A374FFF0E50960169069
:104820002789E493F8E509C398500AE50A2413128E
:10483000C88AE509F0AA0AAB0B1217F5E9F9800658
:104840007910800279C7740B02C8E77CFE7DFFEE09
:10485000FAEFFB1218DF740122EA12C85E22241755
:10486000F582E42212BD8D121D058A0A8B0B228867
:10487000828983A3A3A3A312C87B2212CDE2A3A3A0
:1048800022F0E50A240B12C88A22F582E4350BF5E2
:10489000832274F41203DE7A007B1012C9CD600803
:1048A0009014347401F0803C90133FE06401901543
:1048B000E87006E0FC79018004E0FC79037A007B73
:1048C000001218CD902774E493F508740193F5094C
:1048D000E4F50AF50B78081208757A007B1012B817
:1048E000DF1208AB02B5C91208AB7F0702063B1204
:1048F000190F8A0A8B0BA80AA90B9013C8E068222B
:1049000012CE7DE022F583E0FAA3E0FB221208AB91
:104910007F0802063B74F41203DE8A088B09ECFE62
:10492000EDFF750A019013C8E06A7003A3E06B60A5
:1049300013750A00780A120881121D2F74011208DB
:10494000ABE9F50A7900AA08AB0912C99A7003A36A
:10495000E06970417900EEFAEFFB121903EA4B604F
:104960002B8A828B83A3A3A3A3A3A3E05418601C68
:104970007508FE7509FF780812087D8A828B83A36B
:10498000A312070812D06B1208AB80097901EEFA66
:10499000EFFB121885A90A02B5C912190F8A088BF4
:1049A00009A808A9099013C8E06822EE2411F5822D
:1049B000E43FF583E02212C9BA22F08E828F83A3EE
:1049C000A3A3A3A3A3229013D512D08022901422D4
:1049D000E0F91211B3EA4B4C4D2212C9E0E0682213
:1049E00012C9E422E0F8A3E0F98E828F83A3223B70
:1049F000F583E0223B12C9052274F21203DEEAFEBF
:104A0000EBFF8C088D09890B74FC6E700374FF6FCB
:104A1000700302CBC9790012190F8A0C8B0DAE0CF2
:104A2000AF0D740E120B58E0F50A9013C8E06E70CB
:104A300003A3E06F7009E50AA2E6400302CBC9A90F
:104A40000A12CBCE703B79007AFE7BFF12CBCE7080
:104A5000307418550A700302CAF67A0080010A9071
:104A6000278312CBF7400302CAF6EA75F007A4F8D1
:104A7000A9F012CF8F541870E574DB28F874073949
:104A8000F988828983EEF0A3EFF074FE6508700464
:104A900074FF6509600D88828983A3A3E508F0A3EC
:104AA000E509F088828983A3A3A3A3A3A3E50AF061
:104AB000A2E0500D88828983A3A3A3A3A3A3D2E27B
:104AC000F07401650B88828983A3A3A3A3A370312B
:104AD000740112CDE8E054186021902776E49388A1
:104AE000828983A3A3A3A3F012CC19EA4B6003022B
:104AF000CBC97D008036790202CBCB9013C7E08012
:104B0000DEE06401700302CBC988828983A3A3A37A
:104B1000A3A3A3E054186007902776E49380049041
:104B200013C6E012C86FE50B02CBC80D902780E4D6
:104B300093F8EDC398400302CBC97C00802DEC753F
:104B4000F007A4F8A9F074DD28F582740712C56E89
:104B5000ED75F017A4FAABF0747F2AF58274071292
:104B6000C9EF687003A3E06960C10C90278312B499
:104B70003940CBE4936C70B3ED75F017A4F8A9F04D
:104B8000747F28FE740739FF7C177D007900EEFAE8
:104B9000EFFB12103F8E828F83E508F0A3E509F04A
:104BA0009013D512CC0EA3A3A3A3A3A312C3027484
:104BB000AAF012CBE0740112CBFE5001097A027BFD
:104BC0000012028E12CBEAE8F0790002B7CC12CBC9
:104BD000D8A80CA90DEA49221219038A0C8B0D22C0
:104BE000EE240EF582E43FF58322EE240DF582E4F7
:104BF0003FF58322902788E493F8EAC39822F012C5
:104C0000CC032290277DE49379002401F82212CC72
:104C100014A3A32212C9E4A32212CE0B121D7722E1
:104C2000F08A828B832212C9071210F32212B1C4B8
:104C30009013C8E06822E08E828F8322121C998A2A
:104C40000C8B0DA80CA90D2212B09CE022E8F0A359
:104C5000E9F085188285198322F088828983A3224E
:104C600074F31203DE89088A09ECFEEDFF90277FBA
:104C700012CCB25033750C008002050CE50CC395C4
:104C800008501B121C99A80CE828F8E433F9EE2808
:104C9000F582EF12CE2E6A7003A3E06B70DCE5099B
:104CA000650C70047901800279007F0502063B9053
:104CB0002782E493F8E9C3982274F61203DEE9FE32
:104CC000790012190FEEF91219038B09A909EA49A3
:104CD000601D8A828B8312D17B8A828B83A3A3146B
:104CE00012CCF8E412CCF412CCF4A3F0F9800279DF
:104CF0000402B42A12CE0022F0A30412CC20A3A3F3
:104D0000A3A32274F01203DE8A0C8B0DE9FE8C083B
:104D1000EDFF1218FDE9F97410120B58E0F50EA31F
:104D2000E0F50F12CCAF5043E9F50A750B007403A0
:104D3000780A1209EA7411250AF582740912C88DDD
:104D4000E0F8E508C398501FEF6074E9F50A750BA9
:104D5000007403780A1209EA12CDC4A3A3A3A3A383
:104D6000E50812CDD480577903805679007AFE7B0E
:104D7000FF1218FDE9F9902782E493697004790223
:104D8000803FEF603AE9F50A750B007403780A1268
:104D900009EA12CDC4E50CF0A3E50D12CDD412CD75
:104DA000E8E50812C87774FFF0EE88828983F090F6
:104DB00013C6E088828983A3A3A3A3A3A3A3F07946
:104DC0000002C910740B250AF87409350BF98882A2
:104DD000F583A32212CDDEE50EF0A3E50F2212CD5E
:104DE000E22212CC59A3A32212C87BA3228A828B6F
:104DF00083E0F8A3E02212CDFA2212B62FA3A32259
:104E0000F08A828B83A3A3A3A3A3229013D5E0FCF3
:104E1000A3E0FDAA08AB092212CE1C22EA12C49517
:104E20003BF583E022E50C450D450E450F2212C6E9
:104E3000BB22E8FA12CE39E022744B2AF582E43420
:104E400009F5832212CE4822E0F8A3E0F99013D5A9
:104E5000227B00901422E0F91211A7740422C08270
:104E6000C0837800800108902778E493FAE8C39A19
:104E7000500812CE326970EEE4F002C35BE0F8A392
:104E8000E0F583888222A3A3A3A3A3A3A3A3A312D1
:104E9000C9072274F61203DEE9FC790080010912C9
:104EA000CCAF5039E9F50875090074037808120988
:104EB000EA740C12CEE0740912CC486A7003A3E0C5
:104EC0006B70DBE9F508750900740378081209EACC
:104ED000740B12CEE0740912CC486C70C102B42A73
:104EE0002508F5822274F71203DE89085308407EF4
:104EF00000802EEE75F007A4F8A9F074DB28F58287
:104F0000740712CE2E6A7003A3E06B701374FE6AEE
:104F1000700374FF6B605812CF8F54406508604F68
:104F20000E90278312CF8840CAE4936E705374FEAC
:104F30006A700374FF6B70497E0080010E902783B6
:104F400012CF88503CEE75F007A4F8A9F074DF2862
:104F5000F582740712CE2E70E3A908EE75F007A44F
:104F6000ABF074DB28F582740712C9F41218EBEE6B
:104F700075F007A4F8A9F074DB28FA740739FB80F0
:104F8000047A007B0002C34DE493F8EEC3982274C8
:104F9000E128F582740712C6BB2274F41203DEEA1C
:104FA000FEEBFF890B8C0A740169700C90277AE480
:104FB00093F9121921E970647900EEFAEFFB1219E6
:104FC0000FA90A1219038B09A9097401650B601452
:104FD000EA4960568A828B83A3A3A3A3A3E0650B4F
:104FE00070488038EA4960198A828B83A3A3A3A3FF
:104FF000A3E06401700B8A828B83A3A312D041804B
:105000000AE50AA2E640238E088F0974FE6508703F
:105010000474FF6509601312D02F60047900800CBE
:10502000EE65087003EF650970DD790102B5C9907E
:10503000277AE493F9AA08AB09121921E9229015FD
:10504000D2E0F508A3E0F5092274F61203DEE9A226
:10505000E6501579FF1219CFEA4B60089013C81279
:10506000CE8F80047AFE7BFF02B42A79009013C8A9
:1050700012D0808A828B8312C907121915740422F8
:10508000E0FCA3E0FD2274F11203DEEAFEEBFF8CEC
:10509000088D09E9600C750A00780A120881790BFD
:1050A000806E7900AA08AB091219038A0A8B0BEAF1
:1050B0004B60658A828B83A3A3A3A3A3A3E0A2E092
:1050C00050568E0C8F0D780C12087D7411120B58EF
:1050D00012C9C97413120B5812CE8F121D83740299
:1050E0001208AB8A0C8B0DA80CA90D74FE68700316
:1050F00074FF696023850A82850B8312BCD5750A0B
:1051000000780A120881790CEEFCEFFDAA08AB09C1
:10511000121D2F74011208AB02C8EAC082C0837846
:10512000DB79077C00804588828983A3A3A3A3A39E
:10513000A3E0A2E0402E88828983A3A3E06A7003E3
:10514000A3E06B701F88828983A3A3A3A3A3E06459
:1051500001701188828983A3A3A3A3A3740312D12E
:105160008212D17B0CE82407F8500109902783E4D0
:1051700093FDECC39D40B002C35BA374FEF0A30497
:10518000F02212CC59A32274F41203DE890812D142
:10519000DA603B8A828B83A3A312D1D3F98E828FEC
:1051A00083A3E06029E960269013C1E06401700DDB
:1051B0008E828F83A3E0C3995003E980068E828F8D
:1051C00083A3E0F8E508C3984004790180027900E0
:1051D00002B5C9E0F9121D8FE9229013D512D080D3
:1051E000121D778A0A8B0BAE0AAF0BEA4F22C082E0
:1051F000C083E990120AF002D3F174F41203DE8A3C
:10520000088B09EB5480604D800EEEFAEFFB121212
:105210005BEEFAEFFB12105D90120AE0F912106FCC
:105220008A0A8B0BAE0AAF0BEE4F60208E828F8303
:10523000E0641A60D5EEFAEFFB12121FE9F974FF71
:105240006960CEEEFAEFFB12106380CCAA08E50984
:105250006480FB80047A007B0002D51074F712038F
:10526000DE7AFF02E17974F61203DEE9FEEAFF7AE4
:10527000047B001210EDEA4B6035EF8A828B83A32A
:10528000A3A3F0EE8A828B83A3A312D2ECF0901238
:105290001612E2EB7009901216EAF0A3EB8047E0D9
:1052A000F988828983A3A3A3E06F70071210F379B2
:1052B000008036E8FCE9FD8882898312E2EB70E128
:1052C00074FF6F700D8C828D83EAF0A3EB12D2EC29
:1052D000801490121612F29290121612DFD88A825F
:1052E0008B83E8F0A3E9F0790102E27B12E150E45C
:1052F000F0A322C082C083EA12D3E73BF583E0FA31
:1053000090121680048882898312E2EB601C8882E6
:105310008983A3A3A3E0FBEA6B600574FF6B70E5D0
:1053200088828983A3A3E0F9800279FF02D3F17414
:10533000F41203DEEAFEEBFF8E828F8312F1441239
:10534000121FE9F50874FF6508700302D3E27A19A9
:105350007B00121057EA4B700302D3E28A828B83E0
:10536000743412E4CDA3EA2402FCE43BFD7406127B
:1053700007D98E828F8312DB0512F29B8A828B8380
:10538000A3A3A3A3A3A3A3A3ECF0A3ED12D541A3CE
:10539000EA240AFCE43BFD740C1207D98E828F8349
:1053A00012E926C812D3E738F583E0C0E0EA2416F4
:1053B000F582E43BF583D0E0F0EE240CF8E43FF90D
:1053C0008882898312F29FEA2417F582E43BF583F1
:1053D000ECF0A3EDF088828983E4F0A3F0A9081231
:1053E0001063790102D51012D3EB222414F582E464
:1053F00022D083D08202085D74F41203DE8A088B07
:1054000009ECFEEDFF7A087B001210ED8A0A8B0B87
:10541000A80AA90BE84970047910803F8882898323
:10542000E4F0A312DB1AA3E508F0A312D515740C5F
:10543000120B5812D959A3A312DFD690120E12D90B
:105440004190120E6012E0FCA3E08003EAFCEB1234
:10545000D93C70F88C828D8312D4B802D51074F4C4
:105460001203DE89088A09ECFEEDFF7A0A7B00123E
:1054700010ED8A0A8B0BA80AA90BE8497004791071
:10548000803412D521E4F0A312D4C0E50912D4C0AF
:10549000A3EEF0A3EFF090121012D9419012106019
:1054A00012E0FCA3E08003EAFCEB12D93C70F88C1C
:1054B000828D8312D4B88058E8F0A3E9F0790022F5
:1054C00012D545A3A32274F41203DE89088A09ECDD
:1054D000FEEDFF7A067B001210ED8A0A8B0BA80AFC
:1054E000A90BE84970047910802612D52112D51530
:1054F00090121212D9419012126012E0FCA3E080C7
:1055000003EAFCEB12D93C70F88C828D8312D4B87C
:105510007F0402063BE50912D532A3EEF0A3EFF0BB
:105520002288828983E4F0A312DB1EA3E50812D54A
:10553000322212D5362212DB1EA3A3227F060206D8
:105540003B12D5452212D536A3A32274F41203DEF2
:1055500074F7120943E9FEECFF85188285198374FC
:1055600001F0EF7006EDC39406405074036A4B607F
:105570004A7401120913880A890B780A12087D7C83
:10558000127D007A007B00EEF91212737402120889
:10559000ABE9601CE4F50AF50B780A12087D740388
:1055A000120923740212091B1212A974021208AB09
:1055B000851882851983E06401700479018002797D
:1055C0000074091208AB02D51074E81203DE74FAF5
:1055D00012094389128A168B178C088D09122179BA
:1055E0008A148B15EA45157005790202D769AA0855
:1055F000AB09A91212128BE9F50FA2E6401C90121A
:105600001412E2EB6014E82419F582E439F583E022
:1056100064017006E50FD2E6F50F7C067D00790087
:10562000AA18AB1912103F741F120B5812DB12602C
:1056300009E054FCF0E044018003E054FC12F693CE
:1056400012E2EA602B741E120B58E0FE88828983F6
:10565000A3120708EEFD7402120B58E05403FCAAD3
:1056600008AB09A91212123D74021208ABE97005C9
:10567000790102D7697422120B5812E2EB6012858D
:105680001882851983E04404F07402120B5812DF6B
:10569000E07420120B5812DB126005E0440880030E
:1056A000E054F7F07421120B5812DB126005E0444D
:1056B000108003E054EFF07424120B58E0C0E07443
:1056C00004120B58D0E0F07405120B58EEF078037A
:1056D000851882851983E0540460027805742512C8
:1056E0000B5812F16AE82510FEE43511FFEEFAEFCF
:1056F000FB1210ED8A0A8B0BEA450B6068AC0AAD11
:105700000BAA18AB191212677427120B5812E80D66
:10571000120879AC10AD1112103374031208AB905B
:10572000156BE0F50C780C120881750C6A750D1379
:10573000780C12087D780A12087D8E0C8F0D780C7B
:1057400012087D780812087DA90FAC14AD15AA16B1
:10575000AB1712218574091208ABE9FEAA0AAB0B3C
:105760001210F380027E10EEF974061208AB7F105F
:1057700002063BEEF97F0C02063B74EA1203DE746C
:10578000FE120943890B8A148B158C0E8D0F7E0037
:105790007F00750A007418120B5812F16A801112FA
:1057A000D9321212B58B09EE2AFEEF3509FF050A30
:1057B00012EEC4503FE50A75F006A4F8A9F0E51012
:1057C00028F582E51112D950EE2403FEE43FFFA331
:1057D000A3E070DA0EEE70010F88828983A3A3A381
:1057E000A312D9418882898360B5A3A3A3E0F912EB
:1057F00012A380B1EEFAEFFB1210ED8A088B098A32
:105800000C8B0DEA450D700302D91E750A0080301D
:10581000A818A91988128913781212087D7808121D
:10582000087D8A828B8312D9321212BB740412084B
:10583000AB12F28CE50828F508E50939F509050AE7
:1058400012EEC45073E50A75F006A4F8A9F0E5104D
:1058500028F582E51112EEAF12D9298A828B83A333
:1058600012E0DDF012E15612E0D8F0E5082403F56D
:10587000085002050988828983E070C2EA2403087F
:1058800012E15A12D929A38582088583098A828B5D
:105890008312F29B8C828D83E5824583700302D84C
:1058A00010AC08AD09AA82AB8388828983E0F91223
:1058B00012978A088B098086780C12087D8E088FD3
:1058C00009780812087D7420120B5812DFA91208FB
:1058D00081E4F508F509780812087D7422120B5846
:1058E00012DFA91208817422120B5812DFA91208C4
:1058F0008175080078081208817508017808120877
:1059000081AC0EAD0FAA14AB15A90B121243740B88
:105910001208ABE9FEAA0CAB0D1210F380027E1048
:10592000EEF974021208AB8022E0850882850983B3
:10593000F02212F684AA0EAB0FA90B22FD8C828DE9
:105940008312F148EA4B22AA12AB137F0E02063BE8
:1059500039F583A3A882A9832212F148888289831A
:10596000A3A32274EC1203DE890A8A108B11ECFEC9
:10597000EDFF7414120B5812DA6875F003A4F50EDB
:10598000E5F0F50FAA0EFB1210ED8A088B09EA4527
:1059900009700302DA50A808A9097C008034EC756C
:1059A000F003A4FAABF0E50C2AFAE50D3BFB8A8282
:1059B0008B83A312DA55F0EA2402FA50010B8A8293
:1059C0008B8312DA5B12DA72A3F0E82403F8500139
:1059D000090C850C82850D83E0FAECC39A40BF74F4
:1059E000016A700AA3E07006750E01750F00780851
:1059F00012087D780E12087D741C120B5812DA62A0
:105A0000120881E4F50CF50D780C12087D741E1255
:105A10000B5812DA62120881741E120B5812DA62E5
:105A2000120881750B00780B120881750B04780B36
:105A3000120881EEFCEFFDAA10AB11A90A12124365
:105A4000740B1208ABE9FEAA08AB091210F380022E
:105A50007E1002D773E08882898322E0888289835E
:105A6000A322E0F50B780B2212DF93850C82F583DD
:105A7000E02212E150A3E088828983A32274F61207
:105A800003DE74FE120943E9FE740C120B5812DB9C
:105A90000512DB1212DB1AE0C0E07401120B58D0C1
:105AA000E0F0A818A91988088909780812087D75F6
:105AB0000802750900780812087D7416120B581236
:105AC000DFA91208817415120B58120708741612F8
:105AD0000B5812DFA91208817416120B5812DFA995
:105AE000120881750800780812088175080B78087B
:105AF000120881EEF9121243740B1208AB740212F1
:105B000008AB02E27B12DB092212E926F9888289BE
:105B10008322E08518828519832212DB1E22F088F9
:105B2000828983A32274F11203DE74EB120943EA23
:105B3000FEEBFFC200EE2420F8E43FF98808890953
:105B40008882F583C3E09403A3E0940050057901B3
:105B500002DF70901214EEF0A3EFF07402120B58F3
:105B6000EEF0A3EFF0740E120B58E4F0A3F0740AF9
:105B7000120B58E4F0A3F0740C120B58E4F0A3F0ED
:105B8000EE2422F8E43FF9880A890B8882F5831213
:105B9000F29F7404120B58AA82AB831212618A0C12
:105BA0008B0DA80CA90D740A120B58E812DFE6122F
:105BB000F144EAC398F8EB99F9850A82850B83E0F2
:105BC00028F8A3E039F9740C120B5812DFE07408BE
:105BD000120B58E090120DF0EE2414F508E43FF596
:105BE00009850882F583E0F91221798A828B83E5A1
:105BF000824583700C901214E4F0A3F0790202DF66
:105C00007012DFCA602BEE2404F50AE43FF50BA303
:105C1000120708740B120B58E0FD7406120B58E0C3
:105C20005403FC12DFB812123D74021208ABE97083
:105C30000C901214E4F0A3F0790302DF7012DFB8C5
:105C400012128BE9F50E850A82850B8312F144EA64
:105C5000FCEBFD90120E80048882898312E2EB70C7
:105C60000302DD5588828983A3A312DF8FC3EC95DD
:105C70000CED950D40E288828983A3A3A3A3C3E022
:105C80009CA3E09D40D2E8FCE9FD7404120B58E0AF
:105C90005407700D7409120B58E0640B700302DD99
:105CA00059E50EA2E6400302DD59EE2419F582E41F
:105CB0003FF583E0600302DD597402120B5812DFD6
:105CC0009B600302DD497402120B5812E2E6707900
:105CD0007C00850882850983E0F912129174011213
:105CE0000B587401F07409120B5812DF78120B581C
:105CF000E0F50C780C1208817407120B5812070893
:105D0000750C01780C1208817408120B5812F130CE
:105D1000F50C780C1208817405120913880C890D92
:105D2000780C12087D7409120B5812DFAF120B5851
:105D300012DF83120B5812F15A121255740712080F
:105D4000AB7C0112DFB8121291901214E4F0A3F0B0
:105D5000790502DF707C007D007404120B58E0F8B6
:105D60005403600302DE87E8540460057E8402DE8B
:105D7000C57409120B58E0F8C39417400302DE8380
:105D8000E8F50A750B007402780A1209EA740A250C
:105D90000AF5827426350BF583E493F8740193F9C0
:105DA000E849700302DE83850882850983E0C0E04C
:105DB0007410120B58D0E0F0740C120B5812F1440E
:105DC0007411120B5812DFD8740A120B5812F144D6
:105DD0007413120B5812DFD8741012091B888289B1
:105DE000831205568A088B09A808A909740E120B9C
:105DF0005812DFE0E849604C7409120B58E0F508CE
:105E0000750900740278081209EA740C2508F582F5
:105E100074263509F583E493F8740193F98882892F
:105E200083E58245836012740212091B12055674C1
:105E30000E120B5812E2EB600B740E120B5812F19B
:105E4000441210F37409120B58E0F8605874026899
:105E50006053740368604E74056860497406686036
:105E600044740868603F740C68603A741168603567
:105E70007413686030741568602B740B6860267E3C
:105E80000080427E82803EEC4D602A8C828D83A30E
:105E9000A312DFCA601F740212091B120556E9FE25
:105EA00074FF6E700B901214E4F0A3F0F902DF702F
:105EB00074016E70107404120B58E0540460047E78
:105EC0008380027E817402120B5812DF9B707A74F9
:105ED00002120B5812E2E670707404120B58E0FACA
:105EE000541070657401120B58EEF07409120B58BF
:105EF00012DF78120B5812DFA91208817407120BF7
:105F0000581207087508017808120881EA1313135C
:105F1000541F64015401F5087808120881740512B1
:105F2000091388088909780812087D7409120B582A
:105F300012DFAF120B5812DF83120B5812F15A12F4
:105F4000125574071208ABD200901214E4F0A3F0BB
:105F5000EE70047900801974846EA200700A5004F7
:105F60007907800C79068008500479098002790845
:105F700074151208AB02E62DE0851882851983F0AE
:105F8000740822E02406FAA3E03400FB740922120C
:105F9000DF9322E0F50CA3E0F50D2212E926C824D8
:105FA00015F582E438F583E022E0F508780822123E
:105FB000F5B312F680740922850A82850B8312F1EB
:105FC00048850882850983E0F922A3A3A3A312DBF5
:105FD00009E582458322A3A3EAF0A3EBF022A3A361
:105FE000E8F0A3E9F022F0A3E9F0850882850983AF
:105FF0002274F41203DE8A088B09ECFEEDFF7C06A6
:106000007D00790012103F850882850983E054FCE9
:10601000F8A3E0F98E828F83E05403FAE84A8508FA
:1060200082850983F0A3E912E0E6A2E25004D2F0EF
:106030008002C2F0850882850983E054FBF0A2F05B
:10604000E433F50A750B007402780A1209EAE04598
:106050000A12E0E6A2E3850882850983E050044441
:1060600008800254F712E0E6A2E45004D2F0800265
:10607000C2F0850882850983E054EFF0A2F0E43392
:10608000F50A7404780A1209EAE0450A12EA8685DC
:106090000882850983E05404601C8E828F83E0FAB5
:1060A000A3E0F9EA850882850983A3A312DFE1EE64
:1060B0002402FE50010F8E828F8312E0D8A3A31218
:1060C000E4BE850882850983A3A3A3A3A3F0EE24DD
:1060D00002FAE43FFB02D51012E0DDA322E08508BE
:1060E00082850983A32212E4B5E02274F71203DE4D
:1060F0008A828B83E054038C828D8312E174540472
:1061000012E16D540812E16D5410F88C828D83E019
:1061100048F0A3AC82AD838A828B83E05404601282
:1061200012E156E08C828D8312DB1A12E162FC5080
:10613000010D8A828B83A3A3A3A3E08C828D83129B
:10614000E150A3A3A3A3A312E162FAE43DFB802CD8
:10615000F08A828B8322EA2402F8E43BF988828960
:106160008322E08C828D83A3F0EC240222F88C82BF
:106170008D83E04812E150E0221212197F010206DD
:106180003BC082C08390121080048A828B8312D914
:1061900041600C8A828B83A3A3E06970ED80047A4E
:1061A000007B0002D3F174F01203DE8A088B09EC45
:1061B000FEEDFF12126D8A0C8B0DEA450D60787CA6
:1061C0000080010C850C82850D83A3A3A3A3A3A348
:1061D000A3E0F8ECC398505FECF50E750F00740364
:1061E000780E1209EA850C82850D83A3A3A3A3A3CD
:1061F000A3A3A3E0250EF8A3E0350FF988828983D5
:10620000E493FA740193FBE5086A7003E5096B7087
:10621000B2A3A3E493FA740193FBEE6A7002EF6BEE
:1062200070A17410120B5812F29F8983888274082F
:106230001207B779018002790080031208AB7F084A
:1062400002063B74F61203DE12126D8A828B83E51E
:10625000824583600512F14180047A007B00801B37
:1062600074F61203DE12126D8A828B83E5824583F7
:10627000600512F13F80047A007B007F0202063B3A
:1062800074F71203DEE9FFEAFCEBFD9012128004C2
:106290008882898312E2EB604688828983A3A3E027
:1062A0006F70ED7E0080010E88828983A3A3A3E036
:1062B000FAEEC39A50DAEE75F003A4FA85F008AB53
:1062C0000888828983A3A3A3A3E02AFAA3E03BFB67
:1062D0008A828B83E06C7003A3E06D70CA80047ABD
:1062E000007B0002E17C12F5B3A3A312F296E84909
:1062F0002274F61203DE1212858A828B83E58245B0
:10630000836006A3A3E0F98002790002E27B74F6C1
:106310001203DEECFF1212858A088B09A808A9096E
:10632000E8496015E82402F582E439F583EF600559
:10633000E0D2E68003E0C2E6F002E27B74F11203F1
:10634000DEEAFEEBFFECFAEDFBEE4F700302E4B287
:10635000EA2402F50CE43BF50D8A828B83A3AC8220
:10636000AD838E088F09750A00E912078D0441423A
:106370007DE443448FE4E0E248E4E8E9FBE32508F8
:10638000F0E309FBE30A0AE40B48E410F0E318F039
:10639000E319FBE31A0AE41B48E41C59E41D62E418
:1063A0001E6BE41F74E420F0E321FBE3220AE423E4
:1063B00048E42459E42562E4266BE42774E428F0D9
:1063C000E329FBE32A0AE42B48E42C59E42D62E498
:1063D0002E6BE42F74E430F0E331FBE338FBE33958
:1063E00048E43A74E4EA48E4F074E4F1A1E4B2E485
:1063F00012E4C3F0ECFAEDFB02E4B212E4BB8C82CF
:106400008D83F00A0AAB0D02E4B28E828F83780886
:10641000120B018A828B83E50812E4B57808120B0F
:1064200001E5098C828D8312E4B57808120B0174A2
:106430001078081208FA850C82850D83E508F0EAC9
:106440002403FA506D0B806A8E828F831207041228
:1064500010C374041208AB805978081208797C05BF
:10646000804678081208797C06803D780812087901
:106470007C07803478081208797C08802B78081211
:1064800008798E828F83E02401FCE43400800F7849
:10649000081208798E828F8312E5B7FCE439FD80FB
:1064A0000978081208797C107D00121033740312E9
:1064B00008AB02E62DF08E828F832212E4C312E431
:1064C000CDE0228E828F83E08A828B832212E4B514
:1064D000A322E924F8607814607914607A14607B50
:1064E00024FB606B24F860671460681460691460B2
:1064F0006A24FB605A14605B14605C14605D146075
:106500005E14605F14606014606114604214604344
:1065100014604414604514604614604714604814C5
:10652000604914602A14602B24F9602714602C142D
:106530006039245A602514602214601F24FA601305
:1065400014601014601524FA6021146022802479EC
:106550000180227902801E7903801A7904801679DD
:106560000580127906800E7907800A7908800679FD
:10657000108002790002085D74F71203DEE9FE74F0
:10658000446E600574436E700C8A828B8312E5B78B
:10659000FAE439801574426E600574416E700E8A9B
:1065A000828B83E02401FAE43400FB800712129D01
:1065B000E9FA7B0002E17CE0FCA3E0F9EC24022292
:1065C00074F11203DEEAFEEBFFEC2406F8E43DF979
:1065D000880889098882F58312D94170047901807D
:1065E0004C8C828D83A3A3A3A3E0F91212A38A0A81
:1065F0008B0B850882850983E0F508A3E085080CEC
:10660000F50D750E00780C120879AC0AAD0BEEFA98
:10661000EFFB12103374031208AB740F120B5812F5
:10662000DFCE6007E50AF0A3E50BF079007F0702F3
:10663000063B74F01203DE74F8120943890A8A08D3
:106640008B09ECFEEDFFA818A919880C890D780CB0
:1066500012087DA90A12127374021208ABE97004C1
:106660007901804C7418120B5812F5E1741A120B50
:106670005812DF8F7406120B5812E2EB780C60167A
:1066800012087D7402120923AA0EAB0F1212A9740C
:10669000021208AB801A12087D780E12087DEEFCFB
:1066A000EFFDAA08AB09A90A1212BB74041208ABC9
:1066B000740802E23B74F01203DE74FE1209438A8E
:1066C0000C8B0DECFEEDFF851882851983E4F0A399
:1066D000F01212798A088B09EA4509602FA818A9D7
:1066E00019880E890F780E12087DE4F50EF50F78E3
:1066F0000E12087D7900EEFCEFFDAA0CAB0D8508AB
:106700008285098312055674041208AB85188285A8
:10671000198312F144740202E23B74F01203DE8A20
:10672000088B09ECFEEDFF1212798A0A8B0B7412AA
:10673000120B5812F5E1E50E450F600A850E8285B1
:106740000F83E4F0A3F0EA450B6027780E12087D72
:106750007412120B581207087901EEFCEFFDAA081B
:10676000AB09850A82850B8312055674041208ABA7
:10677000800279C102E23E74F11203DEECFEEDFF0D
:106780008E828F83A3A3A3A3A3E0A2E1507712126A
:10679000CDE9F50A7072740F120B5812EBF29012D9
:1067A0000B12E2EB6013AC08AD09EEFAEFFBE0F57B
:1067B000838882120556E96047E5082403F8E4352A
:1067C00009F9880889098882F58312F1448E828F3D
:1067D00083A3A3A3A3E0F91212A38A0C8B0DAC0C24
:1067E000AD0D85088285098312E80D1208798E8225
:1067F0008F83A312F13F12103374031208AB800889
:10680000750A878003750A88A90A02E62D12DF93AC
:10681000750E00780C2274F21203DE8908ECFEED8E
:10682000FF8E828F83A3A3A3A3A3E0A2E1504D1206
:1068300012CDE9F97048A9081212798A0A8B0BEA7D
:10684000450B6034E4F50CF50D780C12087D7410DE
:10685000120B5812070879028E828F8312F29D8ED6
:10686000828F8312F144850A82850B831205567448
:10687000041208ABE9F9800679C18002798802D553
:106880003C74F21203DEEAFEEBFF8C088D098C8269
:106890008D83A3A3A3A3A3E0A2E5501C12127F8AB9
:1068A000828B83E5824583600F7902AC08AD09EEE7
:1068B000FAEFFB1205568002790002D53C74F412FF
:1068C00003DE12ECD412EC901210EDEA4B6054850A
:1068D000088285098312E926C313E8138A828B8311
:1068E000F07C0080338E828F83E0F508A3E0F8E42B
:1068F000C8F9E50828E439F509EC25E0F8E433F9AE
:10690000EA28F582EB39F583A3E508F0A3E509F061
:10691000EE2402FE50010F0C8A828B83E0F8ECC358
:106920009840C202D510E0F8A3E02274EA1203DE18
:106930008A108B11EA2403F50CE43511F50D850C52
:1069400082F58312F154750A00750E00750F0080F0
:1069500049050A8E828F83A3A3E0F8EE2403FE503C
:10696000010FE870358E828F83E0F9A3AE82AF838A
:10697000EEFAEFFB1212A38A088B09EE2AFEEF351E
:1069800009FFEAA2E0500705080470020509E50EB8
:106990002508F50EE50F3509F50F85108285118361
:1069A000A312EEDD12ECACEE98EF9940A475F00660
:1069B000E50AA404F508250EFAE4350FFB1210EDE4
:1069C0008A128B13EA4513700302EA8212F14EA871
:1069D00008EA28F510E43BF5118A828B83E50AF07A
:1069E000750B0002EA78E50B75F00612EBD18E828A
:1069F0008F8312EBFA12DFE18E828F83A3A3E0F87C
:106A0000851482851583A3A3F0EE2403FE50010FA5
:106A1000E870638E828F8312EBE712EA85EEFAEF5D
:106A2000FB1212A38A088B098E0C8F0D750E00784D
:106A30000C120879AC08AD09AA10AB11121033740E
:106A4000031208AB851482851583A3A3A3A3E510C5
:106A5000F0A3E511F0EE2508FEEF3509FFE508A2E9
:106A6000E0500705080470020509E5102508F51037
:106A7000E5113509F511050BE50BC3950A50030225
:106A8000E9E602D947A312E4CDAE82AF832274EACD
:106A90001203DE8A108B11EA2403F50AE43511F59E
:106AA0000B850A82F58312EBF2750F00750C0075E9
:106AB0000D008042050F850882850983A3A3E0F9B4
:106AC000E5082403F50850020509FAAB091212A3E0
:106AD0008A128B13AE12AF13E5082AF508E5093FB9
:106AE000F509EEA2E050050E0470010FE50C2EF53D
:106AF0000CE50D3FF50D851082851183A312ECA5E1
:106B0000E50898E5099940AC75F005E50FA404FE89
:106B1000250CFAE4350DFB1210ED8A128B13EA45B1
:106B200013700302EBCE850A82850B8312EBF2EA27
:106B30002EF50AE43BF50B8A828B83E50FF0751086
:106B40000002EBC4E51075F00512EBD185088285D3
:106B5000098312EBFA12DFE6A3A312EBE7F0E508D4
:106B60002403F50850020509FAAB091212A38A0C96
:106B70008B0DAE0CAF0D85080C85090D750E0078D8
:106B80000C120879EEFCEFFDAA0AAB0B121033745D
:106B9000031208AB851482851583A3A3A3E50AF02D
:106BA000A3E50BF0E5082EF508E5093FF509EEA28F
:106BB000E050050E0470010FE50A2EF50AE50B3FC3
:106BC000F50B0510E510C3950F500302EB4402D9F5
:106BD00047A4F8A9F0E51228F582E51339F583A357
:106BE00085821485831522E0F9851482851583A397
:106BF000A322E0F508A3E0F50922E0FAA3E0F9EA10
:106C00008514828515832274F01203DEEA2403F5CD
:106C10000AE43BF50B850A82F58312F154750C00EA
:106C200012EC901210EDEA4B6063850882850983AF
:106C3000E064017002A3E0703E12E4C3A3F0750C9F
:106C4000018043E50C75F003A4F8A9F0EA28F8EBFD
:106C500039F98E828F8312DA5512EA85E0F50EA398
:106C6000E0FDE50E88828983A3A3F0A3EDF0050C77
:106C7000EE2402FE50010F85088285098312ECA5DF
:106C8000EE98EF9940BD8A828B83E50CF002E23EDC
:106C90008A828B83A3858208858309E02401FAA375
:106CA000E03400FB2212F60312ECAC22E028F8A339
:106CB000E039F9C32274F61203DE12ECD47A027BB7
:106CC000001210EDEA4B600912E4BB8A828B83A3A9
:106CD000F002E27B8A828B83A3A3A312F296E8FEE2
:106CE000E9FF2274E81203DE74F8120943EAFEEBAE
:106CF000FFEE240CF582E43FF583E0F512A3E0F506
:106D000013851282F583E075F006A4A9F02401FA38
:106D1000E439FB1210ED8A088B09EA450970057900
:106D20000002EEAA85128285138312E4C7F0750A69
:106D300000EE2402F516E43FF517800B850E8285E0
:106D40000F837486F0050A85128285138312EECABA
:106D5000400302EE5EA80AE875F006A4FAABF0E57F
:106D6000082AF582E5093BF583A385820C85830D0E
:106D7000E828F8E433F9E51228F582E51312EEAFBE
:106D800012EEDD12DFE0E50C2402F50EE4350DF520
:106D90000F12F166A818A919881489157814120819
:106DA0007D8A828B8312F29F85108285118312F176
:106DB0004012EEB812127374021208ABE96401605B
:106DC0000302ED3C7405120B58E0A2E6401A85164A
:106DD0008285178312F1257405120B58E0A2E72073
:106DE000F001B3400302ED3CA2E050678E828F8336
:106DF00012F292E82406F510E439F5117405120B2D
:106E000058E0A2E4502012F5C412127F8A828B83CC
:106E1000E582458360107901AC18AD19AA10AB1159
:106E2000120556E980027400850E82850F83F0609A
:106E30000302ED457406120B5812EEDDA3A312DF18
:106E4000DE7404120B58E0850C82850D83A3A3A386
:106E500002ED44850E82850F83748F02ED4412F19A
:106E6000668E828F8312EED1120881750A01780A2C
:106E700012088185168285178312F62612088178FA
:106E80000812087D85108285118312F29BE510247B
:106E900006FAE43511FB12EEB81212497405120815
:106EA000ABAA08AB091210F37901740802D76B3949
:106EB000F583A3AA82AB8322E51012D3EB3511F53B
:106EC00083E0F922851082851183E0F8E50AC398F2
:106ED00022A3A3A3A3A3A3E0F50A780A2212F296A1
:106EE000850C82850D832274E81203DE74F6120984
:106EF000438A0A8B0BC2007E00EA240CF582E4353B
:106F00000BF583E0F516A3E0F5178A828B83A3A324
:106F1000A3A3A3A3A3E06402701C85168285178334
:106F200012F60F1210ED8A0C8B0DEA450D700579E3
:106F30000002F04AD2007F008010A200500B85149E
:106F400082851583748612F1720F851682851783E8
:106F5000E0F8EFC398400302EFE3EF75F005A4F803
:106F6000A9F0E51628F582E51739F583A38582088F
:106F7000858309EE75F003A4F8A9F0E50C28F582E5
:106F8000E50D39F583E5822402F510E43583F5112A
:106F9000A385821485831512F5DB74021209138808
:106FA000128913781212087D85088285098312F6EA
:106FB0005E12127374021208ABE9700302EF3A8595
:106FC0000A82850B83A3A312F1257407120B58E0E4
:106FD000A2E720F001B3407785148285158374867B
:106FE00012F172A2005061EE850C82850D83F07063
:106FF0000BA3E4F0850C82850D8304F0850A82855D
:107000000B8312F154850A82850B83A3A3A3A3A348
:10701000A312DFA91208817508017808120881857A
:107020000A82850B83A3A312F130F50878081208B1
:1070300081780C12087D12F64012124F7405120866
:10704000ABAA0CAB0D1210F37901740A02D76B8551
:107050000882850983A3A3E0F87406120B58E06840
:10706000600302F11312F5DB7408120B5812E2EB05
:10707000606F850E82850F83A3A3A3A3E0640370D2
:1070800002A3E0704A85088285098312E2EB703F13
:10709000850882850983A3A3A312F16A751200787B
:1070A000101208797C027D00740312091B12103340
:1070B00074031208AB850A82850B83E0F812F15A3B
:1070C00085188285198312F14412213702EF49781D
:1070D0000812087D740412092312F5CE1212C18021
:1070E00017850882850983A3A3A3120708740412D5
:1070F000092312F5CE1212C774021208ABE9A200DE
:10710000400302EF49700302EF498514828515831D
:1071100002EF46A200400302EF49851482851583E1
:10712000748D02EF46E0131313541FA2E092F02275
:1071300012F13422E0131313541F6401540122A3EB
:10714000A3A3A3A312F14822E0FAA3E0FB22850C3B
:1071500082850D83E0FEA3E0FF22A3E0C812D3EBFB
:1071600038F583E0F9228E828F83E0F510A3E0F5F5
:107170001122F085088285098312F2968510828596
:107180001183E8F0A3E9F00E2274EC1203DE74F828
:107190001209438A0A8B0B8C128D13750800741C1C
:1071A000120B5812F16A8031850A82850B8312F125
:1071B000548A0C8B0D780C12087D7402120923EE90
:1071C0002406FAE43FFBEE12D3E73FF583E0F91221
:1071D00012C774021208AB0508C3E5089510E495C0
:1071E00011400302F284E50875F005A4F8A9F0E562
:1071F0001228FEE51339FF850A82850B8312F2926D
:10720000880C890DA818A919880E890F780E120804
:107210007D8E828F8312F29F850C82850D8312F101
:1072200040E50C12D3E7350DF583E0F912127374C3
:10723000021208ABE9604DEE2403F50CE43FF50DB6
:10724000850C82F58312F1447406120B5812F15426
:10725000EE4F700302F1A87404120B58E0F91212F9
:10726000A38A0E8B0FAC0EAD0F850C82850D831299
:10727000E80D120879EEFAEFFB12103374031208CE
:10728000AB02F1D774081208AB02D7758518828556
:10729000198312F2962212E926F922A3A3A3A312BC
:1072A000F6842274E81203DE74F41209438A0C8B0C
:1072B0000D7510007511007E00EA240CF582E4358E
:1072C0000DF58312F2927402120B5812DFE0740271
:1072D000120B5812F5B312F60F1210ED8A088B0933
:1072E000EA4509700302F3A67F00803C12F5F9120B
:1072F000F29F8882898312F14012F5C41212B5857B
:10730000188285198312DFD8851882851983E0A237
:10731000E0500312F5BB851882851983E02510F52E
:1073200010A3E03511F5110F7402120B5812F61D5F
:107330005048EF75F005A4F8A9F07402120B58122A
:10734000F62E12F5E9120913881289137812120821
:107350007D12F65812127374021208ABE9704C8554
:107360000882850983A3748612F68AF8A3E0F9855A
:10737000088285098312DFDE7E01EE850882850999
:1073800083F0600302F57075F005A4FF2510FAE4A0
:107390003511FB1210ED8A168B17EA4517705CAA9F
:1073A00008AB091210F3790002F5AE7408120B58FD
:1073B00012F606A3A3E069600B850882850983A302
:1073C000748D80A47409120B58E0A2E1400B85086B
:1073D00082850983A37488808FA2E5500B8508827B
:1073E000850983A3747E8080740A120B5812D941D8
:1073F000700302F2EC1212A302F2FFEA2FF510E47E
:107400003BF5117F00801C851882851983E0A2E07E
:10741000500312F5BB12F28CE51028F510E5113976
:10742000F5110F7402120B5812F61D400302F558A5
:10743000EF75F005A4F8A9F07402120B5812F62E9D
:10744000E51628F514E51739F51512F5E9120913B3
:1074500088128913781212087D12F658121273746A
:10746000021208ABE9700302F558850A82850B8386
:1074700012F292851482851583E8F0A3E912F6933F
:10748000E510F0A3E511F0740A120B5812E2EB605C
:1074900039A818A919880E890F780E12087D74066C
:1074A000120923AA10AB111212A974021208AB859B
:1074B0000C82850D8312F5E1780A12087D7406129C
:1074C000092312F5CE1212C18041850C82850D83ED
:1074D00012F5E1A818A91988128913781212087DEB
:1074E000781012087D12F6581212BB74041208AB01
:1074F00012F5F9A3A3A31207087406120923E824BE
:1075000006FAE439FB12F5C41212C774021208AB72
:10751000E9FAEA700302F407EE75F003A4F8A9F0A3
:10752000E50828F8E50939F9EA88828983A312F683
:107530008AFAA3E0FB8882898312DFD60EEFF50A70
:10754000750B00780A12087DAC16AD17AA0CAB0DAE
:107550001212FD74021208ABEE850882850983F0D1
:107560007007A3E412DFE904F0AA16AB171210F3B8
:1075700012F14E850C82850D8312EED112088175B1
:107580000A01780A120881850C82850D83A3A31253
:10759000F626120881780812087D12F64012124F62
:1075A00074051208ABAA08AB091210F37901740C28
:1075B00002D76B12E926F5838882222401F0A3E02A
:1075C0003400F022E812D3EB39F583E0F922E50E1E
:1075D0002406FAE4350FFB12F67222850A82850B27
:1075E00083E0F50EA3E0F50F22850C82850D83E084
:1075F000F50EA3E0F50F740422850C82850D83122D
:10760000F60322E0F8A3E0F9850A82850B8322E0E5
:1076100075F003A4A9F02401FAE439FB2212F5B3B2
:10762000E0F8EFC3982212F134F50A780A22E02834
:10763000FAA3E0398A82F583A385820A85830B2227
:107640008E828F8312F680EE2406FAE43FFBEE1260
:10765000D3EB3FF583E0F922850A82850B8312F68E
:1076600084850E82850F83A3A3A3A312F14812F68B
:107670007222E50E2414F582E4350FF583E0F92239
:10768000A3A3A3A3E0FCA3E0FD22F0850A82850B5F
:1076900083E02212F699A3A322F085148285158334
:1076A000A322E5A4851882851983F0E5A5C0E074BE
:1076B00001120B58D0E0F0E5A6C0E07402120B589E
:1076C000D0E0F07403120B58E4F0E8A2E792AF8523
:1076D0001882851983120B4174041208ABD083D031
:1076E0008202085DC082C08374E01209439061A9E0
:1076F0007414F09061AB743FF0A37455F0906196F0
:1077000074FCF09061A87485F0907803E0F87495AB
:10771000686005743468700C906265740FF0906155
:107720009674F8F09061AEE4F09061B27415F09048
:107730006182E4F09061B57410F0A3740EF0A3744C
:1077400003F09061FA7409F09061E574FFF0439AD8
:1077500001D2A843A90153B9FE43A90453B9FB9030
:107760006249E09004A0F0A8A8C2AF75C30275A258
:107770000075A328E8A2E792AFE59E70FC4394034E
:10778000E594A2E250FA43940AD2BA90618974480F
:10779000F0120F85906199E0A2E050F8780079002E
:1077A0007A10E825E0F8E933F99061A7E0A2E0E477
:1077B00033FCE84CF8DAEBE849600A74806870033F
:1077C000740369700478BE79BAE8F5BCE9F5BC9039
:1077D00004AFE0F8A3E0F9E8496042790078007A64
:1077E000089061A7E0A2E0E433FBE8334BF8DAF15C
:1077F000E9FA851882851983E5822AF582E43583C2
:10780000F583E8F009E9C3942040D2AA18AB199097
:1078100004AFE0F8A3E0F5838882120556120F8BBF
:107820009061897440F0E0D2E5F0906164E4F0A3E7
:10783000F0A3F0A3F0A3F0A3F0742002F6DAE5B40D
:1078400054F34404F5B4E5BDF902085DE5B454F31E
:107850004404F5B4E5BDF9E5BCFAE9FB02085DA90D
:10786000A8C2AF75C301A8A3AAA2E9A2E792AFE894
:10787000FB02085DC082C08374FC120943A8A8C241
:10788000AF75C300E5A202F6A2C082C08374FC12E9
:107890000943A8A8C2AF75C31002F6A274F412037C
:1078A000DE74FC12094312F9F38518828519837876
:1078B00008120B0190826A7808120A6F12F974603C
:1078C00003120C559004ABC082C083120E1D8A08AF
:1078D0008B098C0A8D0BD083D0827808120A5C85C4
:1078E0001882851983780812092B9004AB78081246
:1078F0000AE3A8A8C2AF75C300851882851983E082
:10790000F5A47401120B58E0F5A57402120B58E0AF
:10791000F5A6E8A2E702FA0774F41203DE74FC127B
:10792000094312F9E5120B0190826A7808120A6F76
:1079300012F9746003120C55A2AFE433F8C2AFE53C
:10794000A7A2E45005D20053A7EF75C33085188273
:10795000851983E0F5A47401120B58E0F5A57402B3
:10796000120B58E0F5A675A1EFA200500343A71033
:10797000E802FA05E5084509450A450B2274F412A8
:1079800003DE74FC12094312F9E5120B0190826ABE
:107990007808120A6F12F9746003120C55A2AFE452
:1079A00033FEC2AFE5A7A2E35005D20053A7F77597
:1079B000C320851882851983E0F5A47401120B5841
:1079C000E0F5A57402120B58E0F5A653A1F7A2004A
:1079D000500343A708851882851983120B41120DA5
:1079E0001BEE02FA0512F9F3C2008518828519838D
:1079F000780822851882851983EAF0A3EBF0A3ECBE
:107A0000F0A3EDF022A2E092AF74041208AB7F0461
:107A100002063B74F41203DE74FC120943851882DB
:107A2000851983E4F0A3F0A3F0A3F0A2AF33FEC264
:107A3000AF75C300E5A2E5A4851882851983F0E53A
:107A4000A5C0E07401120B58D0E0F0E5A6C0E074C8
:107A500002120B58D0E0F09004AB7808120B0185AD
:107A600018828519837808120A109004A7780812E2
:107A70000B018518828519837808120AC35041903A
:107A800004AB7808120B019004A2780812096F70F9
:107A90002F120D9F8A088B098C0A8D0B9004AB78EE
:107AA00008120A10120D9F8A088B098C0A8D0B850B
:107AB00018828519837808120A109004A67401F0C0
:107AC000851882851983120B299004A7120B1D902B
:107AD00004AB120B299004A2120B1DEEA2E092AF90
:107AE000851882851983120B4102FA09C082C0836E
:107AF0009004A17480F043A70102F6DDC082C08328
:107B000053A7FE9004A1E0F902F6DD74F41203DE3F
:107B1000A2AFE433FEC2AF9004A6E07015120D9F31
:107B20008A088B098C0A8D0B9004AB7808120A1016
:107B30008002E4F0EEA2E092AF02FA0E74EA1203C1
:107B4000DE74FC120943851882851983EAF0A3EBE1
:107B5000F012FED7E0F50AF874E928F582E434263D
:107B6000F583E493F5087402120B58E508F0A3E4DA
:107B7000F07402120B58E0700302FEB5740D650A32
:107B80007046740212091B7953120E777402120B9D
:107B900058E064FE7003A3E0F4700302FE00740278
:107BA000120B58E0F47003A3E0F4700302FE00121D
:107BB000FEE9A3A3E0700302FE0085188285198305
:107BC000E0FEA3E0FF02FD9F7405650A70158518AD
:107BD00082851983E0F812FEFE79002421F8502EE8
:107BE00009802B7407650A703112FEE9E0700F748A
:107BF00002120B58E0241BF0A3E03400801B851810
:107C00008285198312FEFE75F021A4F8A9F0740292
:107C1000120B58E028F0A3E039F07402120B58E080
:107C2000FAA3E0FB1210578A0C8B0DAE0CAF0DEED1
:107C30004F7044740C650A600302FEB512FF1970A0
:107C40000302FEB5A2AFE433F50BC2AF121F5774A7
:107C500002120B58E0FAA3E0FB1210578A0C8B0DAE
:107C6000AE0CAF0DEE4F7009E50BA2E092AF02FE35
:107C7000B5E50BA2E092AF851882851983E0F50C7B
:107C8000A3E0F50D750E00780C120879AC087D00A4
:107C9000EEFAEFFB12103374031208ABEE2409F571
:107CA00010E43FF511EE2408F514E43FF5157405D2
:107CB000650A707712FECDEE2403F512E43FF5134A
:107CC000851282F58312FEDF1208797C217D00AADD
:107CD00008AB0912103374031208AB8512828513A6
:107CE00083E508F0A3E509F085108285118312FE73
:107CF000DF120879851482851583E0FC7D00E50894
:107D00002421FAE43509FB12103374031208AB8501
:107D10001282851383E02421F8A3E03400F9851052
:107D200082851183E8F0A3E9F080747407650A7016
:107D30006E90135212FF0B6066901352E0F512A37F
:107D4000E0F513901352E4F0A3F0880C890D12FEB5
:107D5000CD8E828F83A3A3E085108285118370125C
:107D6000E508F0A3E509F0780C1208797C1B7D008A
:107D7000801AE508F0A3E509F0780C12087985145B
:107D800082851583E075F021A4FCADF0AA08AB094B
:107D900012103374031208ABAA12AB131210F39033
:107DA000135512FF0B6012EEFAEFFBE0F5838882A9
:107DB000120556E9600302FEA7740D650A6003020E
:107DC000FE5D12FF12F988828983A3E0FA88828916
:107DD00083E0F8740358C394025025E81313543F0A
:107DE000540FF89013C5E068701674C05A701112E1
:107DF000FF33C8241BF582E438F583E06402600792
:107E0000AA18AB1902FEB2EE2413F8E43FF9E824F5
:107E10001CFAE439FBE8241DF582E439F583E0F926
:107E200012174112FF33C8241CF582E438F583E0B1
:107E3000F47003A3E0F4706312FF12C82406F58205
:107E4000E438F583E0C394024051EEFAEFFB121CD4
:107E500057E96061AA18AB19121F578058740C6556
:107E60000A705C12FED7A3E0641A602F8E828F83A3
:107E7000A3A3A312FF0B6023E8240EF582E439F5D7
:107E800083E0A2E05015EE240CFAE43FFBEE240D53
:107E9000F582E43FF583E0F9121741EEFAEFFB902B
:107EA0001422E0F9121063740C650A700812FF19AD
:107EB0006003121F5774041208AB7F0E02063B7456
:107EC00011650A70D68E828F83E4F080E8EE240B71
:107ED000F508E43FF5092212FF33F583888222E09A
:107EE000F50CA3E0F50D780C2212FEED2285188228
:107EF000851983E0F8A3E0F5838882A3A322A3E099
:107F0000C82408F582E438F583E02212FF39F9E845
:107F1000492212FEED12FF3922851882851983E06D
:107F20002403FAA3E03400FB8A828B8312FF39F921
:107F3000E84922851882851983E0F8A3E0227900B8
:107F400002085D80F974F61203DEE9FEEAFCEBFD3F
:107F5000901354E060518C828D83E0F87900EEC379
:107F6000943250047E328008EEC3946F40027E6EDD
:107F7000901354E06401701FEE24CEF508E434FF42
:107F8000F509E88508F0A4C8AAF08509F0A42AF943
:107F90007A3C7B00120296C3E99401400474FF808E
:107FA00001E88C828D83F07F0202063BF0D083D003
:107FB0008202085DC082C0839061A5E0D2E2F090A9
:107FC00004A0E0C39412502D9004CEE0906172F0B2
:107FD0009004CFE0906173F09004D2E0906174F06F
:107FE0009004D3E0906175F079087CE27D047A6AB0
:0F7FF0007B61120E53906180E4F0E0440980AD94
:1080000074F71203DEE9FE900404F07A027B80121A
:1080100015EB7A017B80EEF91215EB7A047B80EE8A
:10802000F91215EB02881974F61203DEEAFEEBFF73
:108030007A077B001210EDEA4B60238E828F83E07B
:108040008A828B83F0A3A3740AF0A3741212806156
:10805000EEF0A3EF128061A3A3E4F01221A3029338
:10806000A3F08A828B83A3A3A3A32274F41203DE5A
:1080700074F8120943EAFEEBFF8908A818A91988C9
:108080000A890B780A12087D7C007D007A037B0048
:10809000A90812127374021208ABE9605674061232
:1080A0000B58128F9EE06E7003A3E06F6045EE4F99
:1080B00088828983601EEEF0A3EFF090825A120747
:1080C000047A007B20900404E0F91211A1740412D8
:1080D00008AB800FE4F0A3F0FA7B20900404E0F9F1
:1080E0001211AD90041F128FBF6008A908128F856E
:1080F0001205567408028D5974F41203DE74EC12E2
:10810000094389085308CE901549E070127A047B20
:1081100000900404E0F91211B3EA4B4C4D60329028
:108120001549E0A2E550030282CD90154CE06013A2
:10813000E508A2E1500D1220837A0179041220D1C2
:10814000630802743F5508F8901549E048F0028230
:10815000CD743F5508FE901549E04EF0900413E0B1
:1081600060030282A974011282D212087D750A018D
:10817000750B00780A12087D7C007D007A557B0023
:1081800012117774041208AB90154CE0640160037F
:108190000282A9901601E064016008E064026003B5
:1081A0000282827C0879009013741295011210CF1C
:1081B000E96003028282121AE9E96003028282A85E
:1081C00018A919880A890B780A12087D750A0175A1
:1081D0000B00780A12087D7C107D007A117B011259
:1081E000117774041208AB9015C5E0700302828207
:1081F000851882851983E064FD7003028282E06441
:1082000002607F7C137D007900740112091B12103B
:108210003F7411120B5874FFF07401120913880A8D
:10822000890B780A12087D750A13750B00780A12FB
:10823000087D7C007D007A117B011211717404129B
:1082400008AB90130DE4F0A3F0A3F0A3F0A3F0A308
:10825000F0A3F0A3F090154C1282D212087D750A9B
:1082600001750B00780A12087D7C007D007A557B31
:108270000012117174041208AB7A0379FF1216E12F
:10828000803B90040F7407F074104EF8901549E08D
:1082900048F079007A007B001213FFE9602F790023
:1082A00012206B7A007907800F901549E0700E90CC
:1082B000040F7407F07A00F91220D1801090040F97
:1082C000E4F07A04FB900404E0F9121099741402AB
:1082D0008D59F0750A4C750B15780A2274F6120345
:1082E000DE74FD1209437401120B58E9128B23123C
:1082F000880D12087D7C037B007A0A900404E0F963
:108300001215D974021208AB74030293A0C082C084
:1083100083E990154D028423C082C0837900122026
:108320006B7A0379FF1216E1028424C082C0837441
:10833000FB12094390154CE06021901549E0A2E53D
:1083400040197C057D007900AA18AB1912103F1264
:108350002119AA18AB19121837800A1221197AF4B8
:108360007B011214597405028D8EC082C08374FF84
:1083700012094380061294FE1220A1900414128F59
:10838000BF70F2121BE590040FE064086010E06417
:108390000170067A0079018028E0900412F09004C0
:1083A0000F7408F0121813790A1214E985188285DF
:1083B0001983E4F0AA18AB1979521216F97A0079E8
:1083C000081220D17401028D8EC082C0837A009081
:1083D000040FE0640670469004091294F8ECF8ED7E
:1083E000801AE8240CF582E439F583E0A2E6500512
:1083F000C2E6F07A011294E0E0F8A3E0F9E84970EF
:10840000E1EAA2E0501790825A1207047A007B40FA
:10841000900404E0F91211A174041208AB8005EA7B
:10842000F0A3EBF0D083D08202085DC082C08390BD
:10843000154CE0601890040FE06408701079007A21
:10844000007B001213FFE97004790080027901803B
:10845000D374F61203DE74FC120943E9FEEAFF90BE
:10846000040FE06E6013E064086003028808900463
:1084700012E064066003028808EE14700302854768
:108480001470030286EC1460211470030285CE146C
:10849000700302860314700302863E147003028781
:1084A0002714700302878F0287DD901601E06401B4
:1084B0006008E0640260030287DD9082C612070450
:1084C0007A047B00900404E0F91211A174041208EC
:1084D000ABEF602290040F7401F080061294FE123C
:1084E00020A1900414128FBF70F290825A120B4197
:1084F000121CB70288087403120B58E4F090825AD9
:10850000120B41121CB79015487402F014120B584C
:108510007401F090040FE4F0901549E0C2E1F074AA
:108520000312091B79521216F912211912184379F4
:10853000001214E9900414128FBF70030287DD1239
:1085400094FE1220A180ED901601E064016008E025
:10855000640260030287DDEF603B7A037900121644
:10856000E190040F74041292E01207047A047B0075
:10857000900404E0F91211A174041208AB90825A1D
:10858000120B41121CB77A007B10900404E0F91220
:1085900011AD0288087401120B587401F09015484F
:1085A0007407F07A007B10900404E0F91211AD908A
:1085B0001549E4F09082C21207047A027B0090040D
:1085C00004E0F91211A174041208AB0287DD7401F2
:1085D000120B587401F0EF600A901548E4F0790628
:1085E0001214E91292DC1207047A047B009004044E
:1085F000E0F91211A174041208AB901549E0C2E130
:1086000002878C7401120B587402F0EF90154860C9
:108610000AE4F07A03F91216E180037408F012926A
:10862000DC1207047A047B00900404E0F91211A123
:1086300074041208AB901549E0C2E202878C740101
:10864000120B587403F0901548E0700690041874EB
:1086500001F0900403E06003028808900409129579
:1086600001120B898B09EA450960030288087A0028
:108670007B40900404E0F91211B3EA4B4C4D6003C7
:1086800002880890040BE4F0A3F090040DF0A3F02E
:108690007A097B041220597A007B40900404E0F9A7
:1086A0001211AD900418E0600A901548E0640B7058
:1086B00002E4F0900418E4F090040FE064067019EE
:1086C0001292DF1207047A047B00900404E0F9128E
:1086D00011A174041208AB800A900412E0640670C1
:1086E00002E4F0901549E0C2E302878C7900121B86
:1086F000FD7401120B587404F0EF600C901548E4FF
:10870000F0A3F079061214E91292DC1207047A043D
:108710007B00900404E0F91211A174041208AB90DC
:108720001549E0C2E080657401120B58E4F0EF6077
:108730003590825A120B41121CB779041214E912B7
:10874000144D901548740DF090040FE4F09082BE23
:108750001207047A047B00900404E0F91211A1745A
:10876000041208AB802090154CE060147401120BC9
:10877000587405F0901549E0D2E5F0790A1214E931
:108780009015487402F0901549E0C2E4F0804E74F0
:1087900001120B587405F0EF602D900412E0900464
:1087A0000FF0900412E4F090825A120B41121CB7A1
:1087B000901549E0C2E5F0901548740DF079041267
:1087C00014E91220DD8016901549E0D2E5F09015ED
:1087D000487402F09082BA120B41121CB79004192F
:1087E000128FBF6023901548E08518828519831287
:1087F000880D12087D7C037B007A0A900404E0F95E
:108800001215D974021208AB74040293A0F0A818D0
:10881000A919880889097808227F0102063BC082CD
:10882000C08390154CE0F9028424790002085D743D
:10883000F61203DE74FF1209437E009013B4E004C5
:10884000F07508B4750913780812087D7508018E53
:1088500009780812087D7C007D007A217B001211C6
:108860007174041208AB7900121453E964017004A6
:1088700079048002790E1214E99013C8E064FE7046
:1088800003A3E0F470027E019013D5E0F47003A31B
:10889000E0F470047E01803AEEA2E0403585188253
:1088A0008519837401F0AA18AB1979521216F97957
:1088B00001121453E964019013CA700BE0F97A2E87
:1088C0007B1212181F8009E0F97A2E7B12121825EC
:1088D000E9FEEEF902939E74F61203DE74FF1209AC
:1088E00043E9FE851882851983E4F0EE6022A8181A
:1088F000A91988088909780812087D7C017B007A0B
:1089000003900404E0F91215D974021208AB803008
:10891000901551E0602390153E120B29E8494A4B0F
:108920006017901551E4F090153E120B41122095FE
:108930007A327B001214BF80077A0079031220D1AB
:1089400002939E74F51203DE750800750900121B70
:10895000D99004141297A5121BDF9004148005050A
:1089600008128A641294F2EE4F70F4900414128F7D
:10897000BF7003028A5F90041D128FBF600EA908AA
:108980001294FE90041E128F851205569004141244
:1089900094F2EE4F7003028A53750A00028A279000
:1089A00015FFE0F47003A3E0F460138E828F83124E
:1089B00092D69015FFE0687003A3E0697058901399
:1089C000CB1292D68E828F83A3A3A3A3A3A3A3E0EB
:1089D000687003A3E069700A74FE68700374FF692D
:1089E000700B8E828F83A3A3A3A3E060298E828F56
:1089F00083A3A3A3A3A3E0F89013C5E06870208E1F
:108A0000828F83A3A3A3A3A3A3E0F89015DEE0685D
:108A1000600DE5097009EEFAEFFB1220A1150805BB
:108A20000A128A641294F2E50AC3950850257A2E38
:108A30007B12121DA1E96401600302899FEE240BE1
:108A4000FCE43FFD7A2E7B121211D1E9600302890A
:108A5000BE80C30509E509C39402500302898C7FD7
:108A60000302063BEE128B853FF5832274F6120358
:108A7000DE74FF120943900414128FBF900411603A
:108A800017128AC012209BE96033851882851983EA
:108A9000128AC01220A18005E4128FC9F0A818A97B
:108AA0001988088909780812087D7C017B017A03FE
:108AB000900404E0F91215D974021208AB02939ED7
:108AC0007401F0900414E0FAA3E0FB2274F61203A0
:108AD000DE74FF120943E9FE9015487403128B23DC
:108AE000F0EE60047B00801A900417E0C3940350FA
:108AF00004E004800A1294FE1220A1900417E4F00E
:108B00007B01A818A91988088909780812087D7CB2
:108B1000017A03900404E0F91215D974021208AB2B
:108B200002939EF0851882851983740122C082C049
:108B3000839004148007E8FCE9FD128B8B128FBF31
:108B4000603EEA687002EB6970EC1294FEE86A70AD
:108B500002E96B7010E0CA128B853AF58312950119
:108B6000900414800D128B8B129501EC128B853DB5
:108B7000F5831297A5E8FAE9FB1210F37900800259
:108B800079020284242414F582E422E8128B8539C8
:108B9000F5832274F61203DEEAFEEBFF790312146A
:108BA000E98E828F83A3A3A3A3A3A3E0F91214C524
:108BB0008E828F83A3A3A3A3A3A3A3A3A3A3E0F560
:108BC0000878081208818E828F83A3A3A3A3A3A38E
:108BD000A3120708901258E0F50878081208818E51
:108BE000828F83A3A3E0F98E828F831294F8EE2400
:108BF0000BFAE43FFB12183174041208ABE9FE7063
:108C000054901258E0A2E35029901601E0600A64E3
:108C10000160069015EEE0703C9082BA120B411292
:108C20001CB77A007B00121CBD7A007B00121CC3AB
:108C30008023901251E0701D9015CA120B299015D7
:108C4000BD120B1D9015D2E0F508A3E0AA08FBE4C5
:108C5000FCFD121CB7EEF90293A374F41203DE8A32
:108C6000088B098C0A8D0B9013297808120AE3905F
:108C700012487808120AE375082975091378081252
:108C8000087D750804750900780812087D7C007D50
:108C9000007A847B00121171028D5774F41203DE86
:108CA000E9FE901551E0601C9015427808120B0106
:108CB000E5084509450A450B600AAA08AB09AC0A54
:108CC000AD0B800B901551E4F090153E120B411244
:108CD0002095901329120B29E8494A4B601A9016E7
:108CE00001E064017007EE70047901800279007A76
:108CF000647B001213FF800EEE7A0060047903801B
:108D00000279051220D1805474F41203DE74FF122C
:108D10000943E9FF7E00EA900410F0EF60137A0047
:108D20007B10900404E0F91211AD90154EE4F08030
:108D3000027E01A818A919880A890B780A12087DF1
:108D40007C01EEFB7A01900404E0F91215D974025B
:108D50001208AB7401800274041208AB7F0402068F
:108D60003BC082C08374F71209438518828519833A
:108D700074FCF0A374FFF07408120B58740FF07DAC
:108D8000007C0179B4AA18AB191221B57409120834
:108D9000AB02842474F61203DE74F51209439015B5
:108DA00049E0A2E55003028F7DA2E1505390040FE9
:108DB0007404F090154AE0A2E0504290154CE06037
:108DC0000C1220837A0179041220D1803090160190
:108DD000E064016005E0640270239015517401F0B5
:108DE0007C047D0079007A0F7B0412103F90040F01
:108DF0007403F0790112208F790112212B028F7DEB
:108E0000A2E2500F90040F7405F07A00F91220D1FD
:108E1000028F7DA2E34003028F7D90040F7406F061
:108E200090154CE07003028F251221258A088B09CA
:108E3000AE08AF09EE4F7003028F25128F8BF8A397
:108E4000128F85A3E0A2E14003028F007403120990
:108E50001388088909780812087D7C007D007A0350
:108E60007B008E828F83E0F912127374021208ABBA
:108E7000E97003028EF67409120B58128F9EC3E03C
:108E800094B5A3E0940050408882898374B4F0A321
:108E9000E4F090825A1207047A007B20900404E0E8
:108EA000F91211A174041208AB90041F128FBF6055
:108EB00017901558E0F4700479FF80068E828F8336
:108EC000E0F9128F82120556128FA84004790980AA
:108ED0002C7401120B58128FC7740912880D1208D6
:108EE0007D7C037B007A0A900404E0F91215D974A2
:108EF000021208AB800A128FA84005790E1220E9F1
:108F0000128F8B2401F8A3E03400F988828983E072
:108F1000A2E050699004301295077010888289830E
:108F2000E0A2E14058790E1220E980518E828F83B1
:108F3000E0F9120B71E96005790E1220E990040343
:108F4000740CF09082B61207047A407B00900404FF
:108F5000E0F91211A174041208AB7401120B58123B
:108F60008FC7740A12880D12087D7C037B007A0A71
:108F7000900404E0F91215D974021208AB740B02C4
:108F800093A0900420E0F583888222128F8F229094
:108F90000407E0F8A3E0F5838882A3A3E022E0F8C9
:108FA000A3E0F98882898322128F8FF8A3E0F583EA
:108FB0008882A3E0A2E022EAFEEBFF8E828F83E0AC
:108FC000F8A3E0F9E849227403F085188285198333
:108FD0002274F01203DE74F3120943EAFEEBFFEE93
:108FE0005404605290040FE0600D14600F24FD6083
:108FF0001424FE601C803912207D80347A017901AE
:10900000122089802B1220837A0179041220D180CA
:109010001F901548E4F090040F1292E01207047AB2
:10902000047B00900404E0F91211A174041208AB4F
:10903000EE64040291DFEF5480706EEF5410700301
:1090400002911E901601E064016008E06402600372
:1090500002911690040FE014700302910E24FE603A
:1090600003029116900411E06402600302911674E9
:1090700001F079001220A7029116740A68702390FB
:109080001549E08A828B83A3A3A3A3F0900419124D
:109090008FBF600EEA2402FAE43509FB128F8512B5
:1090A0000556AA08AB0912105D900404E0F91210ED
:1090B0006F8A088B09EA4509604C8A828B83E0F845
:1090C00074D3687032EA240CF582E43509F583E044
:1090D000F50AA3E0F50B780A1205F5018003A290CA
:1090E000F290E890A290ED9012207180B51220FBD2
:1090F00080B012210780AB90040FE06860030290FB
:109100007A122053809CEEFAEF64800292C5A3E0AD
:10911000FA7900122089EEFAEF64100292C5EE543B
:10912000806007EE6480FA0292CCEE5402603A90BE
:109130001601E064016005E0640270287C057D0092
:109140007900AA18AB1912103F790012206BAA18E7
:10915000AB19121837E9600C7A027B00900404E026
:10916000F9121099EE64028076EF54086006EF64FD
:10917000080292C5EE5440606B1221258A088B09C3
:10918000EA4509604C900403E014F0604A7A007BE1
:1091900040900404E0F91211B3EA4B4C4D701B905F
:1091A0000409129501120B898B0BEA450B700B8594
:1091B0000882850983E0F9120B719082B6120704C8
:1091C0007A407B00900404E0F91211A174041208A3
:1091D000AB900403E07005790B1220E9EE6440FACD
:1091E000EF0292C5EF542070030292B8900405126A
:1091F00092D688088909750C008024901548E4F0FF
:1092000090041F128FBF600E850A82850B83E0F9E0
:10921000128F82120556850882850983129396E57E
:109220000845096063850882850983A3A3128F9E80
:1092300085820A85830BE060DDC394F150D8740504
:10924000120913880E890F780E12087D7C007D00AC
:109250007A037B00850A82850B83E0F9121273740E
:10926000021208ABE960AF740B120B58128F9E12FA
:1092700095076087EA24FF1AEB34FFFB8882898315
:109280001297A5750C01808EE50C601990825A1218
:1092900007047A007B20900404E0F91211A1740401
:1092A0001208AB800C7A007B20900404E0F91211C4
:1092B000ADEEFAEF6420800DEF5440600B120B7D91
:1092C000EEFAEF6440FB80047A007B00740D120814
:1092D000AB7F0802063BE0F8A3E0F92290040FE41C
:1092E000F09082C62274F61203DE74DD120943EA9E
:1092F000FEEBFF9015C5E0700302939290040FE01F
:1093000064016003029392121AE9E96003029392E6
:109310008E828F83A3A3128FBF70777A007B109009
:109320000404E0F91211AD7413120923EEFAEFFBF5
:1093300012157F741E120B58129396740978081236
:109340000AF2C3E508941595E0C365D03340097A65
:10935000027901122089803A7410120B5874FDF0C2
:10936000858208858309780812087D7508017509CA
:1093700000780812087D7C107D007A117B011211A3
:109380007174041208AB790012211F7A017901125D
:1093900020D17423800AE0F508A3E0F509227401C6
:1093A0001208AB7F0202063B74F61203DEE9FE9060
:1093B000154CE06E7006900413E07033EE7005906B
:1093C0001549E4F0EE90154CF075084C75091578C8
:1093D0000812087D750801750900780812087D7C5F
:1093E000007D007A557B0012117174041208AB8065
:1093F000B274F61203DE128FB7701F7A117B00125F
:1094000010ED8A088B09A808A9098E828F83E8F0DD
:10941000A3E9F0E84960031294D80293A374F6120A
:1094200003DE128FB770061220650294CEEC4D60F9
:109430006DE8FAE9FB8C828D831294F88A828B8323
:10944000A3A3A3A3A3A3A3A3A3E0FE8C828D83A3C2
:10945000A3A3A3A3A3A3A3A3E06E70348A828B83E8
:10946000A3A3A3A3A3A3A3A3A3A31294EAA3A3A325
:10947000A3A3A3A3A3A3A3E06E7003A3E06F701044
:109480008A828B831294EAE06E7003A3E06F6035EA
:10949000EA240FF582E43BF583129507709EE824D9
:1094A0000FFEE439128FBA70F57A117B001210EDBD
:1094B0008A088B09A808A9098E828F83E8F0A3E99E
:1094C000F0E84970067A007B00800A1294D88E82F8
:1094D0008F831295010293A31294E0E4F0A3F0228B
:1094E000E8240FF582E439F583221294F28C828D00
:1094F0008322E0FEA3E0FF22E0FCA3E0FD22900433
:1095000014E0FAA3E0FB22E0FAA3E0FBEA4B2274AA
:10951000F41203DE128FB760358E088F09801CEAC3
:10952000240FF50AE43BF50B1210F3850882850938
:1095300083E4F0A3F0850A08850B09850882850974
:109540008312950770D98E828F83E4F0A3F0028D89
:109550005C74F61203DE74E61209438A828B83E0A0
:1095600014700302960324FE600302971B901601F9
:10957000E064016008E06402600302971B8A828B4A
:1095800083A3A3E0600614601802971B8A828B8372
:10959000A3E070051220B3806479001220B902970D
:1095A0001B8A828B83A3E0700C9004117402F090EC
:1095B00082B2029707121C998A088B0974FE65080B
:1095C000700474FF6509700D9013C8E064FE7003A9
:1095D000A3E0F4601D7407120B5874FEF0A304F0AE
:1095E0009013C814F0A304F0740712091B795312E6
:1095F00016F9121D471218079013D7E4F01220AD88
:1096000002971B901601E064016008E064026003A9
:1096100002971B8A828B83A3E0601190154EE004B1
:10962000F0F8A3E0C39850047A008071900410E031
:1096300014600C14606E1470030296CB02971B909A
:1096400015C5E06051121AE9E97047901550E070B5
:109650002D7419120B587402F07411120B58E4F0A7
:10966000A3F0F508780812088179027C007D007467
:109670001212091B12159774011208AB807A90041C
:109680001B128FBF700302971B128F8512055602A3
:10969000971B79018002790012211F7A017901124A
:1096A00020D180777403120B58E4F07404120B5825
:1096B0007404F01412091B121AD77A007B1090045C
:1096C00004E0F91211AD9015C6803C74091209230B
:1096D0007A007B0079AB121A3B74091209138518C2
:1096E00082851983E8F0A3E9F07402120B58740420
:1096F000F0AA18AB19121ADD7A007B10900404E06E
:10970000F91211AD9082C21207047A007B10900406
:1097100004E0F91211A174041208AB741A0293A0A8
:1097200074EF1203DE890A8A0F8B108C0BEC6058E1
:109730007411120B58129396E5084509604A740299
:109740002CFA7B001210578A0C8B0DAE0CAF0DEE6D
:109750004F603585080C85090D750E00780C1208D0
:1097600079AC0B7D00EE2402FAE43FFB1210337457
:10977000031208AB8E828F83E50FF0A3E510F0EEA5
:10978000FAEFFBA90A1210637F0902063BC082C0F0
:109790008390041902841FC082C083900416E004E1
:1097A000F0F9028424EAF0A3EBF022C082C0839097
:1097B0001299E4F0A3F07C6B7D137A2E7B121211C8
:1097C000D71219271217EFD083D08202085D74F2E6
:1097D0001203DE74FE120943E9FEEAFF8B098C08CE
:1097E00074016E600874026E6003029904EF6008F1
:1097F00074036F6003029890121AE9E960537403CE
:109800006F604E1210518A0A8B0B780A12087D7510
:109810000A01780A120881750A00780A120881E59F
:1098200008F50A780A120881E509F50A780A12088B
:109830008190124812070490154BE0F97C437D1388
:109840009015FF12A5D812180D740A1208AB0298D1
:10985000F279021214E990154BE0F9901248120BBC
:1098600041121801E9F874036F60030298F4901232
:109870009BE0F9740129F0E9C39405407790124800
:10988000E4F0A374F8F0A374FFF0A37407F080640D
:1098900074016F706474016E790A702E1214E97A83
:1098A000007B04901422E0F91211ADAA18AB1979CB
:1098B000501216F312ACA49013D51299227900908D
:1098C00013D512A5D812186780511214E99015D833
:1098D0001207047A007B2090124DE0F91211A17456
:1098E000041208AB90154BE0F9901248120B41128C
:1098F0001819E9F8E8700D80227C8A7D817A2F7B27
:1099000081120CBB90825A1207047A017B009012DC
:109910004DE0F91211A174041208AB740202A8B34D
:10992000A3A3E8F0A3E9F02274F61203DEE9FFEA4C
:10993000FE7AD1F91210758A828B83E58245837095
:109940002A7A027B00121057EA4B700E7A107B00C5
:1099500090124DE0F912109980148A828B8374D191
:10996000F0EFA3F0EEF91210638003EFA3F0029A78
:109970008474F71203DE8908900401E0FEA3E080FE
:109980001C8E828F831299C9E0600BA3A312A605D7
:10999000FAA9081215138E828F8312AE2EFFEE4F96
:1099A00070DF9015C1E0F47003A3E0F4600A901535
:1099B000C1E0FAA908121513121C9990122412A2E0
:1099C0008D121C937F0102063BA3A312A89C227454
:1099D000F41203DE890B7D00740C120B5812ACAA32
:1099E00080010DEDC3950B503D750A008002050AFC
:1099F000E50AC39C50ECED25E0FEE433FFEA2EF5CA
:109A000082EB3F129A2DF509AE0AEE2EFEE433FFEB
:109A1000E82EF582E912A86B65087004A3E06509D9
:109A200070CC7901800279007F0402063BF583E067
:109A3000F508A3E02202085D74F61203DE129AF024
:109A40007003A3E06D701775085675091278081237
:109A5000087DEEFA1215BB74021208AB801F750860
:109A600002750980780812087D8C088D0978081223
:109A7000087D129AD01215D374041208AB800574B5
:109A8000021208AB7F0202063B74F61203DE129A42
:109A9000F07003A3E06D70177508637509127808FC
:109AA00012087DEEFA1215C174021208AB801F7500
:109AB0000803750980780812087D8C088D097808DC
:109AC00012087D129AD01215D374041208AB80B418
:109AD000EE240EF582E43FF583E0FD7C80EE240267
:109AE000FAE43FFBEE240FF582E43FF583E0F92230
:109AF00012A870F8E4C8F9EA28FCE439FD901224B1
:109B0000E06C2274F61203DE74FE120943EAFEEBE7
:109B1000FF851882851983E4F0A3F012A73F12A8ED
:109B20008EFBECFA88828983A3A3E0F9750900759E
:109B30000800600574FF6970057508828024901222
:109B400024E06A7003A3E06B7015AA18AB19122108
:109B500073E9FA12A84E70037508838A09800375A9
:109B6000088085188285198312A895FDA908EEFA48
:109B7000EFFB1215C7E509600B12A84E600612A58F
:109B8000D21210F3029A7F02085D74F21203DEEA29
:109B9000FEEBFF75080075090012A73FF5831299C7
:109BA000CB129C01121C99EA650A7003EB650B70DD
:109BB00012122167E914F50879017A657B121221E6
:109BC00061800375098012A865F50C780C12088174
:109BD000750C65750D12780C12087D7808120881D5
:109BE000780A12087DE509F508780812088112A89C
:109BF0005A12A868F97A057B801215CD740702A85D
:109C0000B3E0FAA3E0F8E4C8F9EA28F50AE439F584
:109C10000B2274F61203DEE9FF7E0080308A828B0D
:109C200083129A2FF8E4C8F9E50828E439F509EE1B
:109C300025E0F8E433F9EC28F582ED39F583E50801
:109C4000F0A3E509F0EA2402FA50010B0EEEC39FDF
:109C500040CB029A8474E81203DE74F8120943853B
:109C6000188285198312A28D750F0075160075175D
:109C70000075140075150085188285198312A29A43
:109C8000C812A73B3812AC01129C028E828F83A3AC
:109C9000A3E0FA8E828F83A3A3A3E0F9EAF508E498
:109CA00039F509851882851983E0240FF8A3E0347B
:109CB00000F97406120B5812A09F240EF8A3E0348A
:109CC00000F97404120B5812A09F2402F8A3E03488
:109CD00000F97402120B58129922AA0AAB0B121D3A
:109CE00011E964016018AA0AAB0B121D11E9704E4C
:109CF000901224E0650A7004A3E0650B60407404D0
:109D0000120B5812A08E120881E4F508F5097808A4
:109D100012087D7808120881780A12087D7508807B
:109D200078081208817409120B5812A087120B5878
:109D300012A0961215CD74071208AB02A07D8E8278
:109D40008F83A3A3A3A3E0F50BEE2405FE50010F20
:109D5000E50B602612ADF31210ED8A168B17EA455B
:109D6000176017AC16AD17EEFAEFFBA90B121549E9
:109D70008A0C8B0DAE0CAF0D8003750B008E828F9D
:109D800083E0F50AA3AE82AF83601E12ADF312101A
:109D9000ED8A148B15EA4515600FAC14AD15EEFA7B
:109DA000EFFBA90A1215498003750A00900401808F
:109DB00047E4F0A3F0EEFAEFFB851282851383A34C
:109DC000A312A60EA3A312A605F912106385108292
:109DD000851183E0C0E0A80F746528F582E4341291
:109DE000F583D0E0F0050FA2005007AA10AB1112C6
:109DF00010F3851282851383E0F512A3E0F513E5D5
:109E00001245137003029FB8851282851383A3A3A2
:109E100012ACAAE8FAE9FB8A828B83E0FC60D38566
:109E20001282851383A3A3A3A3A3A3A3A3E0A2E009
:109E300050C0851282851383A3A31299C9E5824578
:109E400083600FECFA79011205568A108B11D2004B
:109E500080118A828B83A3A3A3A3E0F510A3E0F56E
:109E600011C200E51045117003029DE7851082853F
:109E70001183A3E065087004A3E06509600F74FF17
:109E80006508700474FF65096003029DE785108210
:109E9000851183A3A3A3A3A3A3A3120708851082FC
:109EA000851183A3A3A3A3A3A3E0FCAA16AB17A9C0
:109EB0000B12151F74021208ABE9703885108285E9
:109EC0001183A3A3A3A3A3A3A3A3A3A312070885FA
:109ED0001082851183A3A3A3A3A3A3A3A3A3E0FC40
:109EE000AA14AB15A90A12151F74021208ABE97067
:109EF00003029DE7E50A250BC333240AFA7B00120F
:109F000010578A0C8B0DAE0CAF0DEE4F7003029DF7
:109F1000CD8E828F8374D2F07402120B5812A60574
:109F2000F8A3E0F98E828F83A3A3E812AC39E50B86
:109F300012AC12A3A3A3E50AF0EE2405F582E43FD8
:109F4000F583E50B602712AE353F12A28C85160C07
:109F500085170D750E00780C120879AC0BEC2CFCF3
:109F6000E433FD12103374031208AB8004E4F0A351
:109F7000F0EE2408F582E43FF583E50A7003029DC4
:109F8000B1A80BE828F8E433F9EE28F8EF39F9E83E
:109F900012AE363912A28C85140C85150D750E0083
:109FA000780C120879AC0AEC2CFCE433FD12103367
:109FB00074031208AB029DB5E50F604C7404120BDC
:109FC0005812A08E1208817508657509127808125A
:109FD000087DE50FF5087808120881901224120711
:109FE0000875080078081208817409120B5812A02D
:109FF00087120B5812A0961215CD74071208ABE900
:10A0000070617CEF7D81805485188285198312AA46
:10A010002A70457404120B5812A08E12088175081C
:10A0200065750912780812087D750800780812080D
:10A030008190122412070878081208817409120B03
:10A040005812A087120B5812A0961215CD74071241
:10A0500008AB7C1F7D8180047CB07D817A6D7B8123
:10A06000120CBBE51645176007AA16AB171210F3C2
:10A07000E51445156007AA14AB151210F374081205
:10A0800008AB7F1002063B12A895FD740D2212A6A4
:10A0900009F50878082212A609F97A067B8022E8D9
:10A0A000F0A3E912A846E02274EF1203DE74F41262
:10A0B00009438A088B09ECFEEDFF740B120B5874F0
:10A0C00003F012091B1211D7121C938A0A8B0BACD6
:10A0D0000AAD0BE508240CF50CE43509F50D740305
:10A0E00012091B1211D1E9601DEE2413F50AE43F99
:10A0F000F50B850A82F583E0F51074036510601195
:10A1000074016510600B851882851983748402A21E
:10A1100005EE2408F8E43FF9880E890F8882F5835C
:10A12000E0F9602374FF69601EEE2414FAE43FFB3B
:10A13000EAFCEBFD7403651070188C828D83E0F8E7
:10A14000600574FF68700B8518828519837482021C
:10A15000A205EE2409FAE43FFBEE240BFE50010FAA
:10A16000850C82850D83E064217002A3E070658513
:10A170001882851983748C12A8ADE0F5107810123E
:10A180000881EEFCEFFD8A828B8312A5D8850E82B2
:10A19000850F83E0F9121A2F74011208ABE970667B
:10A1A000851882851983E4F01214DD850A82850BF7
:10A1B00083E0640370507401120923EEFAEFFB127E
:10A1C0001A4DE970417D007C007900EEFAEFFB1238
:10A1D000159D80328C828D83E0F50A780A12088101
:10A1E000EEFCEFFD8A828B8312A5D8121A3574011A
:10A1F0001208ABE98518828519837007E4F0121400
:10A20000DD80037488F012AC2DE0F50A780A12089C
:10A21000817401120913880A890B780A12087D8556
:10A220000C82850D83E0F50AA3E04480F50B780AE3
:10A2300012087D7901E5082402FCE43509FDE508F2
:10A24000240FFAE43509FB12159174051208AB745A
:10A250000C1208AB7F0902063BC082C08374F31264
:10A260000943851882851983E4F004120B5812A261
:10A270008D7403120B58AA82AB83121789AA18ABEC
:10A28000191217C5740D1208AB0297C7FBEAF0A3A9
:10A29000EBF02212A884FBEA4B22E0F8A3E0227440
:10A2A000E81203DE74DB1209438A168B177514005B
:10A2B000751500750A0012A73A351712A603F50E98
:10A2C000AC18AD197A007B00799C121849901601E0
:10A2D000E06004640170147A0479001217E3EAF56F
:10A2E0000A851882851983E02A80088518828519D5
:10A2F000837401F0E0F8E50EC398400302A574E012
:10A30000C3950EF509C394044003750903E5097567
:10A31000F01AA4FAABF01210ED8A148B15EA451569
:10A32000700302A577750B00AE14AF15850E0802F9
:10A33000A3D17C087D0079FFAA12AB1312103FE570
:10A340000C2404F8E4350DF9EE2416FAE43FFBEE94
:10A350002415FCE43FFDEE2414F512E43FF51388C8
:10A36000828983E0702E850C82850D8312A8548526
:10A3700012828513837004E4F080087401F0901356
:10A38000E8E01485108285118312A8AD740212AB27
:10A39000A8E480339013E8E00485108285118312CD
:10A3A000ABDCC39403851282851383400302A4822D
:10A3B000740212ABDC6401700302A48E8C828D8364
:10A3C000740112ABA87401F0EE241AFE50010F05BF
:10A3D0000BE50BC39509400302A4F3E508C3950AF6
:10A3E000400302A496AA087B001217E98A0C8B0D81
:10A3F00005089013D512A5EB1211D7850C82850D97
:10A400008312ACAAEE2412F582E43FF583E8F0A3B0
:10A41000E912A5DDEE2418F510E43FF51185108250
:10A42000F58374FFF0850C82850D83A3A3A3A3A3FA
:10A43000A3A3A3A3A3E0C0E012A5C8D0E0F07401D9
:10A44000120B58E4F0850C82850D8312ACAA7402BD
:10A45000120B58129922EE240AF512E43FF51374F8
:10A460000112091B1217B3E96401600302A33274DD
:10A4700004120B58AC82AD83AA12AB131211D7028F
:10A48000A33F740112ABDC6403600302A3BC8C82A3
:10A490008D83E402A3C2E50AC3950E40057508004A
:10A4A0008058E50EC3950AF508804F850C82850D0E
:10A4B00083E412A8ADF09013E8E0148A828B831233
:10A4C000A5DD741D120B58E0C0E012A5C8D0E0F065
:10A4D000EE2414FAE43FFB8882898312A8548A820E
:10A4E0008B837003E480027401F0EE241AFE5001A5
:10A4F0000F050BE50BC39509507D740E120923AAB5
:10A50000087B00798712184905087418120B581235
:10A51000A5EB1211D77410120B58AC82AD8312AE9A
:10A52000353FFB1211D7EE2412F8E43FF9740E12F6
:10A530000B5812A5D88882898312A28DEE2418FAAE
:10A54000E43FFBEE2416FCE43FFDEE2415F50CE49D
:10A550003FF50D901601E060076401600302A4ABB3
:10A56000850C82850D83740212A8AD0412ABA87409
:10A57000FF02A4BF750900750A00780A12088178E5
:10A580001412087D7809120881E50EF50978091280
:10A5900008817405120B58E0FD7C00E51612A73106
:10A5A0003517FBE51612A72B3517F583E0F91215C1
:10A5B000DF74051208ABE51445156007AA14AB1546
:10A5C0001210F3742502A07FEE2419F582E43FF502
:10A5D000832285188285198312A884FB22F0EE2439
:10A5E00017F582E43FF5837402F02212ACAE8E823E
:10A5F0008F83E8F0A3E9F07CE97D13EE2402FAE40E
:10A600003FFB22F58312A6092212A60EE022E0F8F3
:10A61000A3E0F58388822274EE1203DE74FE120931
:10A62000438A0C8B0D75100075110012A73A350D79
:10A6300012A603F50AAC18AD197A007B0079A312B3
:10A640001A3BAA0A12ACA4C3EA98E499501E8518D2
:10A6500082851983E0C39AFEA3E09400FFC3EE94C1
:10A6600004EF940040647E037F0080627E00750BDF
:10A6700000EEF97508007808120881781012087D3C
:10A68000E9F5087808120881E50AF5087808120843
:10A69000817405120B58E0FDAC0BE50C12A73135A7
:10A6A0000DFBE50C12A72B350DF583E0F91215E52E
:10A6B00074051208ABE51045116007AA10AB111222
:10A6C00010F374021208AB02AC4AEE4F60A0EEFA2F
:10A6D000EFFBEA75F015A4FAA8F075F015EBA428C5
:10A6E000FB1210ED8A088B098A108B11EA45116064
:10A6F00032750B00750E00C3E50E9EE49F40030209
:10A70000A671AC08AD09A80AE50E28FAE43400FBEE
:10A7100079A2121A3BE5082415F50850020509052F
:10A720000E80D4750BB5790002A673240FF582E470
:10A73000222402FAE4228A088B09EA12ABA222EE52
:10A7400012ABA23F2274F41203DE74FA1209431210
:10A75000A73612ABEE12AC0CEEFAEFFB12178FE934
:10A760006017121C938A0A8B0BAC0AAD0BEEFAEF42
:10A77000FB1211D1E96401700A7401120B58E4F064
:10A78000A380097401120B58EEF0A3EFF0E5082442
:10A7900002FCE43509FD8C828D8312A8A6E0687066
:10A7A00003A3E069600302A83E8E828F83A3A3A364
:10A7B000A3A3A3A3A3E0FEA2E650087403120B58C0
:10A7C0007401F0EEA2E750087404120B587401F003
:10A7D0007405120B58E412A846F0F50A780A12081C
:10A7E000817401120913880A890B780A12087D7591
:10A7F0000A34750B80780A12087D7901E508240F68
:10A80000FAE43509FB12159174051208AB9082BA6F
:10A81000120B41121CB77A007B00121CC37A007B1A
:10A8200000121CBD740112091B121837EEA2E7407A
:10A830000D7401120B5812A85470031221197406DA
:10A840001208AB029A28F085188285198322851890
:10A850008285198312ACAEE84922EE2402FCE43F63
:10A86000FDEE240F22EE240EF582E43FF583E02274
:10A87000EAFEEBFFEE12AC6A12A29A12A87F22F94E
:10A8800088828983E0FAA3E0227F0802063B12A8AF
:10A890009A12A89522E0FCA3E022F583E0F8A3E059
:10A8A000F9888289832212ACAE9013CB22F08C827D
:10A8B0008D83221208AB7F0602063B240EF582E44C
:10A8C0002274F61203DEECFEEDFF12AB98129A2D05
:10A8D000F509AC08FDEEFAEFFB1211D78508828569
:10A8E000098312AC7DF0E5082409F508500205093A
:10A8F000F58285098312AC93129923850882850914
:10A9000083A3A3E0F8EE12AC64E5082403F5085035
:10A9100002050912AC59701FAC08AD091211D78598
:10A920000882850983A3A3A3A3A3A3A3A3E0C0E0F4
:10A9300012AC4FD0E0800C85088285098312AC737D
:10A94000F0A3E9F0029A8474F21203DE750A00EAB9
:10A95000241312AB8FEA2410F582E43BF583E0C3A5
:10A96000940C40098E828F8312AA2AF50AA80AE85D
:10A9700028F8E433F9E8240DFAE439FB1210ED8AE3
:10A98000088B09EA4509700302AA238E828F83127D
:10A99000AC03F88A828B8312AE1D600302AA23EEF9
:10A9A000FCEFFDEA2403FAE43509FB1211D7EE248B
:10A9B00008FE50010F12ABF3850882850983A312AC
:10A9C0009923E508240BF8E43509F9E8FAE9FB8A4C
:10A9D000828B83E4F0E50A604AE508240DF8E4354B
:10A9E00009F98E828F83A312ACB312AC1FC0E012A0
:10A9F000ABE7D0E0F0EE2404FE50010F850A0B8E89
:10AA0000828F8312A895FBEC8882898312A28EE83C
:10AA10002402F8500109EE2402FE50010F150BE547
:10AA20000B70DCAA08AB0902A8B612A29AC8240BC4
:10AA3000F582E438F583E02274F61203DE12ABB23D
:10AA4000600302AB50E812A73139FBEC2403FEE4AB
:10AA50003DFF8A828B83E05407F5088E828F83E066
:10AA600054F84508F50912AB5AA2E3E433F508A2FD
:10AA7000E0E433333333F50874F7550945088E8223
:10AA80008F8312AB5AA2E4E433FAA2E0E433C4FAAF
:10AA90008E828F83E054EF4AF0E82403FAE439FB16
:10AAA000EC24040EE43DFF8A828B83E054F8F50821
:10AAB0008E828F83E054074508F50812AB5A54077D
:10AAC000FA74F855084A8E828F8312AB708C828D8F
:10AAD00083A3A3A3A3A312AB5FA312AE0A12AB7608
:10AAE00012AB5312AB7612AE0A12AB8712AB5312F3
:10AAF000AB87A312AB53A3A3A3A3A3A3A3A3A3F0C6
:10AB0000E8240AF850010988828983E0FEA3E0FB6B
:10AB1000EEFAEC240BF582E43DF58312A28D8882D7
:10AB20008983A3A3E0C0E0EC240DF582E43DF58326
:10AB3000D0E012AB5FE0C0E0EC12A8BB3DF583D0E3
:10AB4000E012AB70C0E0EC12A72B3DF583D0E0F033
:10AB5000029A84E08C828D83A32212ABACE0221295
:10AB6000AB632212AB6722F088828983A3A3A3225E
:10AB700012AB63A3E02212AB7A22A3A3A3A3A3A3E5
:10AB800012AB67A3A3A322A3A312AB7AA3A322F8B9
:10AB9000E43BF9E8FEE9FF2212AB9C2212ABA13B99
:10ABA00022EA2413F582E42212ABAC22F08A828BD3
:10ABB000832212AB9C12A89AE08C828D83F088824B
:10ABC0008983A3A882A983E0FEA3E0FBEE8C828D9B
:10ABD00083A3F0A3EBF08C828D83E02212ABE02202
:10ABE000F088828983E022E508240CF582E43509A7
:10ABF000F583228E828F8312ABFB2212A884F9EA9E
:10AC000022F58312AC0C8E828F83E022E0FEA3E05B
:10AC1000FF2212AC4022F0A3E912AC26A3E02212DC
:10AC2000AC26A3A3E022F08E828F83A322E5082422
:10AC30000EF582E43509F58322F0A3E912AC402237
:10AC4000F08E828F83A3A3A3A3227F0A02063BEE8A
:10AC50002414F582E43FF58322EE240BFAE43FFB53
:10AC60007403682212AC6AE8F0222413F582E43FF0
:10AC7000F5832212A895F9EC8A828B8322A3A3A3E1
:10AC8000A3A3A3A3A3E08E828F83A3A3A3A3A3A3C1
:10AC9000A3A32212ABFB8E828F83A3A3A3A3A3A3A0
:10ACA000A3A3A32285188285198312ACAE2212A217
:10ACB0009AF922A3E08A828B832274F01203DEEADF
:10ACC000FEEBFF8C088D098E828F8312AE0B12AEC5
:10ACD0001D12AE1112AE2550010F8E828F8312AE5F
:10ACE00011A3A312AC16C4540F8C828D83A3A3A30B
:10ACF000A3A312AC1FF50CEE2404FE50010F8C82AE
:10AD00008D83A3A3A3A3A3A3E50CF0EC2407F50A6A
:10AD1000E43509F50BE50C604C12ADF31210ED8A29
:10AD20000E8B0FA80EA90F850A82850B831299221C
:10AD3000E849700302ADBE7A0080248E828F83E0E2
:10AD4000F50EA3E0FCE4CCFDE50E2CE43DF50F127E
:10AD5000ADFAE50EF0A3E50F12AE2850010F0AEA96
:10AD6000C3950C40D68E828F83E0F50CA3AE82AFE4
:10AD700083850882850983A3A3A3A3A3A3A3A3A375
:10AD8000F0606B12ADF31210ED8A0E8B0FA80EA9B6
:10AD90000F850882850983A3A3A3A3A3A3A3A3125A
:10ADA0009920E849701C850A82850B8312A2936062
:10ADB0000D1210F3850A82850B83E4F0A3F079016C
:10ADC000802E7A0080228E828F83129A2FFCE4CC10
:10ADD000FDE5082CE43DF50912ADFAE508F0A3E520
:10ADE0000912AE2850010F0AEAC3950C40D8790029
:10ADF00002A88925E0FAE433FB22EA25E0FCE433EB
:10AE0000FDE82CF582E93DF58322A3E08C828D8359
:10AE100022E0FAA3E0F9EA8C828D83A32212AC2609
:10AE2000AE82AF8322F0A3E9F0EE2402FE2212AC40
:10AE3000AEE8FEE922EE240AFAE42274F71203DEF9
:10AE4000E990124DF090122C7402F090122474FECE
:10AE5000F0A304F0121C931215077AB67B15122189
:10AE6000A31214E312142F02B2D674F71203DE7485
:10AE7000F01209438908121645E508603A9013F16B
:10AE8000E070349015E0E06401702C90134BE060AA
:10AE900026AC18AD197A627B001216A57900AA18A3
:10AEA000AB19121B317900121B377C107D00790021
:10AEB000AA18AB1912103F12BF90602190125312C2
:10AEC000BFB2FEA3E0FF90125312BEA21210F3EE27
:10AED000F8EFF990125312BF9DE84970DF74100229
:10AEE000B2D374F21203DE890AEAFEEBFF548070DB
:10AEF0002DEEA2E0504179011214E97C0F7B0F90F6
:10AF00001251E0FA901256E05407F912150DEE6452
:10AF10000102AFA6121423AA08AB0912105D901209
:10AF20004DE0F912106F8A088B09EA450970E5EEC9
:10AF3000FAEF648002AFD1EF5420603B901250E0F2
:10AF4000640C700D79021214E91214CB9015D8809C
:10AF50000B790C1214E91214D19015D41207047A4B
:10AF6000007B2090124DE0F91211A174041208AB7D
:10AF7000EEFAEF6420805AEE5410602E901250E0EA
:10AF8000F912151990133DE06401701790828E122A
:10AF900007047A007B08901422E0F91211A17404CE
:10AFA0001208ABEE6410FAEF8027EE54086006EE4C
:10AFB0006408FA8037EF5401601A9013D7E0F874F0
:10AFC000086860057404687003121417EEFAEF64E1
:10AFD00001FB8018EE5404600A7A0379FF1216E12F
:10AFE000120B62EEFAEFFBA90A1213F97F060206B2
:10AFF0003B74F71203DEEAFEEBFFEE548060191299
:10B000001441121411790112206B7A017903122074
:10B01000D1EE6480FAEF802BEF5402600A121447DD
:10B02000EEFAEF6402801CEF5408600A1216B7EEC5
:10B03000FAEF6408800DEF5404600B1216BDEEFAAF
:10B04000EF6404FB80047A007B0002B2D674F01235
:10B0500003DE74F71209438A0A8B0B89097508010C
:10B060007E007F00901250E0851882851983700859
:10B07000E4F0F91216D580037401F0AA18AB19791F
:10B08000521216F91214EF901258E09013C2F09079
:10B090001255E06404707DE4F0121CC9121CCF123A
:10B0A00016C974016508600302B18F12140B1210E7
:10B0B00051EA547FF8E50A28F8E4350BF9E82464EE
:10B0C000FEE439FF901329120B29901248120B1D30
:10B0D0007A0279FF1216E19013C874FEF0A304F00F
:10B0E0009013CB14F0A304F09013D5F0A3F07C08D8
:10B0F0007D0079007AE97B1312103F7900121CE180
:10B10000901601E06401705A74016509703E7A007E
:10B110007B00804B121405E9F508600302B0991218
:10B12000141DE9F508750C018E0D8E0E8E0F90130F
:10B13000CAE0780C1207FA901248E50CF0A3E50D6E
:10B14000F0A3E50EF0A3E50FF002B0A27C087D00AD
:10B150007900740112091B12103F740112091B12AD
:10B1600016C3750CB4750D13780C12087D750C6E32
:10B17000750D00780C12087D7C007D007A217B0023
:10B1800012117174041208AB7A0279001216E1A947
:10B19000081213ED74FF650A700474FF650B6010EC
:10B1A0009012507401F0121465EEFAEFFB1214BF06
:10B1B000901258E0F9121D0BA90874091208AB7F10
:10B1C0000802063B74F71203DE7E001216DBE9F874
:10B1D000A2E150077E01790012206BEEF902B2D68F
:10B1E000C082C083901601E0700E9012517402F07C
:10B1F000901256E054F88036901256E054F8F890C9
:10B200001601E06401700474018007E064027007B5
:10B21000740248901256F07A6B7B13121DA1E990CC
:10B2200012517003E480077403F09015B504F00226
:10B23000BA61C082C083901250E06405702C121471
:10B240005F79061214E91214DD1214471214D79014
:10B250001258E0A2E350089015EEE06401700E90E1
:10B2600015BD120B41121CB780031214DD02BA6126
:10B27000C082C083790F121CDB7A0279001216E1BA
:10B2800002BA6174F71203DE121CC9E9FE703912AA
:10B290001CD5E9602A121C9990122412C32A90121C
:10B2A0002412BF937007901256E054F8F090125198
:10B2B0007403F09013D7E412BAF71211D780027E0C
:10B2C000099013AEE4F0A3F0EE70047900800279E7
:10B2D0000180031208AB7F0102063B74F61203DE05
:10B2E0008A828B83E014601B14605324E8600A2474
:10B2F00047600B24D6607980741215F7807212149F
:10B3000029806D901250E064027065901601E0642F
:10B31000016005E0640270581220CBE9600B122036
:10B32000BFE9604C12210D8047121BD98B09EA45F9
:10B330000960047901800279001220B980329016E8
:10B3400001E064016005E06402702590040FE06490
:10B35000076005E06408701090124EE0700A7A01F0
:10B3600090040FE0F91220D112143B80031214351F
:10B37000802675084F750912780812087D75080136
:10B38000750900780812087D7C007D007A857B00B5
:10B3900012117174041208AB7F0202063B74F6129C
:10B3A00003DE74EB12094312C1C4E0F508A3E0F513
:10B3B0000978081205A9020021002200F5B30080D7
:10B3C0000180C8B3000007B41215798A088B09AE52
:10B3D00008AF09EE4F60308E828F83E0700EEE244E
:10B3E00003FCE43FFDA312BEA212155BEEFAEFFBD5
:10B3F0001210F38012AC18AD19121573AC18AD19F8
:10B40000EEFAEFFB1215557415808AC082C0837A5C
:10B41000017B8090124DE0F91215EB7A007B809051
:10B42000124DE0F91215EB7A217B0090124DE0F9F4
:10B430001215EB7A227B0090124DE0F91215EB0207
:10B44000BA61C082C0838A828B83E024FC600624B8
:10B45000FC60148022901601E064016005E0640243
:10B4600070151216518010901601E064016005E01D
:10B470006402700312165702BA6174F61203DE906A
:10B480001250E06403600FE0640A7062901256E0AC
:10B4900054076401706F90124EE0704A7A107B007E
:10B4A00090124DE0F91210997901121453E9700FBE
:10B4B00012B5F3121CB779051214E97901802990AD
:10B4C0001250E0640370171214D790040FE0640266
:10B4D000700C790112206B7A0179021220D1790661
:10B4E0001214E902B5F079001220A702B5F0E06469
:10B4F000046012E0640E600DE0640F6008E0640D0B
:10B50000600302B5DE90124EE0705E901252E4F0DD
:10B510007901121453E9701512B5F3121CB77905AD
:10B520001214E97A107B2712145902B5F079061229
:10B5300014E97A007B2090124DE0F91211AD9012BF
:10B5400058E0A2E3501D9015EEE070179082BA12F9
:10B550000B41121CB77A007B00121CBD7A007B00E5
:10B56000121CC31214D702B5F0901251E06401709E
:10B5700037901252E004F0C39404501F9013D5E0AA
:10B58000F47003A3E0F4601B9012517403F0901266
:10B590002D7401F09015B57404801C901373E06451
:10B5A000017015901251800EE06403700B90122D03
:10B5B0007401F09013D7E4F0121D4712180790128F
:10B5C00058E0A2E350089015EEE06401702290125A
:10B5D00051E06403701A12B5F3121CB78012E060D8
:10B5E0000F1214D77A107B0090124DE0F9121099C7
:10B5F00002B3989015D2E0F508A3E0AA08FBE4FC9A
:10B60000FD2274F11203DE74F41209437E00750802
:10B61000E97509138E0A80010E902784E493F8EEF1
:10B62000C398400302B6DEA818A919880C890D78C2
:10B630000C12087D750C0C750D00780C12087D7CC1
:10B64000007D00EE2475FAE43400FB1211777404D7
:10B650001208AB7404120B58A982AA83890C8A0DB4
:10B66000750E00780C1208797C087D00A908AA09DB
:10B67000AB0A12103974031208ABE970617C0879C7
:10B68000007404120B58AA82AB831210CFE96088B1
:10B69000EEFF78081208797C087D007407120B58B9
:10B6A000AA82AB8312103374031208AB851882850B
:10B6B0001983E4F0A3F0A3F0A312BB8412087D75F4
:10B6C000080C750900780812087D7C007D00EF24C5
:10B6D00075FAE43400FB12117174041208AB02B85D
:10B6E0002574F11203DE74DF120943740C12091B76
:10B6F000121B2B740C120913880889097808120888
:10B700007D750815750900780812087D7C007D009C
:10B710007A827B0012117174041208AB75080080E4
:10B72000020508AE087F00902784E493F8EEC398E2
:10B73000400302B7C0EE2475FE50010FA818A919E6
:10B74000880A890B780A12087D750A0C750B007837
:10B750000A12087D7C007D00EEFAEFFB121177746F
:10B76000041208AB7404120B58A982AA83890C8AAC
:10B770000D750E00780C1208797C087D0079E97A45
:10B78000137B0012103974031208ABE96093741D27
:10B79000120B58120B29851882851983120B1DA8CC
:10B7A00018A91988088909780812087D75080C7588
:10B7B0000900780812087D7C007D00EEFAEF8045D4
:10B7C0007C087D0079FF7404120B58AA82AB8312A7
:10B7D000103F741D120B58120B298518828519838E
:10B7E000120B1DA818A91988088909780812087D64
:10B7F00075080C8F09780812087D7C007D00EE2406
:10B8000074FAE43400FB12117174041208AB901343
:10B81000AEE4F0A3F07C15FDF9740C12091B1210B4
:10B820003F74218002740C1208AB7F0702063B7440
:10B83000F11203DE74F41209437508008054A8184D
:10B84000A919880A890B780A12087D750A0C750BEC
:10B8500000780A12087D7C007D00EEFAEFFB1211E1
:10B860007774041208AB7404120B58A982AA838956
:10B870000C8A0D750E00780C1208797C087D007911
:10B88000E97A137B0012103974031208ABE97025B2
:10B890000508E5082475FEE43400FF902784E4934E
:10B8A000F8E508984098851882851983120B29E8D5
:10B8B000494A4B605A90124CE070547401F09082E7
:10B8C000AE7808120B018518828519837808120A50
:10B8D00010851882851983120B299013A6120B1D4F
:10B8E000A818A91988088909780812087D75080C14
:10B8F000750900780812087D7C007D00EEFAEFFBE8
:10B9000012117174041208AB9013AEE4F0A3F002AC
:10B91000B82574F51203DE74DB1209437E0012149D
:10B920004D741012091388088909780812087D756A
:10B9300008158E09780812087D7C007D007A827BCC
:10B940000012117774041208ABE970467C107D0078
:10B950007900AA18AB1912103FA818A919880889EC
:10B96000098E0A78081208797C107D007414120B75
:10B9700058A982AA837B0012103974031208ABE91C
:10B9800070107E017C157D007900741012091B1265
:10B99000103FEEF974251208AB7F0302063B74F4E6
:10B9A0001203DE8A088B097A047B0090124DE0F9BD
:10B9B0001211B3EA4B4C4D701BE4F50AF50B7808F5
:10B9C0001208757A047B0090124DE0F91211A174EF
:10B9D000041208AB80031208AB7F0402063BC0824E
:10B9E000C0837A047B0090124DE0F91211AD7A0405
:10B9F0007B0090124DE0F912109F02BA6174F612AA
:10BA000003DE90124FE4F075084F750912780812A2
:10BA1000087D7C017D007A857B001211657402121D
:10BA200008ABE97020780812087D750801750900D7
:10BA3000780812087D7C007D007A857B00121177E2
:10BA400074041208AB02B39874F61203DEE9FE9098
:10BA5000124F7401F06E70037403F002B372120897
:10BA6000ABD083D08202085D74F61203DEE9FE12C9
:10BA7000146B7A887B1312196F74016E7024901501
:10BA8000CA120B299015BD120B1D9015D012C1D6EC
:10BA900090135D12BF9D9015CE12C1D690135F1208
:10BAA000BF9D9082BA120B41121CB77A007B001224
:10BAB0001CC37A007B00121CBD74016E702F9012A3
:10BAC000507402F090125104F090122D740112BAC9
:10BAD000F71211D79013D77402F0121807121051F1
:10BAE000EA547F2464FA7B001214BF80077A887BB3
:10BAF0001312145902B398F07CE97D137A2E7B124D
:10BB00002274F11203DE74F71209438A088B09ECE0
:10BB1000FEEDFFEEFAEFFB121639EEFAEFFB12160E
:10BB20000990043412BF9360327408120B587403E6
:10BB3000F08E0C8F0D750E00780C1208797C087D44
:10BB400000740312091B12103374031208ABAA18F5
:10BB5000AB1990043412BB7B1205567900AA08ABCE
:10BB6000091218EB9013D5E0FCA3E0FDAA08AB097D
:10BB7000121D5F1214B3740902B827E0F8A3E0F5B0
:10BB800083888222F0A818A91988088909780822D0
:10BB900074ED1203DE890C8A0E8B0D8C0A8D0BAEB0
:10BBA0000DEEFA7B001210578A088B09EA450960EE
:10BBB00035EE6020E50A450B601A850A10850B11E9
:10BBC0007512007810120879EEFC7D0012103374A3
:10BBD000031208AB850882850983E50EF0AA08AB3D
:10BBE00009A90C1210637F0B02063BC082C083744C
:10BBF000FD120943E9851882851983F090123A12E3
:10BC0000BFC06009AA18AB1912055680177402123A
:10BC10000B58E4F0041209237B027A0190124DE0E4
:10BC2000F912147D7900740302BA5E74EE1203DE19
:10BC30008A088B0990123C12BFC06006120556029A
:10BC4000BE9290142312BFAC901423E0F50AA3E037
:10BC5000F50BEA2404F50EE43509F50FEA2402F5A4
:10BC60000CE43509F50D802B12C1D2850C82850DAF
:10BC700083E0687003A3E06970128E828F83A3A3B0
:10BC8000E0F8850E82850F83E06860678E0A8F0B6F
:10BC900012BFA3EE4F70D17A167B001210ED8A10FE
:10BCA0008B11AE10AF11EE4F700302BE927C167D69
:10BCB00000790012103F8E828F83A3A3A3A3A3A3B6
:10BCC000A374FEF0A304F08E828F83A3A3A3A3A387
:10BCD000A3A3A3A3A3F090142312BF937005901401
:10BCE00023800BE50A2414F582E4350BF583EEF08E
:10BCF000A3EFF0850882850983A3A3A3A3A3A3A32D
:10BD0000A3A312BE97A3F0E5082408F8E43509F9C7
:10BD10008882898312BE97F0850E82850F83E08E1C
:10BD2000828F83A3A3F0850C82850D8312BEA28E21
:10BD3000828F8312C32AE508240CF582E43509F5C5
:10BD400083E0C0E0EE2413F582E43FF583D0E0F019
:10BD5000EE240BFAE43FFB88828983E06401600EE5
:10BD6000E508240DFCE43509FD1211D780097C0893
:10BD70007D0079FF12103FE508240AF8E43509F93F
:10BD8000880A890B8882F583E0F8901561E0C398F2
:10BD9000400302BE92850882850983A3A3A3A3A3BF
:10BDA000E0640160091220CBE9700302BE92C2F088
:10BDB000850A82850B83E0F50CEE2409F8E43FF94F
:10BDC00088828983E0F50DEE240AFAE43FFBE5085A
:10BDD000240BFCE43509FDE50DC3950C500C8C8259
:10BDE0008D83E0C3941440198019E50D650C701320
:10BDF0008A828B83E0F50C8C828D83E0C3950C5096
:10BE000002D2F0E5082407F50CE43509F50D850CA0
:10BE100082F583E0701B850882850983E0F50EA317
:10BE2000E0F50F9013CBE0650E7004A3E0650F7092
:10BE300048A2F05030850882850983E0F50EA3E022
:10BE4000F50F8E828F83A3A3A3A3A3A3A3E50EF074
:10BE5000A3E50F12BFB788828983F08C828D83E0BF
:10BE60008A828B83F0850C82850D83E0600B8E8245
:10BE70008F83A3A3A3A37401F0850882850983A3FC
:10BE8000A3A3A3A3A3E0600A8E828F83A3A3A374BA
:10BE900001F07F0A02063BE08E828F83A3A3A3A357
:10BEA000A322E0FAA3E0FB2274F41203DE74FB1277
:10BEB00009438908E990124EF0707A121D47121D4D
:10BEC000538A0A8B0BAE0AAF0BEE4F60547C177D82
:10BED00000790012103F9013CB12C1D68E828F834F
:10BEE00012BF9D7CCD7D1312C00A1211D79013D5BD
:10BEF00012BF8212BF9912C1BA74AAF090277DE4D2
:10BF00009379002401F85001097A027B0012028E15
:10BF1000EE240DF582E43FF583E8F012C1B0740120
:10BF2000F0901250E0700579031214E99015BD12DB
:10BF30000B41121CB790123E12BF936030851882DD
:10BF4000851983E508F09013C812BEA27401120B84
:10BF50005812C32A9013CB12BEA27403120B5812AC
:10BF6000C32AAA18AB19888289831205567C007DE2
:10BF7000007B027A0290124DE0F912147D740502E2
:10BF8000B9D612C1DA8E828F83A3A3A3A3A3A3225F
:10BF900090125312C1DAE84922A3A3A3A3E8F0A3A5
:10BFA000E9F022EE2414F582E43FF583E0FEA3E0FD
:10BFB000FF2212BB7BE022F0850A82850B83E02200
:10BFC00012C1DA88828983E58245832274F61203DE
:10BFD000DEEAFEEBFF121C938A088B09AC08AD0960
:10BFE00012C00A1211D1E96401701C90124012BFF4
:10BFF000C0600EEEFAEFFB1205568B09EA45097098
:10C000000612C10212147102B398EE2402FAE43F40
:10C01000FB2274F41203DE74FD120943EAFEEBFF07
:10C02000EE240CF8E43FF9880889098E828F83A3F7
:10C03000A3A3A3A3A3A3A3A3A3E0640170537402C7
:10C04000120B58E4F088828983E070257401120B8A
:10C0500058E4F0FAFB121CC37A007B00121CBD8569
:10C060001882851983E4F0122119AA18AB19121845
:10C070003D9082BA120B41121CB785088285098354
:10C08000E0F9121471740212091B79521216F98028
:10C090005D121C9F8A0A8B0B12C1028E828F831243
:10C0A000BEA2E50A6A7003E50B6B70257401696036
:10C0B00013901256E05407640270168508828509B1
:10C0C000837401F0850882850983E0F91214718078
:10C0D0001D850882850983E0F5087808120881EE3D
:10C0E0002402FCE43FFD12147774011208AB901295
:10C0F0004212BFC06007EEFAEFFB1205567403024E
:10C10000B9D612C1A5F92274F71203DEE9FE740153
:10C110006E7019901252E07013121D471220CBE975
:10C12000700779001220A7800312210D02B2D602F7
:10C13000085DC082C083121C9902BA61C082C083AC
:10C140007A007B0190124DE0F91211B3EA4B4C4D8D
:10C1500070031214DD02BA6174F61203DE12C1C458
:10C1600012C1D65480703B12C1A57036741368702A
:10C1700001E9602EE8F508E94480F509780812081D
:10C180007DE4F508F509780812087D12C1B0E0FDDC
:10C190007C8412C00A12C1BAE0F91215D3740412D9
:10C1A00008AB02B398EE240BF582E43FF583E0225E
:10C1B000EE240EF582E43FF58322EE240FF582E4AF
:10C1C0003FF58322EAFEEBFFEE240CF582E43FF517
:10C1D00083228E828F8312C1DA22E0F8A3E0F92253
:10C1E00074F41203DEEA4B60218A088B09E4F50A35
:10C1F000F50B78081208757A017B0090124DE0F972
:10C200001211A174041208AB800C7A017B00901209
:10C210004DE0F912109902B9D974F71203DEE9FE64
:10C22000901258E0A2E1501A9015DEE06E60139073
:10C230001256E054F84402F0901258740CF0F912BF
:10C240001D0B02B2D6C082C083901250E064016020
:10C2500005E0640270119015B47401F07A007B005F
:10C260001214BF79018002790002BA61C082C083D2
:10C27000901250E06401600AE064026005E0640C22
:10C2800070099015B4E4F079018002790002BA6176
:10C2900074F61203DE74F81209437A007B00121957
:10C2A0006F121C938A088B09AE08121C997508003E
:10C2B0007808120881901258E0F9EEFCAD091215C9
:10C2C000AF74011208AB7A007B0012196F9015EE63
:10C2D000E064017027AA18AB19121CA5121C9F90CC
:10C2E0001342E0F50878081208819015EDE0F97422
:10C2F00001120923121D3B74011208AB740802B32A
:10C3000095C082C0837A007B0190124DE0F9121033
:10C310009902BA61C082C0837A00EA25E012C33074
:10C320000AEAC3940940F302BA61EAF0A3EBF022EF
:10C3300012C338E4F0A3F022F8E433F9743628F598
:10C3400082741239F5832274F71203DEE9FE90122B
:10C3500050E06E600EEEF07A107B0090124DE0F926
:10C3600012109902B2D674F41203DE74F812094363
:10C370007508007F009011C3E4F07E79750A088F7C
:10C380000B780A12087D74021209237A007B00EEF2
:10C39000F9120C7974021208AB851882851983E0B2
:10C3A000F47003A3E0F470139011C3E07004EEF096
:10C3B00080197A01EEF91210FF80107404120B58E4
:10C3C000E0F47003A3E0F460028E080EEEC3947FE5
:10C3D00040AAE5089011C3601FE0600FF912110B2D
:10C3E0007A007B00A9081211118014A90812110B00
:10C3F000E5089011C3F08007E06004F912110B7E8C
:10C4000079EFFC7A007B00EEF91211058B0BEA45FF
:10C410000B60047F017E780EEEC3947F40E3EFA2B1
:10C42000E050147E797C007A007B00EEF912110551
:10C430000EEEC3947F40EE9011C3E0703C7E007C12
:10C4400000EC12C47F12D6B574F86A700374076BDF
:10C450007004ECFE8018EE12C47F39F583C3E09AB5
:10C46000A3E09B5002ECFE0CECC3940640D374791D
:10C470002E9011C3F0F912110B7901740880102568
:10C48000E0F8E433F974B728F582741122740212CB
:10C4900008AB7F0402063B74F71203DE74F812093E
:10C4A00043EAFF851882851983E4F0A3F0EF600862
:10C4B0007402120B58E480077402120B5874FF12B6
:10C4C000CAFC7A007B0012113574081208AB7F0198
:10C4D00002063B74EE1203DE74F8120943890C8ADB
:10C4E0000E8B0F8C0D750808750900750A00750B09
:10C4F00000751008751100781012087D7402120979
:10C5000023AA08AB09A90C120C7974021208AB8596
:10C510001882851983E0F47003A3E0F4700302C667
:10C52000647402120B5812C91840067EFC7FFF800B
:10C530000612C8F6FEE9FF74F8C39508F87407956B
:10C5400009F9C3E89EE99F5020E50A2400E50B3471
:10C5500008F50BC3E50A9508F50AE50B9509F50BF7
:10C5600075080075090802C664E5082408F508E4A2
:10C570003509F50985188285198312C912700302DD
:10C58000C642E50E450F604AA80EE50F547FF985B7
:10C590001882851983E0687003A3E069600302C60E
:10C5A0004C7406120B5812D21BE50F5480700F7496
:10C5B000FF68700374FF69600302C64C800D74FF4E
:10C5C00068700374FF69700302C64CAA08AB0902C5
:10C5D000C67FAA08AB09A90C12112F8A108B11A8CB
:10C5E00010A9117404120B58E0687003A3E069707D
:10C5F000467406120B5812D21BE50D602A74FF68B0
:10C60000700374FF697045851882851983E0FAA369
:10C61000E04480FB121117EA4B60317C019011C499
:10C62000E0F9121123802574FF68700374FF6960BC
:10C630001B7AFF7BFF80487C01AA08AB09A90C127A
:10C640001123EE2408F8E43FF912CE63E5082EF535
:10C6500008E5093FF509C3E50894F8E50994075092
:10C660000302C4F1A80CE82812C903E508F0A3E509
:10C670000912C6ABE50AF0A3E50BF07A007B007463
:10C6800008800274041208AB7F0A02063B74F7129A
:10C6900003DEE9FE120C85EE2E12C9037408F0A326
:10C6A000E412C6ABE4F0A3F002C4CEF074C528F5E2
:10C6B00082741039F5832274EE1203DE74F71209C6
:10C6C0004389088A0A8B0B7E007F00750C01750D6B
:10C6D00000780C12087D7402120923EEFAEFFB9029
:10C6E00011C3E0F9120C7974021208AB8518828527
:10C6F0001983E0F4600D9011C3E0F912110B790079
:10C7000002C8F10EEE70010FC3EF940840BD7E0821
:10C710007F007401F09011C3E012C901E0F50EA38F
:10C72000E0F50F750C08750D00780C12087D740388
:10C73000120923EEFAEFFBA908120C797402120811
:10C74000AB7401120B58E0F47003A3E0F470030221
:10C75000C8B17403120B5812C9184008750CFC7547
:10C760000DFF800812C8F6F50CE9F50D74F8C39EAC
:10C77000F874079FF9C3E8950CE9950D500302C8BA
:10C78000B174F8C3950EF87407950FF9C3E8950CCA
:10C79000E9950D500302C8C4EE2408FEE43FFF747F
:10C7A00001120B5812C912700302C89D7401120BBA
:10C7B00058E0650A7004A3E0650B700302C89DEEA3
:10C7C000FAEFFBA90812112F8A108B11A810A911DA
:10C7D0007405120B58E0687003A3E069600302C897
:10C7E0009D7407120B58E0F47003A3E0F4700B7C07
:10C7F00000EEFAEFFBA9081211237509007809125F
:10C800000881E4F510F511781012087D7406120BFA
:10C810005812D20C7404120B5812D6B89011C3E0FF
:10C82000F912114D74031208ABE9700302C8C4E594
:10C830000E2408F50EE4350FF50F780C12087D78FC
:10C840000E12087D9011C3E0FCEEFAEFFBA908126E
:10C85000114774041208AB7403120B5812C9231247
:10C86000112F7405120B5812D2347002EB6D7054F4
:10C87000AA0EAB0F9011C3E0F91211298A108B1187
:10C88000A810A9117405120B58E0687003A3E069A1
:10C8900070327401120B5812C923121159EE250C73
:10C8A000FEEF350DFFC3EE94F8EF9407500302C777
:10C8B00015851882851983E070149011C3E0F91270
:10C8C000110B8025851882851983E4F080ECE50A38
:10C8D000450B70157A019011C3E0F91210FFA908F9
:10C8E00012110BE5089011C3F0851882851983E0B9
:10C8F000F9740902C685EC2403F8E43DF9E854FC18
:10C900002225E0F8E433F974B928F582741039F57A
:10C91000832212D21FE8492212D20CC3EC94FCED00
:10C9200094FF2212D20CAA0EAB0F9011C3E0F92291
:10C9300074F41203DEEAFEEB800374804FFF750887
:10C94000797C00EEFAEFFBA908121105EA4B6008AA
:10C95000E5089011C4F080150508E508C3947F40F0
:10C96000E0EF548060D49011C4E4F0FAFB02C4926A
:10C9700074EE1203DE74F6120943890A8A0C8B0DD9
:10C980008C088D09C3EC94F4ED94FF400E85188259
:10C9900085198374FCF0A374FF8019EC2403F8E478
:10C9A0003509F9E854FC24085001098518828519D5
:10C9B00083F0A3E9F07F007C069011C3E004FEEE53
:10C9C000C3947F40027E799011C3E06E603074871B
:10C9D0002E25E0F8E433F974AB28F582741112D6F1
:10C9E000B5E4C39AFA74089BFB74B728F5827411F6
:10C9F00039F583E02AFAA3E03B12CAE550080E1C81
:10CA0000EC70BC02CADEEC700302CADE741C120BAE
:10CA100058E0F50EA3E0F50FEE12C90112D225FA87
:10CA200074089912CAE5400302CABB7510088F1139
:10CA3000781012087D74041209237A007B00EEF945
:10CA4000120C7974021208AB7406120B58E0F470E1
:10CA500003A3E0F4700B12CAF57A04FBEEF912118D
:10CA60003BAA0CAB0DEEF9121111E96071E50AF564
:10CA70000B780B120881780E12087DAC08AD09AA5C
:10CA80000CAB0D9011C3E0F912114D74031208ABF9
:10CA9000E960059011C3E0FFE50A7009EE850E829A
:10CAA000850F8380137A019011C3E0F91210FFEE15
:10CAB000F912110BEE9011C3F08023E50AF50B7803
:10CAC0000B120881780E12087DAC08AA0CAB0DEE93
:10CAD000F912114D74031208ABE96002EEFFEFF991
:10CAE000740A02C685FB85188285198312D21FC37A
:10CAF000EA98EB9922851882851983E4F0A3F0ACBB
:10CB000018AD192274F21203DE74F8120943890970
:10CB10008C08EA24F8F50AEB34FFF50B750C087560
:10CB20000D00780C12087D7402120923AA0AAB0BBF
:10CB3000120C7974021208ABE50870227406120B0D
:10CB400058E4F0A3F07404120B58AC82AD83E50AEC
:10CB50002404FAE4350BFBA9091211358031740263
:10CB6000120B58E02403F8A3E03400F9E812D212C3
:10CB700012CAF5AA0AAB0BA909121135A809E828AF
:10CB8000F8E433F974C528F58274103912CB99741E
:10CB9000081208AB7F0602063BF583E02EF0A3E007
:10CBA0003FF02274F41203DE74FE120943851882EA
:10CBB000851983ECF0A3EDF08908EAFEEBFFEE2483
:10CBC000FCFEEF34FFFFAC18AD19EEFAEFFB1211CB
:10CBD0003B750A02750B00780A12087D740212096F
:10CBE00023EEFAEFFBA908120C7974021208AB8548
:10CBF000188285198312D6B802C48D74F01203DE30
:10CC000074FC120943890C8A0A8B0BECFEEDFF754C
:10CC10000800750900EE2403F50EE43FF50F7402D9
:10CC2000780E120AF2AE0EAF0F12CFDF6052750E01
:10CC300004750F00780E12087D7402120923AA0AE7
:10CC4000AB0BA90C120C7974021208ABE50A240490
:10CC5000F50AE4350BF50B7800E8FA85188285199A
:10CC600083E5822AF582E43583F583E0FAE5082A34
:10CC7000F508E43509F50908E8C3940450AB80D9F8
:10CC8000AA08AB0974041208AB7F0802063B74F4CF
:10CC90001203DEE9FE750801750900780812087DA7
:10CCA0008A088B0974027808120AF2EEF50A750BED
:10CCB000007409780A1209EAE5082400FAE5093542
:10CCC0000BFB120C7F02C48D74F71203DE74FC128E
:10CCD00009438C828D83E0851882851983F08C82CC
:10CCE0008D83A3E0C0E07401120B58D0E0F0740211
:10CCF000120B5874FFF07403120B5874FFF0AC1849
:10CD0000AD19121135740402C4CB74EE1203DE7433
:10CD1000FC1209438909EAFEEBFF8C0C8D0DEE54E1
:10CD200003F5087416120B58E0F50AA3E0F50BE5BD
:10CD300008606074FC5EFE750E04750F00780E12BC
:10CD4000087D7402120923EEFA120C79740212089B
:10CD5000ABE50C450D6028850A82850B83E0C0E0B9
:10CD6000A80812CE52D0E012CE6E0508E50C24FFC2
:10CD7000F50CE50D34FFF50DE508C3940440D2AC85
:10CD800018AD19EEFAEFFBA909121135EE2404FED5
:10CD9000E43FFFE50C5403F508850C0E850D0F7478
:10CDA00002780E120AF2850E0C850F0DE50C450D6A
:10CDB0006048780C12087DAC0AAD0B8E0E8F0F7494
:10CDC00002780E120AF2E509F5107511007409785F
:10CDD000101209EAE50E2400FAE50F3511FB120CDA
:10CDE0007F74021208AB7402780C1209EAA80CA92D
:10CDF0000DEE28FEEF39FF12CE63E5086051750C89
:10CE000000750E04750F00780E12087D7402120969
:10CE100023EEFAEFFBA909120C7974021208AB8019
:10CE200015850A82850B83E0C0E0A80C12CE52D093
:10CE3000E012CE6E050C85080D74FF250DF5080473
:10CE400070DFAC18AD19EEFAEFFBA909121135022B
:10CE5000C683851882851983E58228F582E43583A7
:10CE6000F58322E50A28F50AE50B39F50B22F08552
:10CE70000A82850B83A385820A85830B2274EE12B6
:10CE800003DE74FC120943890E8A0C8B0D8C0B7423
:10CE900016120B5812D22CE5085403F50A74181216
:10CEA0000B58E0FEA3E0FFE50A6072F8C3E50898BE
:10CEB000F508E5099400F50975100475110078105E
:10CEC00012087D7402120923AA08AB09A90B120CDF
:10CED0007974021208ABEE4F6033751001781012AE
:10CEE000087DA80A7402120B5812CFEE120C797446
:10CEF000021208AB050CE50C7002050D050AEE24C4
:10CF0000FF1EEF34FFFFE50AC3940440C9AC18AD1F
:10CF100019AA08AB09A90B12113512CFD3EE54038D
:10CF2000F50A8E108F1174027810120AF2AE10AF4B
:10CF3000118039751004751100781012087D740283
:10CF4000120923AA0CAB0DA90E120C797402120857
:10CF5000ABE50C2404F50CE4350DF50DAC18AD195A
:10CF6000AA08AB09A90B12113512CFD312CFDF706B
:10CF7000C2E50A605B7E007510048E1178101208FD
:10CF80007D7402120923AA08AB09A90B120C79744B
:10CF9000021208AB8023751001781012087DEEF89C
:10CFA0007402120B5812CFEE120C7974021208ABF5
:10CFB000050CE50C7002050D0EAF0A74FF2FF50A83
:10CFC0000470D3AC18AD19AA08AB09A90B1211351E
:10CFD00002C683E5082404F508E43509F50922EEC4
:10CFE000F8EFF9E824FF1EE934FFFFE84922E58263
:10CFF00028FCE43583FDAA0CAB0DA90E2274EC12BB
:10D0000003DE74F8120943890C8A0E8B0FECFEEDD7
:10D01000FFE929F508E433F50974B92508F510741A
:10D02000103509F511851082F583E0F50AA3E0F5C6
:10D030000B750D00851882851983EAF0A3EBF07457
:10D0400002120B58EEF0A3EFF0AC18AD19AA0AAB20
:10D050000B121135751208751300781212087D74C1
:10D0600002120923AA0AAB0BA90C120C7974021242
:10D0700008AB7402120B5812D21B851882851983D3
:10D08000E0650E7004A3E0650F600302D1B9EE689D
:10D090007002EF69600302D1B9741E120B58E07080
:10D0A0000302D194741C120B5812D22C850882F5FD
:10D0B00083EEF8EFF9E85403F50EE5824583701529
:10D0C000E875F0FFA4F8AAF075F0FFE9A42AF9E8E2
:10D0D000FAE9FB801F7A007B008009E0FCEA2CFA69
:10D0E000E43BFBA3E8FCE9FDEC24FF18ED34FFF979
:10D0F000EC4D70E7E50E601EF87404C398F895E0F7
:10D10000F9E875F0FFA4F8ACF075F0FFE9A42CF98C
:10D11000EA28FAEB39FB7404120B58EAF0A3EBF09F
:10D12000E50A2408F50AE4350BF50BE50845096026
:10D1300017780812087DEEFCEFFDAA0AAB0BA90CCC
:10D1400012114174021208ABEEFCEFFDAA0AAB0B00
:10D15000A90C12112F7404120B5812D2347002EB66
:10D160006D7034AA0AAB0BA90C1211298A088B091D
:10D17000A808A9097404120B58E0687003A3E069B9
:10D18000701585188285198312D20CAA0AAB0BA9D7
:10D190000C121159750D017402120B5812D21BC3D7
:10D1A000E894F4E994FF40067EFC7FFF8049E82480
:10D1B0000350010912D212803EC3E894F4E994FFAF
:10D1C00040067EFC7FFF8009E8240350010912D24B
:10D1D0001285108285118312D225F8740899F9C33B
:10D1E000E89EE99F5004E8FEE9FF74C52508F58232
:10D1F0007410350912CB9985108285118312CB9B4F
:10D20000A90D74081208AB7F0C02063BE0FCA3E0FA
:10D21000FD2254FC2408FEE439FF2212D21F22E032
:10D22000F8A3E0F92212D21FE4C39822E0F508A384
:10D23000E0F5092212D20CEA6C22C082C083790088
:10D24000E925E0FCE433FD743F2CF58274823DF562
:10D2500083E06A7003A3E06B600709E9C3940340AD
:10D26000DFD083D08202085D74F61203DEE9FE8A05
:10D27000088B09ECFAEDFB121153E9F8C394035043
:10D280000E12D369EE12D374E508F0A3E509F07F1E
:10D290000202063BC082C0831210F980C474F412EB
:10D2A00003DEEAFEEBFF8C088D09121153E9C394EB
:10D2B00003500612101BE9603CEEFAEFFB12111747
:10D2C000EA4B6010EEFCEFFD9011C4E0F912115929
:10D2D00079008023740C120B58120708AC08AD09B2
:10D2E000EEFAEFFB790112111D74021208ABE9602E
:10D2F0000479098002790A02C49274F61203DE747A
:10D30000F8120943EAFEEBFF121153E9F8C3940344
:10D31000504212D369E09011C412D37412D6B8757A
:10D320000808750900780812087D7402120923EABA
:10D3300024F8FAEB34FFFB9011C4E0F9120C797475
:10D34000021208AB7402120B5812D6B874081208F5
:10D35000AB02D28FEEFAEFFB1211178B09A909EA83
:10D360004970BC7A007B0080E374C529F582E434FF
:10D3700011F58322F0E812D37A2229F8E433F97404
:10D38000C828F582741139F5832274E81203DE741B
:10D39000F3120943740B120B58EAF0A3EBF08C0E56
:10D3A0008D0F75130012101BE9607E7425120B5847
:10D3B000E0F516A3E0F517E5164517700302D694BD
:10D3C000740B120B5812D6B81211177401120B58A5
:10D3D000EAF0A3EBF09011C4E0F5127401120B58BF
:10D3E00012C9127005790902D696750808750900E8
:10D3F000780812087D74051209237403120B58E093
:10D4000024F8FAA3E034FFFBA912120C797402127B
:10D4100008AB7405120B58E50E2516F8E50F351705
:10D42000F9C3E098A3E0995005790A02D6967401F1
:10D43000120B58E0250EF50AA3E0350FF50B850A0F
:10D4400010F5117427120B58E0F50CA3E0F50DAEA2
:10D4500016AF17750800806B7514017515007814E8
:10D4600012087D7402120923AA10AB11A912120C22
:10D470007974021208AB851882851983E0F8850C4F
:10D4800082850D83E06860267508017407120B58C9
:10D49000C3E098F0A3E09400F0850C82850D83E052
:10D4A000F87407120B58E028F0A3E03400F00510E0
:10D4B000E51070020511850C82850D83A385820C11
:10D4C00085830D12CFDF7090E508A2E0400302D6FD
:10D4D00094851882851983E4F0A818A91988088909
:10D4E00009780812087D7407120B5812D20C740DBB
:10D4F000120B5812D6B8790012111D74021208AB23
:10D50000E9F50C700302D6377405120B5812D21BC2
:10D51000C3E894FCE994FF40087508FC7509FF8096
:10D520000DE8240350010954FCF508E9F509A80C9D
:10D53000E828F8E433F974B928F514741039F515AE
:10D54000851482F58312D6A07409120B58E0F4708A
:10D5500003A3E0F4700D7C007401120B5812D6BEC8
:10D56000121123780E12087D8E108F117810120878
:10D570007DAC0C7405120B5812D6BE121147740400
:10D580001208ABEE250EFEEF350FFF7427120B5875
:10D59000120708AC16AD17EEFAEFFBA90C121141F9
:10D5A00074021208AB7405120B58E0C3950EF8A371
:10D5B000E0950FF9E8C39516F50EE99517F50F7884
:10D5C0000E12087DEE2516F50EEF3517F50F780EC5
:10D5D00012087DAC0CE50A2516FAE50B3517FBA9F8
:10D5E0001212114774041208AB8514828515831238
:10D5F000D6A07405120B5812D6AB12112F74071255
:10D600000B5812D2347002EB6D702CEEFAEFFBA9BE
:10D610000C1211298A088B09A808A9097407120B92
:10D6200058E0687003A3E069700D7403120B581280
:10D63000D6AB121159800375130A85188285198398
:10D64000E0603465127010740A6513700A9011C39B
:10D65000E0F912110B803D7A019011C3E0F912102C
:10D66000FF851882851983E0F912110B85188285D0
:10D670001983E09011C3F0851882851983E0651243
:10D680006012740A6513600C7C01EC120B5812D600
:10D69000BE121123A913740D1208AB7F1002063BB2
:10D6A000E0C39508FEA3E09509FF2212D20CEEFA22
:10D6B000EFFBA90C2239F583E0FAA3E0FB22E0FAA4
:10D6C000A3E0FBA9122274F01203DEEAFEEBFF8C4A
:10D6D0000A8D0B121153E9F87410120B58E0F50C77
:10D6E000A3E0F50D7412120B5812D22CE8C3940368
:10D6F0005024E8FE780C12087DAC08AD09EE12D378
:10D700007AE0250AFAA3E0350BFB74C52EF582E416
:10D710003411F5838023EEFAEFFB121117EA4B70F8
:10D7200004790A8020780C12087DAC08AD09EA253E
:10D730000AFAEB350BFB9011C4E0F9120C79740274
:10D740001208AB790002CC8974F21203DEEAFEEB18
:10D75000FF8C0A8D0B1211178A088B09EA45097094
:10D76000047909803DEEFAEFFB12116B8A0C8B0DE8
:10D77000E50A650C7004E50B650D6004790C8022E8
:10D780007C01AA08AB099011C4E0F9121123EEFA4A
:10D79000EFFB1211178B09EA45096004790A800230
:10D7A000790002CB9474F21203DE74F41209438AF6
:10D7B000088B09ECFEEDFF890C7C0C7D007900AA3A
:10D7C00018AB1912103F7409120B58E412E1A4E0CF
:10D7D000C0E07408120B58D0E0F08E828F8312D90B
:10D7E0004312E5C29015C3E024FFF50AA3E034FF1D
:10D7F000F50B850882850983E0850A82850B83F015
:10D80000750D1E780D120881780812087D780A12AD
:10D81000087DE50C2401F508E43400F509780812C8
:10D82000087D7421120B581207089012EDE0F97C64
:10D83000B67D15740912091B12218574091208ABF3
:10D84000740C02D9A774F41203DEE9FF9015C31219
:10D85000DA59EFFE740E120B5812E812801F8882FC
:10D860008983E0850A82850B8312E4E8A882A98374
:10D87000850A82850B83A385820A85830B74FF2E1C
:10D88000FE0470DA7410120B58E09012ED6004740C
:10D89000408001E4F0740C120B58120708EFF912E3
:10D8A000158B74021208ABE9F99012EDE4F002D97D
:10D8B0005174F61203DEE9FE12D9CAF0EEF50875CE
:10D8C0000900780812087D790202DCEA74F4120378
:10D8D000DE74F7120943EAFEEBFF890A8C0B12DBB8
:10D8E000D7EEFCEFFD7A487B141211D1E9700A746F
:10D8F00008120B5812DA4980127408120B5874027D
:10D90000F090122412D943E8F0A3E9F0EEFCEFFD09
:10D91000AA08AB091211D78A828B83E50AF0A3E526
:10D920000BF0E4F508F509780812087D790A74020D
:10D930001209237A9C7B1212158B74021208AB74A5
:10D9400009800B12E81AF9851882851983221208BA
:10D95000AB7F0402063B74F61203DE74F712094330
:10D96000E9FEEC12E80E7408120B587402F08518E8
:10D9700082851983EAF0A3EBF0EA88828983F0EBD1
:10D9800012D99DF0EF88828983A3A3A3F0750801C3
:10D99000750900780812087D790402D9D7A3F0EE42
:10D9A00088828983A3A3221208AB7F0602063B74F8
:10D9B000F61203DE12D9CA12E09175080475090047
:10D9C000780812087D790302DCEA12E817F58388EB
:10D9D00082EC12E16BED2274021209237A9C7B1215
:10D9E00012158B74021208AB74091208AB7F020285
:10D9F000063B1208AB7F0702063B74F61203DE7487
:10DA0000F7120943E9FE7408120B5812DA4412E0C7
:10DA100085EA12E167EBF09015C3E02402FAA3E077
:10DA20003400FB1211D712E817C8240AF582E43833
:10DA3000F583EEF0750813750900780812087D79F2
:10DA40000B02D9D712DA49F022740FF085188285BB
:10DA5000198374FDF0A374FF22E0F50AA3E0F50B2F
:10DA60002274EC1203DE74F81209438A0C8B0D7ECB
:10DA7000FE7FFF750A00750B00EA240CF510E435F3
:10DA80000DF511851082F58312E0C2EA4B70047C1B
:10DA90000880027C02E50C2413F582E4350DF58341
:10DAA00012DD562CF582E439F583E0F50EE50C2401
:10DAB0000BF512E4350DF513EA4B701A880A890B41
:10DAC000AC0AAD0B7A487B141211D1E9603C90127C
:10DAD0002412E366802488828983E0FAA3E0F8E4D4
:10DAE000C8F9EA28FEE439FF901224E06E7003A31F
:10DAF000E06F7016750A48750B1474FE6E7003742F
:10DB0000FF6F6006E50A450B700C85128285138352
:10DB1000E0600302DBCD12DBD774FE6E700374FF8E
:10DB20006F6026E50A450B6020E50E60067401650E
:10DB30000E7005750E00803B750E80851282851370
:10DB400083E06401702D02DBCD750E818510828526
:10DB5000118312DD564970067EFF7FFF80157C0819
:10DB60007D0079FFAA18AB1912103FA818A91988CF
:10DB70000A890B850882850983E50EF0A385820852
:10DB8000858309AC0AAD0BAA08AB091211D78A82AA
:10DB90008B83EEF0EFA3F09012ED741012DF66F5B8
:10DBA00008A3E04480F509780812087D790BE50C9C
:10DBB0002402FCE4350DFDE50C240FFAE4350DFBE1
:10DBC00012158B74021208AB9012EDE4F074081277
:10DBD00008AB7F0C02063B9015C3E0F508A3E0F507
:10DBE000092274F61203DE9015C3E0FEA3E012DDF5
:10DBF00068120B5812DCBB541F8E828F8312E4E52F
:10DC000012E19312E4E512E19812DCC512E19312DD
:10DC1000DCC512E19812DCD012E19312DCD0A31221
:10DC2000DCAE12DCE412DCAEA3F0E82408FCE4393C
:10DC3000FD8C828D83E0F508EE240BF582E43FF540
:10DC400083E50812DF71E0C0E0EE240CF582E43FCA
:10DC5000F583D0E012DCE4A3A3A3E0C0E0EE240D42
:10DC6000F582E43FF583D0E0F0E8240BF582E43957
:10DC7000F583E0C0E0EE240EF582E43FF583D0E0CA
:10DC8000F0E8240CF582E439F583E0C0E0EE240FDF
:10DC9000F582E43FF583D0E0F075080275098078DD
:10DCA0000812087D791012DD4750010B804412E103
:10DCB00099A3A3A3A3A3A3A3A3A32212E81AF98859
:10DCC000828983E022A3A3A3A3A312E4ECA3A3224B
:10DCD000A3A3A3A3A3A3A312DCDB2212E4F1A3A3B7
:10DCE000A3A3A32212DCDBA3A322EAFCEBFD7A9C14
:10DCF0007B1212158B740202D9EA74F61203DE123B
:10DD0000DD53FEE912DD68120B5812DCBB8E828FE8
:10DD100083A312DD61F508A3E0F509540FF9740C33
:10DD20007808120AF2E508C4498E828F83A3A3A360
:10DD3000A3F0750803750980780812087D7905122B
:10DD4000DD4750010B80ABEA2402FCE43BFDEA24F2
:10DD50000FFA229015C312DD5A22E0F8A3E0F9E889
:10DD600022A3A312E4F1E022FF8E828F83E4F0EC81
:10DD7000A3F0ED8E828F83A3A3F0740A2274EC12B9
:10DD800003DE8A088B09E9FE12E80FEC2409F50C82
:10DD9000E43DF50DEC2406F50EE43DF50FEE7023A1
:10DDA000EC4D601F850C82850D83E0FA850E82851F
:10DDB0000F83E02AC333240CFAC3944F4007791031
:10DDC00002DF327A04EE88828983F0E5082413F5B5
:10DDD0000AE43509F50B850A82F583E0FBA3E0F53B
:10DDE000838B8212E187A312DF59FBA3E0F5838BBB
:10DDF00082A312DF3EF0E82403F582E439F583EADA
:10DE0000C39405500302DF0974FC2AF08C828D83D1
:10DE100012DF3E12DF6F85820A85830B12E18712C3
:10DE2000DF78F0EC2403F50AE43DF50B850A82F572
:10DE30008312DF3E12DF7812DF6FA3A3A3A3E054A7
:10DE40000F88828983A3A3A3A3A3A3A3A3A3F0857D
:10DE50000E82850F8312E357A3A3A3A3A3F0E824A4
:10DE60000BF8500109850E82850F83E060437B002B
:10DE7000EC2407F50AE43D850A10F5118026EB1223
:10DE8000DF35851082851183E0250AFFA3E0350B7D
:10DE900012E18312DF66250AFFA3E0350B12DF448F
:10DEA0005001090B850E82850F83E0FFEBC39F4075
:10DEB000CD850C82850D8312E098A3A882A9838565
:10DEC0000C82850D83E060437B00EC240AFC50014A
:10DED0000D8C0A8D0B850C82850D83E0FCEBC39CB9
:10DEE0005029EB25E0FCE433FD850A82850B83E0B5
:10DEF0002CFFA3E03D12E18312DF592CFFA3E03D8C
:10DF000012DF445001090B80CCE4F0750A04750B54
:10DF100080780A12087DEAF9E5082402FCE4350954
:10DF2000FDE508240FFAE43509FB12158B74021283
:10DF300008AB02DBD225E0F50AE433F50B2212E14F
:10DF40008DA3A3228F82F58312DF4C22A3E0888267
:10DF50008983A3F0E82402F82212DF5EE022F08534
:10DF60000A82850B8322F0851082851183E022A32B
:10DF7000A3F08C828D83A322A3A3A3A3A312E19F6A
:10DF800012E35BA32274F11203DE74FF120943E96A
:10DF9000851882851983F08A0A8B0BECFEEDFF90C1
:10DFA00015C312E09D7508047406650A7004748038
:10DFB000650B700575091080037509007410120B4C
:10DFC0005812E0BD7411120B5812E0A47413120B16
:10DFD00058E0F98A828B83A3A3A3F06023740429F9
:10DFE000F5087414120B5812E51F120879E9FC7D2C
:10DFF00000EA2404FA50010B12103374031208AB28
:10E00000E5099012EDF0780A12087DA908EEFCEF00
:10E01000FD740212091B12158B74021208ABE9F988
:10E020009012EDE4F00402D9F274F71203DE74FFEB
:10E03000120943E9851882851983F012E085ECF016
:10E04000740A120B5812E8129015C3E0FCA3E0F515
:10E05000838C82A3E812E09112E085A3A3A3E4F0ED
:10E06000740C120B581207087904EAFCEBFD7402D9
:10E0700012091B12158B74021208AB74011208AB43
:10E080007F0102063B9015C3E0F8A3E0F583888288
:10E090002212E16BA3E9F02212E18DF02212DD5A87
:10E0A000FAE9FB2212E514A312E52CF0227F0A0202
:10E0B000063BA312E0B722E08A828B832212E0B7EC
:10E0C000F022E0FAA3E0FB2274F41203DE74F712EC
:10E0D0000943EAFEEBFF12E085E912E167ECF0EE9E
:10E0E0004F60708E828F83A3A3A3A3A3A3A3A3E0F7
:10E0F000F87402686005740F6870588E828F8312FE
:10E10000E81274FF68700374FF69601474FC68702F
:10E110000374FF69600A74FD68700374FF697033EB
:10E120007408120B587402F0121C99851882851914
:10E1300083EAF0A3EBF0750A36750B00780A120833
:10E140007D7902E91209237A9C7B1212158B7402E5
:10E150001208AB750A36750B00780A12087D790231
:10E16000EEFCEFFD02D93312E16B22F09015C3E013
:10E17000F8A3E0F5838882A32274011208AB7F0E16
:10E1800002063B8F82F58312E18D22F583E08882BF
:10E1900089832212E199A322A3E08E828F83221227
:10E1A000DF5EA32212E1ADA3A3A3A3A322F08E827C
:10E1B0008F83A3A3A32274EB1203DE74FF1209431F
:10E1C000E9851882851983F08A128B138D147418CF
:10E1D000120B5812E366EC602012E085EC12E36C3F
:10E1E00012087D7901AC12AD13740212091B1215CD
:10E1F0008B74021208AB02E3397417120B58E0F566
:10E200000D75F016A42404F50E12E3831210ED8AA6
:10E210000A8B0BEA450B7005791002E3398A828B71
:10E2200083A3858210858311851008851109E4F088
:10E23000A3E514F07416120B5812E343A3F08508FB
:10E2400082850983A3A3A3E50DF0E5082404F5085E
:10E2500050020509750C0002E301EE2402FCE43FC4
:10E26000FDAA08AB091211D7EE240AFCE43FFDE534
:10E27000082408FAE43509FB1211D78A088B09A88B
:10E2800008A909EE2412FAE43FFB8A828B8312E08C
:10E29000988A828B83A312E187A3F0E82402FAE430
:10E2A00039FB12E4B712E0BDEE2415F582E43FF528
:10E2B00083E0333354FCFC8A828B83E04CF0EE2401
:10E2C00016F582E43FF583E0C454F0FC8A828B8328
:10E2D000E04CF0EE241712E34CF0EE241812E34C5D
:10E2E000A3F0EE2419F582E43FF58312E357F0E83A
:10E2F0002406F508E439F509EE241AFE50010F054D
:10E300000CE50CC3950D500302E25A9015C3E510BD
:10E31000F0A3E51112E36C12087DA90EAC12AD1347
:10E32000740212091B12158B74021208ABE9FEAAC3
:10E330000AAB0B1210F312E37674011208AB7F0DD7
:10E3400002063BE0850882850983A322F582E43F2B
:10E3500012E18BA3A3A32212E35B22E088828983CC
:10E36000A3A3A3A3A322E0FEA3E0FF22F07508313C
:10E370007509807808229015C3749EF0A37412F07A
:10E38000EEF9222401FAE43400FB22E08A828B8336
:10E39000A3A3A32274EA1203DE74FF120943E985E2
:10E3A0001882851983F08A148B158C128D0D7418C0
:10E3B000120B58E0F50C75F015A4240412E3831237
:10E3C00010ED8A0A8B0BEA450B7005791002E4B454
:10E3D0008A828B83A385820E85830FAA0EAB0FE5FD
:10E3E00012F0A3E50DF07417120B5812E4C1E50CFE
:10E3F00012E4DF50010B7508047509007419120B43
:10E400005812E3668016740E2508F50812E4FEFA29
:10E4100050010BEE2415FE50010F0509E509C395C7
:10E420000C505DEEFCEFFD1211D78E828F83A3A3FB
:10E43000A3A3A3A3A312E0B212E4D3888289831218
:10E44000E0B312E4E712E0B3A3A3F0EE2413F8E480
:10E450003FF98882898312E4DC50010BEE240BFC27
:10E46000E43FFD88828983E06403709A741525086F
:10E47000F5081211D712E4B712E0B312E4F7809353
:10E480009015C3E50EF0A3E50FF0750E33750F8000
:10E49000780E12087DA908AC14AD15740212091B80
:10E4A00012158B74021208ABE9FEAA0AAB0B12100C
:10E4B000F312E37602E179EE2414F582E43FF5836A
:10E4C0002212E0B7A3A312E4CA22F08A828B83A3AC
:10E4D000A3A322F0EE2409F8E43FF92212E38BF023
:10E4E000EA2404FA22A3A3A312E4EC2212E4F1A387
:10E4F00022F08882898322F0A3AA82AB83228C82B5
:10E500008D8312E0B7F08C828D83A312E0B7A3F065
:10E51000EA240222E0F8A3E0F9E88A828B8322E071
:10E52000F50CA3E0F50D750E00780C22F0E98A8257
:10E530008B83A3A32274F21203DE890A8A088B0953
:10E540009012EE12E366EEF8EF802888828983A3AA
:10E55000A3E0650A701288828983A3A3A3E06508FB
:10E560007004A3E065096051E8FEE9FF88828983B1
:10E5700012E81AF9E84970D37A057B001210ED8A87
:10E580000C8B0DA80CA90DE849603288828983A301
:10E59000A3E50A12DCCAE508F0A3E50912E4F1E4F8
:10E5A000F0A3F09012EE12E0C2EA4B60068E828F6A
:10E5B0008380039012EE12E5C27900800279100286
:10E5C000D9AAE8F0A3E9F02274EE1203DE8A0A8BDE
:10E5D0000B750C009012EE12DBDAEA2410F510E451
:10E5E000350BF51102E6C6E50A240CF582E4350B7D
:10E5F000F58312E812850882850983A3A3A312E09C
:10E60000C2E86A7002E96B601B74FF6A700374FFF2
:10E610006B600302E6BDE9548070097413684960B9
:10E620000302E6BD851082851183E02417FAE434E5
:10E6300000FB1210578A0E8B0FAE0EAF0FEE4F601D
:10E640007C850A0C850B0D750E00780C1208797C00
:10E65000177D0012103374031208AB8510828511E8
:10E6600083E0603EEE2417FAE43FFBEE2413F582CC
:10E67000E43FF583EAF0A3EBF0E50A2413F582E426
:10E68000350BF583E0F50CA3E0F50D780C12087955
:10E69000851082851183E0FC7D0012103374031213
:10E6A00008AB8E828F8374D3F0EEFAEFFB8508827D
:10E6B000850983A3A3E0F9121063750C0185088214
:10E6C00085098312DBDAE5084509600302E5E7A95D
:10E6D0000C02E0AD74F61203DE74E91209437E0009
:10E6E000740A120B58740212E81FA3A312E81274E2
:10E6F00002120B5812E5C2EA2415F582E43BF583B9
:10E70000E0C0E0740B120B58D0E012E81F12E812C0
:10E71000740C120B5812E5C2EA2419F582E43BF599
:10E7200083E0C0E0740E120B58D0E0F0EA2420F52C
:10E7300082E43BF583E014C0E07410120B58D0E083
:10E74000F0EA2422F8E43BF988828983E02401FC82
:10E75000A3E03400FD7413120B58ECF0A3ED12DDAE
:10E760006312E089E0C0E0740F120B58D0E0F0EAC9
:10E770002412F582E43BF58312E8127411120B584F
:10E7800012E5C2EA2424F582E43BF58312E8127410
:10E7900015120B5812E5C2AA18AB191215F1E9FCB3
:10E7A00080010EEEF508750900740278081209EA76
:10E7B00074662508F874263509F988828983E493FC
:10E7C000C0E0740193F583D082AA82AB8374FF6AA0
:10E7D000700374FF6B6028740C120B58E06A7003AE
:10E7E000A3E06B70BDAA18AB1988828983A3A3E448
:10E7F00093C0E0740193F583D082120556800AEC31
:10E800007007AA18AB191214B9741702D9EAFF904D
:10E8100015C312E81AF9229015C3E0F8A3E02212FA
:10E82000E4CAA32274F61203DE12EB36902781E4C9
:10E8300093F508EC8508F0A4FCA8F08508F0EDA499
:10E8400028FD79FF7A547B0912103F90043074A799
:10E85000F0A3740BF090043274A1F0A3740BF09049
:10E86000043474CBF0A3740BF09004367407F0A357
:10E87000740CF0900438740DF0A3740CF090043A0A
:10E88000741FF0A3740CF090043C7425F0A3740C76
:10E89000F090042FE4F080031208AB7F0202063BE5
:10E8A000C082C0837A0080010A902781E493F8EA4D
:10E8B000C398500CEA12E8C770EEAA82AB838004BA
:10E8C0007A007B0002EEE275F00EA4F8A9F012EED9
:10E8D00005F422C082C0837A007B007C008014ECA7
:10E8E00012E8C7600DA3A3A3A3A3E0F8EA28FAE403
:10E8F0003BFB0C902781E493F8ECC39840E102EED7
:10E90000E274EC1203DE74F4120943890B8A088B5B
:10E91000098C0F8D0AEA2408F510E43509F51185F4
:10E920001082F583E0F87401686005740368701163
:10E93000E9600E74FF650B6008740368700AEC7080
:10E94000077A007B0002EAF58A0C8B0D750E0078C1
:10E950000C1208797C097D00740312091B12103314
:10E9600074031208AB7409120B58E50FF07E007F98
:10E9700000120BF5AA08AB09120BFB8A0C8B0D8554
:10E980001082851183E06401700875090175080023
:10E990008006750900850F0874FE650C700474FF0D
:10E9A000650D700302EAF17A007420120B58E0F54D
:10E9B00010A3E0F51180010A902781E493F8EAC3DF
:10E9C00098400302EA4FEA12EE61650B70E9A3E09A
:10E9D000650970E38E828F83A3A3E0650C7004A3A6
:10E9E000E0650D70D28E828F83A3A3A3A3E0650898
:10E9F00070C57509008021850C82850D8312F30393
:10EA0000740A120B5812EB09600CAA18AB19E0F546
:10EA10008388821205560509E509C3950A40030259
:10EA2000EAF112EB19F50CE51139F50D850C82F5BB
:10EA30008312EAFF120BB3E970DC850C82850D832B
:10EA400012EAFF120BBFE970AE7E007F0080C71292
:10EA50000B9B8A128B13AE12AF13EE4F700302EAB8
:10EA6000F18E828F83E50BF0A3E509F08E828F8310
:10EA7000A3A3E50CF0A3E50DF08E828F83A3A3A3DF
:10EA8000A3E508F090278AE493C3950A5004E49321
:10EA9000F50A750900802512EB19F582E51139F5A3
:10EAA0008312F303740A120B5812EB09600CAA18B4
:10EAB000AB19E0F58388821205560509E509C3956F
:10EAC0000A40D48E828F83A3A3A3A3A3E50AF08573
:10EAD000100C85110D780C120879AC0AEC2CFCE4B2
:10EAE00033FDEE2406FAE43FFB12103374031208E0
:10EAF000ABEEFAEFFB740C1208AB7F0C02063BE0A6
:10EB0000FCA3E0FDEEFAEFFB22E8F0A3E9F09004AD
:10EB100021E0F8A3E0F9E84922A809E828F8E4335D
:10EB2000F9E5102822C082C08312EB3679FF12105B
:10EB30003F790102EEE2902770E493FC740193FDAB
:10EB40002274F71203DEEA4B60377E0080010E8AE2
:10EB5000828B83A3A3A3A3A3E0F8EEC3985022EE75
:10EB600025E0F8E433F9EA28F582EB39F583A3A32D
:10EB7000A3A3A3A3E06C7003A3E06D70D17901801F
:10EB800002790002EC5274F31203DEEA4B6075EA7C
:10EB9000240512EDA1F508606BEA240608E43BF9B0
:10EBA00085080B750A00800B8E828F83E014F0605D
:10EBB00053050AE50AC3950B503FE50A25E0F50821
:10EBC000E433F509EA2508F582EB3509F583A3A3BB
:10EBD000A3A3A3A3E0F508A3E0F509EC650870037F
:10EBE000ED650960C388828983E508F0A3E509F033
:10EBF000E82402F850BB0980B88E828F83E060045D
:10EC00007901800279007F0502063B74F71203DE6A
:10EC1000EA4B603CEA2405F8E43BF988828983E00A
:10EC2000FE90278AE493FFEEC39F5024EE2EFEE46D
:10EC300033FFEA2EF582EB3FF583A3A3A3A3A3A39F
:10EC4000ECF0A3EDF088828983E004F07901800282
:10EC500079007F0102063B74F31203DE89088C09F8
:10EC600012ED98700B8A828B83E0FCA3E0FD800B91
:10EC7000120BE38A0A8B0BAC0AAD0B74FE6C7003AB
:10EC800074FF6D605B750A0080157401650B700D73
:10EC900088828983E06C7003A3E06D6047050A12E7
:10ECA000ED77503C12ED82E0650870F1A3E0F50BC2
:10ECB000EA2402F8E43BF98E828F83E0640160CAA3
:10ECC000E50B70D988828983E06C7003A3E06D70D6
:10ECD000CC8A828B83A3A3A3A3E0650970BF8004C1
:10ECE0007A007B0002EC0674F41203DEEA2408F8D2
:10ECF000E43BF9880889098882F583E06401700B98
:10ED00008A828B83E0FEA3E0FF800B120BE38A0A6A
:10ED10008B0BAE0AAF0B74FE6E700374FF6F605204
:10ED2000750A008015EC701088828983E06E70038C
:10ED3000A3E06F7003120BAD050A12ED77502C1291
:10ED4000ED82A3E0FCEA2402F8E43BF98508828521
:10ED50000983E0640170CE74016C70DC8882898361
:10ED6000E06E7003A3E06F60CC80CDEEFAEFFB1293
:10ED70000BDD7F0402063B902781E493F8E50AC38C
:10ED80009822E50A75F00EA4F8A9F0745428FA74D4
:10ED90000939FB8A828B8322EA240812EDA16401DF
:10EDA00022F8E43BF9E8FEE9FF8E828F83E022EC53
:10EDB00075F00EA4F8A9F0745428F8740939F922F2
:10EDC00074F41203DE890B8A088B097E007F0075BC
:10EDD0000A008025E50A75F00EA4F8A9F012EE05E8
:10EDE000650B7013AC08AD09AA82AB83120BB3E9B3
:10EDF00060050EEE70010F050A12ED7740D6EEFAAF
:10EE0000EFFB02ED72745428F582740939F583E042
:10EE10002274F21203DE890C8A088B098C0D750AA4
:10EE200000750B008004050A050B902781E493F818
:10EE3000E50BC3985024E50B12EE61650C70E9AC4C
:10EE400008AD09EEFAEFFB120BB3E960DBE50AC38C
:10EE5000950D40D2EEFAEFFB80047A007B0002F3BE
:10EE60001D75F00EA4F8A9F0745428FE740939FF3A
:10EE70008E828F83E022C082C08374F312094374B0
:10EE8000FE6A700374FF6B604A7C00802212EDAF53
:10EE900088828983A3E0FD74016D6012ED700F8894
:10EEA000828983A3A3E06A7003A3E06B60250C90C2
:10EEB0002781E493F8ECC39840D3E4936C701485F5
:10EEC00018828519837404F0740B120B5812EF7BAF
:10EED0001217A78008740B120B5812F3DA740D1274
:10EEE00008ABD083D08202085DC082C08374F31265
:10EEF000094312F0B16402700E12EF21120B581286
:10EF0000F0A71217B38017EAFCEBFD7403120B583D
:10EF1000AA82AB83121789AA18AB191217B902EE8D
:10EF2000D58A828B83E0F8A3E0F974012274F7128A
:10EF300003DE74F3120943ECFEEDFF851882851998
:10EF4000837404F0740B120B5812EF7B1217BFE995
:10EF5000F508601D8E828F83A3A3A3A3A3A3A3A3FD
:10EF60007403F0120B58AC82AD83EEFAEFFB121172
:10EF7000D7A908740D1208AB02EC52EAF0A3EBF02B
:10EF8000AA18AB1922C082C08374F31209438518F2
:10EF9000828519837404F0740B120B5812EF7B12E4
:10EFA00017BF740102EED774F61203DE74F3120970
:10EFB0004390042FE0707B8518828519837404F0D8
:10EFC0009013C812EF25120B58E8F0A3E9F0121CB9
:10EFD000938A088B09AC08AD097403120B58AA82F6
:10EFE000AB83121789AA18AB191217C5121C9F8A76
:10EFF000088B09A808A9097401120B58E06870036E
:10F00000A3E069602774FE68700374FF69601D7473
:10F0100001120B58E8F0A3E9F07403120B58AA820E
:10F02000AB83121CA5AA18AB191217C590042F7434
:10F0300001F0740D02E898C082C08374F312094392
:10F0400012F0B1F8740268701112EF21120B58120D
:10F05000F0A71217B3E9704C801F7403687023EA9D
:10F06000FCEBFD7403120B58AA82AB83121789AA1A
:10F0700018AB191217B9E9702BAA18AB191217C5DA
:10F08000802274016870128A828B8312F303740BDE
:10F09000120B58E8F0A3E9800A740B120B5874FEA7
:10F0A000F0A304F002EED5E8F0A3E9F0AA18AB193A
:10F0B000228518828519837404F08A828B83A3A326
:10F0C000A3A3A3A3A3A3E02274F71203DE7800791D
:10F0D000007C007D0080010D902781E493FEEDC34C
:10F0E0009E502AED75F00EA4FE85F008AF0874540A
:10F0F0002EF58274093FF583E0F460DB8C0874011F
:10F100002CFCAE08EA6E4B70CEA882A983E8FAE91F
:10F11000FB02EC5274F61203DEE4F508F5097808F8
:10F1200012087D12F3E012F30F1211657402120837
:10F13000ABE9FE74096E7003120C0DEEF902E89B48
:10F1400074F61203DE74FE12094385188285198352
:10F15000E4F0A3F0A818A91988088909780812080A
:10F160007D750802750900780812087D7C007D0015
:10F170007A417B0012117174041208AB740202E828
:10F180009874F21203DE74EE120943EAFEEBFF8C70
:10F19000088D09750A007A417B0012116B8A0C8B6D
:10F1A0000DAC0CAD0DEC4D6011E5086C7003E5097C
:10F1B0006D60077A417B0012117DE4F50CF50D7846
:10F1C0000C12087DAC08AD097A417B001211657400
:10F1D000021208ABE9640A700302F2FA740212091F
:10F1E0001388088909780812087D750802750900D6
:10F1F000780812087D7C007D007A007B031211776D
:10F2000074041208ABE9600302F2FA8518828519CA
:10F2100083E4F0A3F0750800806974041209138870
:10F220000C890D780C12087D90277012073512F4A6
:10F23000B87A007B0312117774041208ABE96003FB
:10F2400002F2FA7404120B58E0F4603574041209E7
:10F2500013880C890D780C12087D902770120735E1
:10F260007404120B5812F30312F4C6FA850CF0E979
:10F2700012F30912117174041208ABE9707C12F5D3
:10F28000AA0508851882851983C082C083902781CA
:10F29000E493F8D083D082C3E098A3E09400502197
:10F2A000851882851983C082C0837402120B58129C
:10F2B000F303D083D082C3E098A3E099500302F215
:10F2C0001AA818A91988088909780812087D7508EC
:10F2D00002750900780812087D7C007D007A417B68
:10F2E0000012117174041208ABE9700EEEFCEFFD10
:10F2F0007A007B0312117DE96003750A01A90A7483
:10F30000128017E0F8A3E0F922A42AF9E82402FC0D
:10F31000E439FD7A417B002274021208AB7F0602B9
:10F32000063B74F21203DE74FE120943750A0012E2
:10F33000F3E0F508E439F5097A417B0012116B8A94
:10F340000C8B0DAE0CAF0DA818A919880C890D787F
:10F350000C12087D750C02750D00780C12087D7C6E
:10F36000007D007A417B0012117774041208AB7A99
:10F37000007B0312116B8A0C8B0DA80CA90DE849B8
:10F38000700CE5086E7003E5096F700D8041EE4F5B
:10F39000602B12F3D4EA4B60247C007D037A417B1E
:10F3A00000121DADE9F8880A7025EEFCEFFD7A41E8
:10F3B0007B0012117DE96009750A018012E8FEE9FF
:10F3C000FFAC08AD09EEFAEFFB120C13E9F50AA940
:10F3D0000A02F318851882851983E0FAA3E0FB225C
:10F3E000902770E493F8740193F9902781E493F5E2
:10F3F00008E88508F0A4F8AAF08508F0E9A42AF93D
:10F40000E824022274F21203DE74FE120943851806
:10F4100082851983E4F0A3F0120C19E9600302F469
:10F42000B2A818A91988088909780812087D7508F2
:10F4300002750900780812087D7C007D007A417B06
:10F440000012117774041208ABE970667E007F0029
:10F450007508008041E50875F00EA4F8A9F0745411
:10F4600028F50A740939F50B780A12087D9027707F
:10F4700012073512F4B87A417B0012117774041226
:10F4800008ABE9700F850A82850B83E0F460050EF6
:10F49000EE70010F0508902781E493F8E508C39802
:10F4A000501085188285198312F303C3EE98EF99E3
:10F4B00040A312F3D402F318A80812F4C6F9E82402
:10F4C00002FCE439FD22902770E493F50C7401935B
:10F4D000F50DE8850CF0A4C8AAF0850DF0A42A2249
:10F4E00074F11203DE74F0120943851882851983C2
:10F4F000E4F0A3F07E008075EE75F00EA4F8A9F09C
:10F50000745428F508740939F50985080CF50D754A
:10F510000E00780C12087912EB36740512091B12D2
:10F52000103374031208AB7402120913880A890B92
:10F53000780A12087D902770120735EEF890277030
:10F54000E493F50A740193F50BE8850AF0A4C8AAC0
:10F55000F0850BF012F30912117174041208AB85D7
:10F560000882850983E0F4600312F5AA0E902781D2
:10F57000E493F8EEC3984080A818A919880889096F
:10F58000780812087D750802750900780812087D50
:10F590007C007D007A417B0012117174041208AB6B
:10F5A00074101208AB7F0702063B85188285198309
:10F5B000E02401F0A3E03400F022C082C0831217DF
:10F5C0005F02FA2C74F71203DEEAFEEBFF740912F5
:10F5D0000B5812FE928E828F83800C1208E0F0E9A5
:10F5E000240109E43AFAA312F5EF70EF02FB84EC70
:10F5F000FEEDFFEE24FF1CEF34FFFDEE4F2274ED15
:10F600001203DE89088A098B0A7413120B58E0F57D
:10F610000CA3E0F50DA3E0F50EECF8EDF9E824FFFE
:10F620001CE934FFFDE8496037A908AA09AB0AE9DB
:10F630002401F508E43AF509850C10850D11850EB5
:10F6400012E50C2401F50CE4350DF50D1208E0F877
:10F65000A910AA11AB121208E06860BD79008002FF
:10F6600079017F0B02063B74F61203DEE9FE8C087B
:10F670008D09780812087DEEFC7D0012174D74028A
:10F680001208AB02FC1774F01203DEE9FE8A828BCB
:10F6900083E0F50CE4F50DF50EF50F74026E7005C0
:10F6A00012F71A804774036E701212F7141207FAD9
:10F6B000780C7908120A2312F705803074046E70F2
:10F6C0003712F7141207FA780C7908120A2312F786
:10F6D0000578081207FA780C7908120A238A828BB7
:10F6E00083A3A3A3E0F508E4F50A741878081207C9
:10F6F000FA780C7908120A23AA0CAB0DAC0EAD0FE8
:10F700007F0802063B8A828B83A3A3E0F508E4F519
:10F710000974102212F71A780822A3E0F508E4F51C
:10F7200009F50AF50B74082274E81203DE74DF127F
:10F730000943E9851882851983F08A108B118C1290
:10F740008D139081E57403120923740A1207D9906E
:10F7500081DB740A1207D99081D1740A1207D97417
:10F7600039120B5812FE89E4F004120B5874DEF0C3
:10F77000A37482F0851882851983E0640A6003020D
:10F78000F8CD8A088B0985120A85130B9082AA7816
:10F790000C120B017808790C12036F850C08850D8B
:10F7A000098A0C8B0D85120E85130F9082AA78148E
:10F7B000120B01780C791412036F9082AA7814123C
:10F7C0000B01780C791412036FAE14AF159082669A
:10F7D000780C120B017810790C12036F85100A85D2
:10F7E000110BE50A450B600E790A7417120923AA5A
:10F7F0000AAB0B121021EE4F600E790A740D12093C
:10F8000023EEFAEFFB121021E5084509600E790A94
:10F810007403120923AA08AB09121021E50A450B4B
:10F82000603974171209237439120B5812FE95129D
:10F830001759750C0080137401120B5812F9A81295
:10F840000B5812FE95121753050CE50CF50E740DAE
:10F8500012091B12175F12F99340DC740D12092371
:10F860007439120B5812FE95121753E50A450B70A6
:10F8700004EE4F6029750C0080137401120B5812AE
:10F88000F9A8120B5812FE95121753050CE50CF54A
:10F890000E740312091B12175F12F99340DC7403F4
:10F8A0001209237439120B5812FE95121753E50AE8
:10F8B000450B7007EE4F700302F96F7439120B5845
:10F8C00012FE9574211208AB7F1002063BE0641013
:10F8D000600302F98C8A088B09741078101208FAF8
:10F8E000AE10AF11EE4F600E7910740D120923EEB9
:10F8F000FAEFFB121021E5084509600E7910740338
:10F90000120923AA08AB09121021EE4F604A740DA8
:10F910001209237439120B5812FE95121759750CDF
:10F920000080137401120B5812F9A8120B5812FE22
:10F9300095121753050CE50CF50A740312091B12F6
:10F94000175F8A0E8B0F7404C3950EF8E4950FF9B8
:10F95000C3E50A98E49940CB740312092374391261
:10F960000B5812FE95121753EE4F600302F8BBE5D9
:10F97000084509600302F8BB7401120B5812F9A87C
:10F98000120B5812FE9512175902F8BB7A007B0031
:10F9900002F8C38A108B117404C39510F8E4951112
:10F9A000F9C3E50E98E49922E0FCA3E0FD74392246
:10F9B000C082C083121027807374F61203DEEAFE41
:10F9C000EBFFEE4F603DEE2405FAE43FFB1210ED35
:10F9D0008A088B09A808A909E849602788828983D1
:10F9E000E4F0A3F088828983A3A3EEF0A3EFF0886C
:10F9F000828983A3A3A3A374FFF0E82405FAE43962
:10FA0000FB80047A007B0002FC17C082C083EA4BB3
:10FA100070047905801612FAA460047904800DEA56
:10FA200024FBFAEB34FFFB1210F37900D083D08271
:10FA300002085D74F71203DE7C0012106902FB8875
:10FA400074F71203DEE9FEECFFEA4B60269082E6D3
:10FA5000E0F8EEC398400712105D79038043EA2472
:10FA6000FBF582EB34FF12FD16700512FAA4600755
:10FA700012105D7905802AEEF074016F700DEAFCBA
:10FA8000EBFD7A967B09121087800BEAFCEBFD7A7E
:10FA9000967B0912107B7A007B80EEF9121099791F
:10FAA0000002FB88EA24FFF582EB34FFF583E0F4E3
:10FAB0002274F21203DE890B750C00750D007E00B6
:10FAC0007F00A2AFE433F50AC2AF9009968015EE2D
:10FAD0004F700685080C85090DE50824FBF582E5C5
:10FAE0000912FCBF12FC1CE50845096023E5082447
:10FAF000FFF582E50912FCBFE0650B70D2EE4F7096
:10FB000006AE08AF0980D27A007B80121099800B74
:10FB10007A007B8012109FEE4F6015780C12087DE2
:10FB2000EEFCEFFD7A967B0912108D74021208AB81
:10FB3000E50AA2E092AFEEFAEFFB7F0602063BC0B9
:10FB400082C083EAFCA2AFE433F8C2AF900996808A
:10FB500009EA24FBF582EB12FCBF12FE95EA4B602A
:10FB600015EA24FFF582EB12FCBFE06970E38A829C
:10FB70008B83E06C70DBE8A2E092AF02FA2CA2E08B
:10FB800092AF8004AA82AB837F0102063B74F71216
:10FB900003DEA2AFE433FEC2AF12FCB9E4F0A3F07F
:10FBA000800CE824FBF8E934FFF9E8FAE9FB8A82E3
:10FBB0008B8312FD1870EB8A828B83ECF0A3EDF03F
:10FBC000EE80BB74F61203DEEAFCEBFD7A007B00EC
:10FBD000A2AFE433FEC2AF8C828D8312FD18603277
:10FBE000E8FAE9FBEA24FBF8EB34FFF98882898321
:10FBF00012FC1C8C828D83E508F0A3E509F0888255
:10FC00008983E4F0A3F0EA24FFF582EB12FCBF74D1
:10FC1000FFF0EEA2E092AF7F0202063BE0F508A300
:10FC2000E0F5092274F71203DEA8A8C2AF8A828B1E
:10FC300083E0FEA3E0FF12FCB9EEF0A3EFF08A82AE
:10FC40008B83ECF0A3EDF0E8A2E702FB8074F512E1
:10FC500003DEA2AFE433F50AC2AFEC24FBF8ED34C7
:10FC6000FFF9E8FEE9FF8E828F83E0F8A3E0F98ACE
:10FC7000828B8312FC1CEC65087003ED650970062D
:10FC80008A828B838012740B120B58E0FAA3E0CAAD
:10FC900024FBF582EA12FCBFE8F0A3E9F08E828F24
:10FCA00083E4F0A3F0EC24FF12FCBC74FFF0E50A3F
:10FCB000A2E092AF7F0302063BEC24FBF582ED3419
:10FCC000FFF5832274F61203DE8A088B09E9FE7AB7
:10FCD00000A2AFE433FBC2AF85088285098312FD21
:10FCE000187005801AEE60241EE824FBF8E934FF42
:10FCF000F988088909888212FD1670E9EE600D8581
:10FD00000882850983ECF0A3EDF07A01EBA2E09282
:10FD1000AFEAF902FC17F583E0F8A3E0F9E849221D
:10FD200074F71203DEE9FE9082E6E0F8EEC3985025
:10FD300027ACA8C2AFEE29F8E433F99009A6E02871
:10FD4000FDA3E0398D82F583E04AF0A3E04BF0ECAF
:10FD5000A2E792AF79008002790302FB8874F71260
:10FD600003DEE9FF9082E6E0F8EFC3985021AEA8E9
:10FD7000C2AFEAF4FCEBF4FDEF2912FE79F583E063
:10FD80005CF0A3E05DF0EEA2E792AF79008002792B
:10FD90000302FB88E9F874FF687006D2AF7900802F
:10FDA00002790702085DE9F874FF687006C2AF794E
:10FDB000008002790702085DC082C0831210E190C2
:10FDC0000996E4F0A3F01211891211831210DB12CC
:10FDD00010E7790002FA2CC082C0831210BD80FBAC
:10FDE00074F61203DE7508001210D5120C73A80801
:10FDF000E82812FE7912FD16700D05089082E6E0E3
:10FE0000F8E508C39840E79082E6E0F8E508C39873
:10FE10005064ACA8C2AFAE08EE2EFEE433FF9009EA
:10FE2000A6E02EF8A3E03FF98882898312FE958828
:10FE3000828983E4F0A3F0ECA2E792AFE508901585
:10FE400063F0F974B82EF58274803FF58312FE8951
:10FE500012055690156374FFF0A8A8C2AF9009A6CA
:10FE6000E02EF9A3E03F8982F583E04AF0A3E04B5E
:10FE7000F0E8A2E792AF02FC17F8E433F99009A684
:10FE8000E028FAA3E0398A8222E0F8A3E0F583882B
:10FE90008222E0F9A3E0FAA3E0FB2274F01203DE71
:10FEA0007410120B58780C120B018A828B83E50CAC
:10FEB00012FF1C850C08850E0A850F0B741078083C
:10FEC0001208FA8A828B83A3A3E508F07418780CD1
:10FED0001208FA8A828B83A3A3A3E50CF0EA240418
:10FEE000FA50010B02F70074F01203DE7410120BCB
:10FEF00058780C120B01850C088A828B83E5081256
:10FF0000FF1C7410780C1208FA8A828B83A3A3E575
:10FF10000CF0EA2403FA50010B02F700F0850D09FA
:10FF2000E509A3F02274F71203DEE9FDEA4B60183D
:10FF30007800800108E8C39C5012E8FEEA2EF582A2
:10FF4000E43BF583E06D60EC79008002790102FB0F
:10FF500088D083D08202085DC082C0838019198C4A
:10FF6000828D83E08A828B83F0A3AA82AB838C820A
:10FF70008D83A3AC82AD83E970E480D5C082C08359
:10FF8000801D198A828B83E08C828D83F08A828B1C
:10FF900083A3AA82AB838C828D83A3AC82AD83E9D9
:10FFA00070E080AD74F71203DEEAFEEBFF8908E92A
:10FFB0007003120C558E828F83E0F5D9A3AE82AF09
:10FFC000831508E50870EE7F0102063B74F7120303
:10FFD000DEEAFEEBFF8908E97003120C55E5D98EC5
:10FFE000828F83F0A3AE82AF831508E50870EE80A0
:10FFF000D6790002085D7A007B0002085D02085D88
:020000040002F8
:10000000C082C0839004497470F0A374B1F0A3E07F
:10001000541FF090044D741DF0A37442F0A374704B
:10002000F0A374B2F0900453E0541FF090045574A0
:100030001EF0A37412F08040C082C08312807F0043
:10004000E5D6A2E150F9E5B354F84406F5B343B35D
:1000500001E5B3A2E350FA801FC082C08312807F03
:1000600000E5D6A2E150F9E5B354F84404F5B343F2
:10007000B301E5B3A2E350FAD083D08202085DEB6E
:10008000900447F0EAA3F090044C7410F090044BF5
:10009000E054E0F075D1FD75D6022274F71203DE4C
:1000A0007409120B581284B5900447F0E8A3F07459
:1000B0000B120B581284B5F9E890044CF0E9F89053
:1000C000044BE054E048F0EB900451F0EAA3F0EC6C
:1000D000900454F0EDFC900453E054E04CF075D1E2
:1000E000FD75D60200E5D6A2E150F975D1FB75D6B3
:1000F0000400E5D6A2E250F97F0102063BC082C0AF
:1001000083121DB3028078C082C08353B38F43B380
:1001100040121DBF02807874F41203DE8C088D0932
:10012000750A10750B00780A12087D780812087D90
:100130001281441208AB1286EEE5D1A2E250FA7F9A
:100140000402063B7C107D00AA08AB09121DC57491
:10015000042274F01203DE74E91209437404120BD2
:1001600058E9F07405120B58ECF0A3EDF07404128A
:100170000B58E070030284997431120B58E014C0DC
:10018000E07407120B58D0E0F0742B120B58E0F516
:100190000EA3E0F50FE50E450F60097407120B582A
:1001A000E0D2E6F07404120B58E024FE333354FC22
:1001B000F87407120B58E0481288FA1208797C0D7F
:1001C0007D00740B120B581288F01208AB742712C2
:1001D0000B58A3E0C0E07415120B58D0E0F0742760
:1001E000120B58E0C0E07416120B58D0E0F07C10EF
:1001F0007D007900742F120B581284BA750C20758B
:100200000D00C3E50E940FE50F9400401DE50E248C
:10021000F2F8E50F34FFF9E854F02420F50CE43946
:10022000F50DE8540F60031284A97427120B58E0EF
:1002300054F0F8A3E0F9E50C28F50CE50D39F50DBF
:100240007427120B58E0540F60031284A9AA0CAB58
:100250000D1210ED7402120B58EAF0A3EBF07402C9
:10026000120B581284B5F9E8497005791002849B85
:1002700074071209138808890978081208797C1014
:100280007D007405120B581287101208AB7402120D
:100290000B581284B5C82410F582E438F583E50FB5
:1002A000F07402120B581284B5C82411F582E43898
:1002B000F583E50EF07402120B58E0241212851B30
:1002C00040117429120B581287061208797C0E7D92
:1002D00000801E7C0E7D00790085188285198312AE
:1002E00084BA7429120B58128706120879AC0EAD25
:1002F0000F7403120B581287101208AB85188285F1
:100300001983E0240E12851B5003028391E50E240D
:10031000F2F50EE50F34FFF50F850E08F5097404AC
:100320007808120AF2AE08AF09E50E1284A012098D
:10033000EA85080E7429120B58E0240EF508A3E094
:100340003400F5097808120879AC0EAD0F74031269
:100350000B581287101208AB1284FE60341284C747
:100360001209EA7429120B58E02508F8A3E03509B0
:10037000F9E8240EF508E439F5097808120879AC93
:100380000B7D007403120B581287101208AB1284F5
:10039000DF7427120B581286F574047808120AF2DB
:1003A000AE08AF097427120B58E01284A01209EAB4
:1003B00085080E85090F7405120B5812870612085E
:1003C00079AC0EAD0F7403120B581287101208ABE4
:1003D0001284FE602D1284C71209EA7405120B58AC
:1003E000E02508F508A3E03509F509780812087931
:1003F000AC0B7D007403120B581287101208AB125D
:1004000084DF851882851983C082C0837402120B31
:10041000581284B5F9D083D082E0C398F8A3E0994C
:10042000F9E8650C7003E9650D6003120C5553B3D0
:100430008F43B350742F120B58128719121DB978BD
:100440000C12087D7404120B581207087C107D00F2
:100450007433120B581286FD1208AB53B3F87404B0
:10046000780C120AF2E50C24FFFEE50D34FFFF12B2
:1004700086DF600B43B301E5B3A2E340F280F8539B
:10048000B38F85B3B343B301E5D1A2E250FA74024E
:10049000120B581287191210F37900741702852A6B
:1004A000540FF50B7404780822E50C2410F50CE4C5
:1004B000350DF50D22E0F8A3E0221284BE22E0FA09
:1004C000A3E0FB12103F227C107D0079008518828A
:1004D0008519831284BE8E088F09740478082285DA
:1004E0001882851983E024101284EC22F8A3E034EA
:1004F00000F9851882851983E8F0A3E9F0228518B0
:1005000082851983E0250EF8A3E0350FF98518825E
:10051000851983E8F0A3E9F0E50B221284ECC3E52A
:100520000E940FE50F94002274021208AB7F0802AC
:10053000063B74F01203DE74DD120943E98518826C
:10054000851983F07401120B58ECF0A3EDF0EAFE6C
:10055000EBFF750E00750F007437120B581286F5FD
:10056000750A0078081208797403120B58E0FC7DB4
:1005700000741612091B1288F41208AB7439120B9E
:1005800058E014C0E07403120B58D0E0F08E088FCE
:100590000978081208797C0D7D007407120B581237
:1005A00088F01208AB7412120B58E4F07411120B9D
:1005B00058E4F07433120B58E0F50CA3E0F50D8508
:1005C0000C08F50974047808120AF2AE08AF09E5C0
:1005D0000C540FF50B60050EEE70010FE50C450D88
:1005E00060508E088F09740478081209EAAA08ABD3
:1005F000091210ED8A0E8B0FEA4B700579100286F6
:10060000DA7401120B58128706120879AC0CAD0D82
:100610001288F41208ABE50B6018F87410C398FC4C
:1006200095E0FD7900E50E250CFAE50F350DFB127E
:10063000103F53B38F43B320740312091B1288E495
:1006400012087D74151209138808890978081208A0
:100650007D7C107D00743B120B581286FD1208AB96
:100660001286EEE5D1A2E250FAEE4F604453B38F0A
:1006700043B3307412120B587401F0740312091B47
:100680001288D81209EAAC08AD09780812087D78FA
:100690000E12087DAA0EAB0F12814C1208AB53B399
:1006A000F81286DF600B43B301E5B3A2E340F280AA
:1006B000F8E50E450F6021850E08850F09780812B0
:1006C0000879AC0CAD0D7404120B58128710120887
:1006D000ABAA0EAB0F1210F37900742302852AEE39
:1006E000F8EFF9E824FF1EE934FFFFE8492253B38D
:1006F000F843B30122E0F508A3E0F50922128719B7
:10070000121DC5740422E0F508A3E0F5097808225B
:10071000128719121033740322E0FAA3E0FB22744B
:10072000F11203DE74DE120943851882851983EC09
:10073000F0A3EDF0890E7437120B58E014C0E0748A
:1007400002120B58D0E01288FA1208797C0D7D0055
:100750007406120B581288F01208AB7411120B5861
:10076000E4F07410120B58E4F07431120B58E0C32B
:10077000950EF50BC4540FFE7F00740F550B6005EA
:100780000EEE70010F7C107D007900741212091BAF
:1007900012103FA80B851882851983E028F508A35D
:1007A000E03400F5097808120879AC0E7D00741564
:1007B00012091B1288F41208AB53B38F43B3207491
:1007C0000212091B1288E412087D7414120913889E
:1007D000088909780812087D7C107D007439120B95
:1007E000581286FD1208AB1286EEE5D1A2E250FA4D
:1007F0008E088F09740478081209EAAA08AB091256
:1008000010ED8A0C8B0DEA4B700579100288CE8EA4
:10081000088F09740478081209EAAC08AD09F912C6
:10082000103F851882851983128706120879AC0B50
:100830007D00AA0CAB0D1288F41208ABEE60485391
:10084000B38F43B3307411120B587401F0041209C2
:100850001B1288D81209EAAC08AD09780812087D85
:10086000780C12087DAA0CAB0D12814C1208ABE576
:10087000B354F84402F5B31286DF600B43B301E5CD
:10088000B3A2E340F280F8850C08850D09780812C0
:100890000879AC0B7D007403120B581287101208F4
:1008A000ABAA0CAB0D1210F37435120B581287065D
:1008B000120879AC0E7D00A80B7403120B58E028C7
:1008C000FAA3E03400FB1288F41208AB790074221A
:1008D0001208AB7F0702063B121DB98E088F097400
:1008E00004780822121DB9750810750900780822CD
:1008F000AA82AB83121033740322F08A088B097525
:100900000A0078082274F21203DEE9FF8C0C8D0DC8
:1009100070057900028997740E120B58E0C39FFE90
:100920007416120B581286F57418120B58E0F50A5B
:10093000780A120881780812087D7417120B581271
:1009400007087417120B581207087417120B581265
:100950000708EEF50A750B00780A12087D121DDDF6
:10096000740B1208ABE9F8702E7800800108E8C318
:100970009F5024EEFD74012DFEE8FAE5082AF58269
:10098000E43509F583E0FCE50C2DF582E4350DF541
:1009900083E06C60D879017F0602063B74F0120395
:1009A000DE74FE120943128B03120B58E0FEA3E023
:1009B000FF741A120B58128AE6120B58128AF012A0
:1009C0000881780C12087D850E0A850F0B780A12B3
:1009D000087D741D120B58120708741D120B581253
:1009E00007088E0A8F0B780A12087D741D120B58A7
:1009F000128AE0740B120B58128AFD121DDD740B63
:100A00001208ABE9F97034E509F50A780A12088191
:100A1000780C12087D780E12087D8E0A780A12086A
:100A20007D7419120B58128AE07407120B58128A3F
:100A3000FD121DE374071208ABE9F902852874F072
:100A40001203DE74FE120943128B03120B58E0FEF0
:100A5000A3E0FF741A120B58128AE6120B58128A7E
:100A6000F0120881780C12087D850E0A850F0B782C
:100A70000A12087D8E0A8F0B780A12087D741912EB
:100A80000B58128AE07407120B58128AFD121DE9E6
:100A900074071208ABE9F97044E509F50A780A12FF
:100AA0000881780C12087D780E12087D741D120BD7
:100AB00058120708741D120B581207088E0A780A7C
:100AC00012087D741D120B58128AE0740B120B5819
:100AD000128AFD121DEF740B1208ABE9F90285288A
:100AE000E0FCA3E0FD22E0F50EA3E0F50F741C226C
:100AF000E0F50CA3E0F50DEBF50A780A2212871950
:100B0000A90822851882851983ECF0A3EDF08A08E4
:100B10008B0974142274F21203DE8A088B098C0A82
:100B20008D0B7A0B7B001210ED8A0C8B0DAE0CAF87
:100B30000DEE4F606A9004011295D5900401EEF01D
:100B4000A3EFF0EE2402F50CE43FF50D850C82F5E1
:100B500083E508F0A3E509128BA8E50AF0A3E50BED
:100B6000128BA8A3A37432128BB47401128BB4A39A
:100B7000F0740E120B581290FFA3A3A3A3A312901C
:100B8000E2900401128ECC9004051290E21294417E
:100B90001220F5850C82850D83129479A3E9F0EE7D
:100BA000FAEFFB7F0602063B128BAC22128C4DA3A0
:100BB000A3A3A322128BACA3A3A32274F61203DE79
:100BC000EAFEEBFF8E828F83E0F912217F8B09EA28
:100BD0004509600479028027E4F508F509780812D0
:100BE000087D7C007D00EEFAEFFB1221AF7402124B
:100BF00008AB8B09EA45097004791080027900027C
:100C000095247F0102063B74F21203DE89088A09EB
:100C10008B0A1221798A0C8B0DAE0CAF0DEE4F6052
:100C2000297A047B00121057EA4B601E8A828B835C
:100C300074FDF0A3E50A128CB7E508128CB7A3E5A2
:100C400009128C4D128CC9121063028BA3F08E8294
:100C50008F832274F01203DE8A0BECFEEDFF8B0C07
:100C60001221798A088B09EA450960467A077B00D8
:100C7000121057EA4B603B8A828B8374FEF074112A
:100C8000120B58E08A828B83A3128CB7E50CF074A8
:100C900010120B58E08A828B83A3A3A3128CBFE5AA
:100CA0000B128CBFA3EEF0A3EF1290D4128CC912DA
:100CB00010637F0802063BF08A828B83A3A322F095
:100CC0008A828B83A3A3A3A322A3A3E0F8A3E0F5C6
:100CD000838882E0F92274E81203DE74FD1209436E
:100CE0007401120B58ECF0A3EDF0E9851882851918
:100CF00083F08A108B11900401E0F50AA3E0F50B54
:100D00007EFE8A828B83E0540C640C702579FEA3EE
:100D1000A3A3A31294471219D5E9FE74FE6E7003C3
:100D2000028EBE1221798A088B09EA4509703D02BC
:100D30008EBEA3A3E0F974FF697024E50A450B7029
:100D400003028EBE128ED6741B120B58E0F516A34A
:100D5000E0F5177420120B58780C120B0180211249
:100D600021798A088B09A909EA4960DB850882850F
:100D70000983E0F912217F8A0A8B0B80CA128ED672
:100D8000E50845097003028EBE800D8A828B83E0E0
:100D9000F912217F8A0A8B0B7512FE7513FF850AE3
:100DA00082850B8312941B850882850983601A1241
:100DB0009412120556EA4B601D8A828B83E0F5126D
:100DC000A3E0F5131210F3800D12942F6008A3E036
:100DD000F512A3E0F513851082851183A3A3A3A3C5
:100DE000128EC8850882850983E0FAE512687003CF
:100DF000E513696013EA7006E8497075800A74FFAC
:100E000068700374FF697069851082851183A3A3DC
:100E1000E0FFEA851082851183A3A3F07424120BEE
:100E200058E0F5127812120881780C1208757424B3
:100E3000120B58E0F51278121208817423120B5825
:100E4000120708781612087D740B120B5812070847
:100E5000740C120B58E0F9AC08AD09AA10AB1112D2
:100E6000218B740C1208ABEF851082851183A3A32C
:100E7000F0851082851183E0540C640C7024EEF927
:100E8000A3A3A3A31294471219D5E9FE74FE6E60C2
:100E90002D1221798A088B09EA45096003028D8B9E
:100EA000801CA3A3E0F47016850A82850B83E0F50D
:100EB0000AA3E0F50BE50A450B6003028D7D740380
:100EC0001208AB7F1002063BA3A3A3A3128ED0226D
:100ED000E0F8A3E0F922850A82850B83A3A3E0F55D
:100EE00008A3E0F5092274EC1203DE8A088B098C52
:100EF0000C8D0D890EEA240EF582E43509F583E0A8
:100F0000F510A3E0F511EA2410F50AE43509F50B14
:100F1000850A82F583E02427FA7B001210578A1293
:100F20008B13AE12AF13EE4F70030290CF8E828FF1
:100F300083741A1290D4128EC88E828F83A3A31248
:100F400090E81290FF1290E27414120B5812943B26
:100F5000EE2406FAE43FFB12215B850882850983B3
:100F6000A3A3A3E0C0E0EE240FF582E43FF583D015
:100F7000E0F0850C82850D83E0C0E0EE2414F5825C
:100F8000E43FF583D0E0F0E508240CF582E4350970
:100F9000F583E0C0E0EE2415F582E43FF583D0E070
:100FA000F07418120B5812954EE0C0E0EE2416F5BE
:100FB00082E43FF583D0E0F088828983A3E0C0E03B
:100FC000EE2417F582E43FF583D0E0F08882898330
:100FD000A3A3E0C0E0EE2418F582E43FF583D0E05F
:100FE000F0741A120B58E0C0E0EE2419F582E43FC9
:100FF000F583D0E0F0741B120B58120B29EE241A63
:10100000F582E43FF583120B1DEE241EF582E43FCA
:10101000F583E50EF0E5082415F582E43509F5833E
:101020001290FA2424F582E43FF5831290E8A3A3FA
:10103000A3A31290FA24121290DC7416120B581209
:1010400090FA24101290DCEE241FF582E43FF58321
:10105000E4F0EE2420FCE43FFD850A82850B83E06A
:101060008C828D83F0A3E4F0741F120B58E0C0E073
:10107000EE2426F582E43FF583D0E0F0EE2422F85A
:10108000E43FF98C828D83129447EA4B6029EE2469
:1010900027FAE43FFB88828983EAF0A3EBF075121C
:1010A0000078101208798C828D8312943B121033D1
:1010B00074031208AB800888828983E4F0A3F0EE01
:1010C000FAEFFB850C82850D83128CC91210637FA9
:1010D0000C02063BF085088285098322F582E43FF5
:1010E000F583E8F0A3E9F022E8F0A3E9F0850882AF
:1010F000850983A3A3A3A3A3A322128ED0EE221259
:101100009107A3A3A3A322E0F8A3E0F98E828F8323
:101110002274F01203DE74DF1209438A0C8B0DEC8B
:10112000FEEDFF890AEE4F70030291D1EA2408F523
:1011300008E4350DF509850882F583E0C0E0740206
:10114000120B58D0E0F0E9A2E3502E850882850901
:1011500083E06402707B121C998A0E8B0F129441FB
:10116000E50E6A7003E50F6B600F7C0379011219BD
:1011700009E9600579CD02940A850882850983E032
:10118000F87402686005740F687039129441121D7A
:1011900011E98508828509836023740FF0E0C0E0BF
:1011A000740B120B58D0E01290D4E064037027AC9B
:1011B0000CAD0D740312091B1211D7802AE0640FC5
:1011C00070DB800D74036860D474016860CFE860E0
:1011D000CC790202940A850C82850D83128ECC7420
:1011E00003120B581290E2E50AA2E17412500912A0
:1011F0000B5874FFF0A38060120B58E4F0A3F0903A
:101200000401129429603C88828983A3A312944725
:10121000EE6A7002EF6B8882898370E612941B601D
:10122000228E828F83129412120556EA4B602A8A0C
:10123000828B83128ECC7412120B581290E2121011
:10124000F380168E828F8312942F600D128ECB74D2
:1012500012120B58E8F0A3E9F07418120B58E4F0DE
:10126000A3F0E50AA2E4501C740B120B58E0F874CA
:101270000F686010740168600B7418120B587404C6
:10128000F0A3E4F0E50AA2E750097418120B58E045
:101290004410F0E50AA2E650127418120B58E0440C
:1012A00001F07401120B58740180067401120B587E
:1012B000E4F0E50AA2E250097418120B58E0444029
:1012C000F0851882851983E4F0E50AA2E5500974D7
:1012D0001B120B587404800D90153DE0C0E0741B88
:1012E000120B58D0E0F07437120B58128EDE8508BE
:1012F00082F583E0C0E0741A120B58D0E0128C4DD6
:10130000E0C0E0740C120B58D0E0F0850C82850D23
:1013100083A3A3A3A3A3A3A3A3A3E0C0E0740D127C
:101320000B58D0E0F07431120B58128ECC7410129E
:101330000B581290E27433120B58E0F50CA3E0F551
:101340000D7414120B58E50CF0A3E50DF074351272
:101350000B58128ECC7416120B581290E27439127C
:101360000B58E0C0E0741C120B58D0E0128C4DE01A
:10137000F912217F8A828B83E58245836012A3A3C1
:10138000A3A3A312942F6008740312091B1205561D
:10139000AA18AB1912216DE9C3950CE4950D501AEA
:1013A00090137E129429600D740312091B12947C11
:1013B000120556800D750B02800B740312091B1267
:1013C0001A23E9F50B740B120B58E06402702C120F
:1013D0001C998A0C8B0DA80CA90D7403120B58E0F4
:1013E000687003A3E0697013AB0B850882850983DD
:1013F000E0FA8E828F83E0F912219DE50B7009855A
:101400000882850983E004F0A90B74211208AB025D
:101410008CB2E0FA79028C828D8322A3A3A3A3125B
:101420008ED0E8FCE9FDEC4D22128ED0E84922A3D3
:10143000A3A3A3129552E582458322E0FCA3E0FD1D
:1014400022850C82850D83E0FAA3E0FB22C082C0D6
:101450008390040180048A828B83129447EA4B6054
:101460000B8A828B83129477E06970EAD083D082F2
:1014700002085D8C828D83A3A3E0F8A3E0F5838846
:10148000822274F61203DE12217F8A828B83E58228
:1014900045836007A3A312944780047A007B00026F
:1014A000952474F41203DEEAFEEBFF890812217F13
:1014B0008A0A8B0BAC0AAD0B7900EC4D60388C823C
:1014C0008D83A3A3A3A3129544E58245836013AA49
:1014D00008091205568E828F83EAF0A3EBF079019A
:1014E000801C129473A3A3A3A31294478E828F83AC
:1014F000EAF0A3EB80078E828F83E4F0A3F00296DC
:101500002474F71203DE8A828B83E0640170047E08
:101510000880027E00A3AA82AB83121A29E9C39E27
:10152000F9028C027F0202063BC082C08390040154
:1015300012954E7900800409129544E58245837026
:10154000F602946CE0FAA3E0FB8A828B8322129568
:101550005222E0F8A3E0F98882898322C082C08306
:10156000900401801A129473E0F8E96003E8600BBC
:10157000E88A828B83F0A3AA82AB838C828D83124C
:10158000943BEC4D70DF02946C74F71203DEEAFEBC
:10159000EBFFEC2408F8E43DF988828983E08E8231
:1015A0008F83A3A3A3A3A3A3A3A3F088828983E02B
:1015B000640370051211D780078C828D831295D534
:1015C0008E828F83A3A3A3A3A3A3A3A3A3A3E4F0C7
:1015D000A3F0028C02129107E8F0A3E9F02274F460
:1015E0001203DEEAFEEBFF12217F8A088B09A808AE
:1015F000A909E849700D8E828F837432F0A37401BB
:10160000F08021E82406F508E439F509750A007828
:10161000081208797C027D00EEFAEFFB1210337499
:10162000031208AB7F0402063BA3A312977B8882B8
:10163000898322C082C083900405129777129A3062
:10164000901558E0F4601B90040712A01360361246
:10165000968BF8901558E0686022129A2680E8125E
:101660009A2690040712A013601B129CBC129629A4
:10167000E060ECC394F150E7A3E060E31299F9FA5B
:10168000A3E0FB80047A007B00800FE0F583888272
:10169000A3A3129A03E022129CB3D083D082020843
:1016A0005D74F61203DE74F1120943851882851900
:1016B00083E4F0A3F01215798A088B09AE08AF090C
:1016C000EE4F70030297721221258E828F83A385BD
:1016D0008208858309129B0F120B8F12A0027003E0
:1016E00002976B8518828519831299E0E0C3948173
:1016F00040798E828F83E070698508828509831224
:1017000097777403120B58129A337402120B5874A1
:1017100004F0EE2403FCE43FFD7405120B58AA828A
:10172000AB83121789740212091B1217C5E97020C6
:101730001297811211AD7A237B041220E37A007B89
:1017400040900404E0F91211AD790C1220E98022D6
:10175000AC18AD19850882850983129D2F79011275
:1017600021018518828519831299E4EEFAEFFB12A4
:1017700010F3740F029D3912977B22E0F8A3E0F971
:1017800022900403E4F07A40FB900404E0F9227410
:10179000EC1203DE74EB120943E9FE8A128B138C00
:1017A0000E8D0F90040712A01370030299AB7F00F7
:1017B0001299F9F50AA3E0F50B901546E0F47003D1
:1017C000A3E0F460217C597D157A01850A82850B9E
:1017D00083E0F9121237901546129FEC7408120B31
:1017E000587401F080167408120B587403F0EE6000
:1017F0000BAC18AD19AA12AB1312179B750800E5B4
:101800000A2404F50CE4350BF50D805675090178B2
:1018100009120881EEF5097809120881740212098B
:101820001388108911781012087D90042A12070875
:10183000900423E0FD9004291299B5A3A3A3129A62
:101840000C1220EF74061208ABE9F50974B26509B1
:1018500070030298DBE970087F01EE70030298EADA
:1018600005081299C4A3A3A3E0F8E508C398409C17
:1018700074B265096065EFA2E05003EE605D750823
:1018800000800AE970057F01EE605F05081299C4C7
:10189000E0F8E508C39850437509007809120881FB
:1018A000EEF509780912088174021209138810896B
:1018B00011781012087D90042D120708900423E07F
:1018C000FD90042C1299B5129A0C1220EF74061296
:1018D00008ABE9F50974B2650970A8EFA2E0507B86
:1018E000EE60071299D874FF80051299D87480F0C1
:1018F000901546E0F50CA3E0F50D74FF650C70043F
:1019000074FF650D605E7409120B58E512F0A3E5D3
:1019100013F07411120B587402F0900423E0C0E02D
:101920007412120B58D0E0F0750800780812088184
:10193000751052751115781012087D780C12087DFB
:101940007D017C00740E12091B850A82850B83E0E1
:10195000F912131574051208AB8009850E82850FE4
:10196000831299E474B2650970201297811211AD47
:101970007A237B041220E37A007B40900404E0F990
:101980001211AD790C1220E98021901558E0F47005
:101990001A800D12968B6008C394F150030297AE23
:1019A000129A2690040712A01370E874151208AB5F
:1019B0007F0C02063BE0FCA808E828F8E433F98A2B
:1019C000828B8322850C82850D83129D338A828BC4
:1019D00083A3A3A3A3A3A322850E82850F83E0F88C
:1019E0001299ED221299EB74FFF022E0F8A3E0C8FF
:1019F000240CF582E438F58322129A00A3A3E02296
:101A0000900407E0F8A3E0F583888222A3A3A3A3B0
:101A1000A3A3A3E028FAA3E0398A82F583129C0BE2
:101A2000850B83E0F922129A0012977B129A3022DA
:101A3000900407E8F0A3E9F02274F71203DE74EDD6
:101A4000120943EAFEEBFF851882851983E4F0A3AF
:101A5000F07508001221251299F9129CBAA3E0A290
:101A6000E04003029B05EE2413F582E43FF5831268
:101A7000962BA3E0FC88828983A3A3E0FBECFA7495
:101A800002120B58129CB3740A120B587402F07CA9
:101A9000237D04E82404FAE439FB1215857402124C
:101AA0000B58129B0F120B8F12A0026058740B126E
:101AB0000923851882851983129CBB129D2F12174A
:101AC0009BE96005750801801885188285198312C5
:101AD0009E84240DF582E438F5837423F0A3740406
:101AE000F0AC18AD197402120B58129D2FA90812F0
:101AF0002101851882851983129FFDF470077A23CE
:101B00007B041220E374131208AB7F0102063B1220
:101B10009D33900423E0F92274F21203DE7508006D
:101B2000EA2404FEE43BFF129BE7750C62750D800E
:101B3000780C12087D7C18129BF112151F7402128A
:101B400008ABE964017003750802129BE7780C1278
:101B5000087D7C18850A828983129D25850A8289E1
:101B600083A3A3A3A3A3A3A3A3A3E0F912151F74A4
:101B7000021208ABE964017006E508D2E0F508122C
:101B80009BE7750C00750D80780C12087D7C311276
:101B90009BF112151F74021208ABE964017006E58F
:101BA00008D2E0F5088E828F83129777E8FEE9FF6E
:101BB000780C12087D7C318E828F83129D258E8257
:101BC0008F83A3A3A3A3A3A3A3A3A3E0F912151F29
:101BD00074021208ABE964017006E508D2E1F50869
:101BE000A9087F0602063B8E828F8312977B880AA4
:101BF00022850A828983A3A3A3A3A3A3A3129C0B78
:101C00008983A3A3A3A3A3A3E0F922129D33850A8A
:101C1000822274F41203DE74FE1209438518828551
:101C20001983129CB3E9FEECFF8D087413120B5854
:101C3000E0F9851882851983E0FA120B83E9702494
:101C4000A818A919880A890B780A12087D7C0174E2
:101C500010120B58129D2FEFF912151F7402120863
:101C6000ABE9700479B1803E7412120B58E0603415
:101C700090043012A013602C780A12087D7D01AC0C
:101C8000087412120B58129D2FEEF9900430129C1A
:101C9000B912055674021208AB8B0BEA450B70049F
:101CA00079B28002790074021208AB7F0402063B0D
:101CB00090040BEAF0A3EBF022E0F8A3E0F58388B0
:101CC000822274F71203DEE9901548F07A01790652
:101CD0001220D1029B0A74F61203DEEAFEEBFFEE3D
:101CE0002407F8E43FF9880889098882F583129D62
:101CF0002FEA4B600D1210F3850882850983E4F00A
:101D0000A3F0EE240AF8E43FF9E8FEE9FF8E828FA3
:101D100083129D2FEA4B600B1210F38E828F83E4A7
:101D2000F0A3F08017A3A3A3A3A3A3A3A3A3A31229
:101D30009D3322E0FAA3E0FB221208AB7F020206E9
:101D40003BC082C08390041F029697C082C08390DC
:101D5000042102969774F61203DE74F4120943E923
:101D6000FF85188285198374FFF0A3F07408120BA5
:101D7000587402F07409120B5874FFF0122143E9F1
:101D8000F9E4F508F509780812087D780812087D4D
:101D9000E9F5087808120881E4F508780812087D4A
:101DA0007508017808120881750800780812088102
:101DB000750801780812088178081208817C037D73
:101DC00000740B12091BEFF9121243740B1208ABCB
:101DD000E9FE70179082AA1207047A007B409004F3
:101DE00004E0F91211A174041208ABEEF9740C02AC
:101DF0009D3974F61203DEEAFEEBFF7A007B409019
:101E00000404E0F91211ADEEFCEFFD7A097B041237
:101E1000205FEA4B605C8E828F8312962B129E8A23
:101E2000F088828983E0FCA3E0FD8A828B83ECF05A
:101E3000A3EDF088828983A3129E8AA3F08E828FFD
:101E400083129E84240AF582E438F5831297778AF8
:101E5000828B83A3A3A3A3A3A3A3A3A3A3129A33B5
:101E600012A09AE4F0EA240DF582E43BF583E4F055
:101E7000A3F07A007B40900404E0F9121099029DCF
:101E80003C90040BE0F8A3E0C822A3A3A3A3A3A360
:101E9000A3A3E08A828B83A3A3A3A3A3A3A3A322C8
:101EA00074F01203DE74F71209439081F8AC18AD98
:101EB0001974091207D990040B12A0137020900412
:101EC00009129D2F120B89129CB090040B12A013C3
:101ED000705290040912A013703C790B803A900460
:101EE0000BE0240CF8A3E03400F988828983E0A297
:101EF000E75031547FC39404402A90040D12A0137C
:101F0000701C900409129D2F120B89129CB0900432
:101F10000B12A013700E79001220E9029FE29004C8
:101F20000B129A339015CA7808120B0190829A7896
:101F30000C120B017808790C1202EF780812087560
:101F40007A007B40900404E0F91211A17404120895
:101F5000AB90040FE0640890040B6069129CB91206
:101F60009FEC129E812408F582E438F583E0C0E0FE
:101F70007408120B58D0E0129FF904129FF9A2E7DF
:101F800050157D007C00790090040B129692FAA304
:101F9000E0FB1215A380347508007808120881123E
:101FA0009E812409F582E438F583E0F990040B1250
:101FB0009692FCA3E0FD740112091B1215A974018D
:101FC0001208AB8006129FFDD2E6F0129E81240F0C
:101FD000F582E438F583129D2F120B8990040D12BF
:101FE0009CB374091208AB7F0802063B12977B85ED
:101FF0001882851983129A3322F090040B1299EB00
:10200000E022851882851983EAF0A3EBF085188217
:1020100085198312977BE8492274F71203DEE97869
:10202000006023E825E0FCE433FD74622CF5827443
:10203000803DF583E06A7003A3E06B602308E8C38A
:102040009418502780DDE825E0FCE433FD74002C73
:10205000F58274803DF583E06A7003A3E06B700441
:102060007900800908E8C3943140DB7901029B0ABA
:10207000C082C083800CEA240FF582E43BF5831212
:102080009D2FEA4B600D12A09AE0547FC394045038
:10209000E580047A007B0002969AEA240CF582E43B
:1020A0003BF58322C082C0839004098009EC240F91
:1020B000F582E43DF583E0FCA3E0FDEC4D60248C6B
:1020C000828D83E06A7003A3E06B70E18C828D8364
:1020D000A3A3A3A3A3A3A3A3A3E06970D0ECFAEDE9
:1020E000FB80047A007B0002969AC082C083900530
:1020F00015E4F0900523F0900519F0A3F090051475
:1021000012A945900516E4F0900524F0900525F0FD
:1021100090052602A7E4C082C083906194740512E2
:10212000A5CF75E9FBE8A2E792AF9061A3E0D2E208
:1021300002A7E4C082C083120F73900515E4F0F982
:10214000120F5502A7E5C082C0839005257401F0E7
:10215000900524E07008120F07900525E4F002A70F
:10216000E5C082C0839061A4E0C2E0F09061947405
:1021700005F075E1ED75E1EDA8A8C2AF759B00759E
:10218000E9FBE8A2E792AF12A5E1F9E84960077A16
:10219000197B05121E259005177413F0A3740FF018
:1021A000900514E07006900516E0600C900514E4AC
:1021B000F0900516F0120F3D02A7E5C082C0839093
:1021C0000525E07021900524740112A95312A5B8C9
:1021D000120556900524E4F0900525E06008120FE2
:1021E00007900525E4F002A7E574F11203DE74FE02
:1021F000120943750A00900514E06003120C559013
:1022000005147481F0900527E0600D906193E0A2C1
:10221000E74010E0A2E6400B900514E4F0120F3DF9
:1022200002A596120DD512A903900515E09005227E
:10223000F079047A1B7B05120E6590051BE0547F34
:1022400024FD90051FF0C3947D400302A36B90050D
:102250001CE05407F8C39404400302A36B740268A3
:10226000600302A304900523E0600302A304790243
:10227000AA18AB19120E65A2AFE433F508C2AF90ED
:102280000529E06486707590145F12A5E4F9E849A9
:102290007003120C55851882851983E024B7FE74EB
:1022A00001120B58E0547FFFFAEEF9120EE390147E
:1022B0005F12A7372415F582E438F583E912A5E902
:1022C0002416F582E438F583EF12A5E92417F58288
:1022D000E438F583EEF0E508A2E092AF7401120B4A
:1022E00058E0A2E7501190051CE05410FA90051E2A
:1022F000E0F9120FCD807A120FD38075E508A2E0C5
:1023000092AF806D900529E064867003120FD39020
:102310000522E0602F900523E07029900522E064FB
:1023200001700302A3AC90051CE05407F89005224D
:10233000E064027005E87074800AE064037005745C
:102340000368706890051DE0F81313543F5403F5BB
:1023500008E8C413135403F5099004A0E07018743E
:10236000016509600674016508700C75E1ED75E1A1
:10237000ED120F3102A596A80912A5A0FAA808121D
:10238000A5A02AFEE509600A90051CE0A2E650021D
:102390001E1E90051FE0FAEE79002402F850010994
:1023A000C3EA98E499A2D265D0335006120F4302D3
:1023B000A596E0C39E24FE90052112A5F150037559
:1023C0000A25900521E0F8E50A28F8E43400F9E848
:1023D000243AFAE439FB121E1F900519EAF0A3EB28
:1023E00012A5D8F9E849700575E1E880BF7F009033
:1023F000051CE0F8900523E070077420589005163E
:10240000F0900516E0604AA2AFE433F50AC2AF745B
:1024100007586403701D121E19E9600302A5749029
:102420000496E0700302A56B120D45E964FE70038B
:1024300002A57490618AE0C2E212A5CF7591FEE810
:10244000A2E792AF9061A4E0D2E0F0E50AA2E092A8
:10245000AF900519E0243AF8A3E03400F99005198B
:10246000E0FAA3E0F5838A82A3A312A932243312EF
:10247000A728900521E0C0E012A5ADD0E012A5D8B4
:10248000F5838882A3A3A3A3E0C0E090051A12A954
:1024900010D0E012A5F1503A12A5C07403F0750CEB
:1024A0001C750D05750E00780C12087912A5C0E098
:1024B000FC7D0012A7BB12103374031208AB900509
:1024C00019E0243312A91F2435F582E43AF583126A
:1024D000A7CC12A734241BF582E438F583E5091252
:1024E000A93B2424F582E438F583E508F0120E2395
:1024F0008A088B098C0A8D0B12A7342425F582E4F7
:1025000038F5837808120AE3120E178A0812A929EF
:102510002429F582E43AF583E508F0A3EBF0900571
:102520001CE05407C0E012A5ADA3D0E0F090051E5A
:10253000E0C0E012A7342432F582E438F583D0E01D
:10254000F090051CE05478F8A3E0C4540F540348FD
:102550004FC0E012A73BD0E0F0EE70239005177457
:1025600025F0A3740FF0120F1F802B121E13E970B9
:102570000302A4337F0490618AE0D2E202A439907E
:10258000052012A5F1900520E040011412A9507415
:1025900019F0A3740FF074021208AB7F0702063B18
:1025A000746A28F582E43427F583E49322900519B0
:1025B00012A5B8A3A3A3A32212A5E4F583888222BF
:1025C00012A5C712A9162290051912A5E4C822F077
:1025D000A8A8C2AF759B002212A5DC22F012A5E1CB
:1025E00022900519E0F8A3E022F090145F12A5CA2A
:1025F00022F090051CE0A2E32274F61203DE74ECD4
:10260000120943900520E07003120C55900520E05C
:10261000F9AA18AB19120E65A818A9198808890912
:10262000AC08AD0990051DE01313543F5403FE6040
:1026300070900519E0242DF8A3E03400F985188284
:10264000851983E0FC7401120B58E0FBEC88828949
:1026500083F0A3EBF08882898312A5E412A92824D1
:102660002B12A747241CFAA3E03400FB74036E70FE
:10267000107402120B58AC82AD831211D7740A8009
:10268000197402120B58E0FC7403120B58E0F9ECB9
:102690008A828B83F0A3E9F07404120B58AC82ADEC
:1026A0008390051DE0C413135403FA605812A73B2E
:1026B000E0A2E640278C828D83E0FEA3E0F9EEF8ED
:1026C000900519E0FBA3E0CB242BF582E43BF583D6
:1026D000E8F0A3E9F0EC2402FC50010D74036A70E9
:1026E00011900519E02413FAA3E03400FB1211D76E
:1026F00080138C828D83E0FAA3E0F9EAF812A9290D
:10270000241312A72812A7342410F582E438F58385
:10271000E412A9537425F0A3740FF0120F1F741460
:102720001208AB7F0202063BF582E43AF583E8F03B
:10273000A3E9F02290051912A5CA2212A5C7240701
:10274000F582E438F58322F582E43AF583E8F0A3D4
:10275000E9F0900519E022C082C083900521E07065
:1027600010906194740112A953742BF0A3740F801C
:1027700016C394105006E090052080059005207443
:1027800010F0E014906194805BC082C083900520BB
:10279000E0F912A7BB120E65900519E02433F8A3E7
:1027A000E03400F990052012A7CC900520E0F890C5
:1027B0000521E0C398F0120F1F802A12A5C7243309
:1027C000F582E438F583E0FAA3E0FB22E0FA8882A0
:1027D0008983E02AFAA3E03400FB88828983EAF047
:1027E000A3EBF022F0D083D08202085D74F61203CE
:1027F000DE7E0079027A1B7B05120E6590051CE0D7
:102800005480F509700B900523E06402600302A870
:10281000E99005147402F0120F7F90051BE024B7B5
:10282000F508A3E0547FFFFAA908120EE312A734BB
:10283000242FF582E438F583E912A93B2431F5828F
:10284000E438F583E50812A93B2430F582E438F535
:1028500083EF12A751243A12A91F243312A7472449
:1028600002F8A3E03400F9E8FAE9FB181812A910FD
:10287000E0F8900519E0FCA3E0F5838C82A3A3A304
:10288000A3E0FCE8C39CF895E0F98A828B83E028FA
:10289000F8A3E039F98A828B8312A9322407F582E2
:1028A000E43AF583E0A2E2501088828983E0640470
:1028B000600790618AE0C2E2F0900496E06008123E
:1028C0000D4BE960027E04E5094EF8900519E0F928
:1028D000A3E0C92407F582E439F583E04812A75143
:1028E000FAA3E0FB121E2B800A12A9037A197B05BA
:1028F000121E25900519E4F0A3F012A940120F3121
:1029000002A7239061A4E0C2E0F0900516E4F02253
:10291000E0C812A916222435F582E438F58322F89E
:10292000A3E0340012A92822F9900519E0FAA3E0E7
:10293000CA22E8F0A3E9F012A9292212A5DCC822D4
:10294000906194740512A9537413F0A3740FF022CC
:10295000906194F090051722C082C083906193E04B
:10296000A2E6500BE0A2E7400675E1ED75E1ED90BF
:102970000514E4F0900516E07003120F3D02A7E580
:10298000C082C083900516E4F0900514E070031235
:102990000F3D02A7E5C082C083120F7F120EB31253
:1029A0000FBB02A7E5C082C083900517E0641370D7
:1029B00004A3E0640F6003120C5590051FE070053E
:1029C000120F31801DC394105006E0900520800541
:1029D0009005207410F0E01412A9507449F0A3740B
:1029E0000FF002A7E5C082C08374F012094390057E
:1029F00020E0F9AA18AB19120E65900520E0F890B6
:102A0000051FE0C398F06011C394105012E09005C8
:102A100020F014906194F0800612A940120F3174D6
:102A2000101208AB02A7E5C082C083900526E0041F
:102A3000F0120F0102A7E574F71203DEE9FE90051C
:102A400023F0700A906180E4F0E04409801374027E
:102A50006E600874016E6003120C55906180E0C2D4
:102A6000E0F07F0102063BC082C0839011D712AA1A
:102A700075F002AB76E4F0A3F0A3F0A32274F01299
:102A800003DE8908EAFEEBFF1211957410120B5851
:102A9000780C120B01EA4B600D8A828B83A3A3781A
:102AA0000C120AE3806A7A0D7B001210EDEA4B608B
:102AB0005B8A828B83A3A3A3A3A3A3A3A3E508128A
:102AC000AB15EEF0A3EFF08A828B83A3A3780C12F0
:102AD0000AE38A828B83E4F0A312AB15A3A3A312AB
:102AE000AA76F09011D512AE579011D56017E0FC80
:102AF000A3E08003E8FCE9FD8C828D8312AE577061
:102B0000F38C828D83EAF0A3EBF080047A007B00E3
:102B10007F0802063BF08A828B83A3A3A3A3A3A30F
:102B200022C082C0839011D580048C828D83E0FC0A
:102B3000A3E0FDEC4D60238C828D83A3A3A3A3A30C
:102B4000A3E06A7003A3E06B70E08C828D83A3A383
:102B5000A3A3A3A3A3A3E06970D0ECFAEDFB8016B6
:102B6000C082C083EA4B600E8A828B83A3A3A3A397
:102B7000A3A3E4F0A3F0D083D08202085D74F61220
:102B800003DEAEA8C2AF740A120B5812070412116A
:102B90008F74041208AB8B09A909EEA2E792AFEA81
:102BA0004960047900800279087F0202063B74F2D2
:102BB0001203DEA2AFE433FEC2AF740E120B5878DC
:102BC00008120B01780812087512118F740412088C
:102BD000ABEA4B60128A828B83A3A3A3A3A3A3A314
:102BE000A3A37808120AE3EEA2E092AFEA4B6004D6
:102BF0007900800279087F0602063B74F41203DE36
:102C0000A2AFE433F508C2AF1211958A0A8B0BAE5E
:102C10000AAF0BEE4F600312119BE508A2E092AFE2
:102C2000EE4F60047900800279067F0402063B744F
:102C3000F21203DE750800750900750A00750B00B5
:102C4000A2AFE433FEC2AF1211958A828B83E58274
:102C500045836007A3A37808120B01EEA2E092AFB0
:102C6000AA08AB09AC0AAD0B808C74EB1203DE74BE
:102C7000FC120943851882851983EAF0A3EBF0A3BF
:102C8000ECF0A3EDF0A9A8C2AF851882851983786E
:102C900008120B019011D77808120A10E9A2E792E6
:102CA000AF9011D512AE57700302AE479011D5E028
:102CB000FEA3E0FF751000751100750A00750B008A
:102CC000A2AFE433F514C2AFEE2402F508E43FF5F9
:102CD000097402120B5812AE5770207401120B586F
:102CE000E07018851882851983E0F88508828509C7
:102CF00083E0C3984005E0C3988039850882850940
:102D000083780C120B01851882851983780C120ABE
:102D1000C35018851882851983780C120B01850819
:102D200082850983780C1209AE800A85088285099C
:102D30008312AA75F0EE2406F512E43FF513EE2493
:102D400004F50EE43FF50F12AE517054850E8285E6
:102D50000F8312AE57704EEE2409F50CE43FF50DCB
:102D6000850C82F583120B29E8494A4B604D851288
:102D700082851383E0FAA3E0FBEA4B603E8E828FEC
:102D800083A3A3A3A3A3A3A3A3E0F9121099850C83
:102D900082850D83120B29850882850983120B1DFC
:102DA00012AE51700B850E82850F8312AE57600BE9
:102DB00085128285138312AE5770258E828F83E031
:102DC000F8A3E0F9E510451170059011D58006854E
:102DD0001082851183E8F0A3E9F08E0A8F0B80043E
:102DE0008E108F118E828F83E0FEA3E0FFE514A288
:102DF000E092AFE50A450B6047850A82850B83A305
:102E0000A312AE577033850A82850B83A3A3A3A3B5
:102E100012AE577024850A82850B83A3A3A3A3A3B4
:102E2000A3E0FAA3E0FB850A82850B83A3A3A3A3F7
:102E3000A3A3A3A3E0F9121099AA0AAB0B1210F3F3
:102E4000EE4F600302ACBA74041208AB7F0D0206A9
:102E50003B850882850983E0F8A3E0F9E84922C0B0
:102E600082C0839011D7120B4102AB76C082C0831F
:102E700090046DE4F0A3F0120CC7D083D082020856
:102E80005D74E81203DE8A168B17890F90046DE0DB
:102E9000F8A3E0F9E84970187A117B001210ED9060
:102EA000046DEAF0A3EBF079017ADB7B80120CAFC2
:102EB000AA16AB1712102DEAF50BC3941140037537
:102EC0000B1085160C85170D750E00AE0B74016581
:102ED0000F702C780C120879EEFC7D0090046DE0E8
:102EE000FAA3E0FB12103374031208AB90046DE0F8
:102EF0002EF8A3E034008882F583E4F002AF8990D5
:102F0000046DE0FAA3E0FB12102DEAF50A2E24026C
:102F1000FA7B001210ED8A148B15EA451560649057
:102F2000046DE0F510A3E0F5117512007810120899
:102F300079AC0A7D0012103374031208ABA80AE5BD
:102F40001428F582E43515F5837420F0050A780C11
:102F5000120879EEFC7D00E514250AFAE43515FB2C
:102F600012103374031208ABE50A2EF8E43400F9AA
:102F7000E51428F582E51539F583E4F0AA14AB15BC
:102F80001210F374FF650F6009AA16AB17A90F1290
:102F90000CF17F1002063B74F21203DE74E7120993
:102FA00043E9FEA818A919880C890D780C12087D30
:102FB000EEF912104B74021208AB7427120B581260
:102FC000B057120CAF74191208AB7F0602063B749F
:102FD000F71203DEECFEEDFF7901120CAF7902EE81
:102FE000FAEFFB120CAF02B14174EE1203DE74E78C
:102FF000120943EAFEEBFF8C108D11890812102D87
:10300000EAF5098E0C8F0D750E00780C120879AC5C
:10301000097D00740312091B12103374031208ABEC
:10302000A80912B05EA385820A85830B780A12086C
:103030007DA908AA10AB11E4FCFD12104B7402121A
:1030400008AB742B120B5812B057120CAF74191234
:1030500008AB7F0A02063BE0F9AA18AB192212B0AE
:10306000657420F022851882851983E58228F5820F
:10307000E43583F58322C082C08353F3FED28043BC
:10308000FD0153F4FDD29143FE0253F4FBD292436F
:10309000FE0443F10243F42043F44043F48075FB03
:1030A0008075F80075FC2F75FA00C2917A987B3A0A
:1030B000120CF7D2917A0F7B00120CF77915120CD3
:1030C000CD790F120CD9790E120CCD7925120CCDB9
:1030D000791C120CCD7A087B52120CF7120CDF12FD
:1030E0000CE57929120CCD02AE7AC292C28053F857
:1030F000F989F9A2F950FCA2F950FC00000000D2B5
:103100009202085DC292D28053F8F989F9A2F9506F
:10311000FCA2F950FC0000000080E474F71203DE0A
:10312000E9FE7950120CCDEEF9120CD3801374F72E
:103130001203DE7980120CCD7E307920120CD3DEA2
:10314000F97F0102063B74F71203DE79C0120CCD41
:103150007E407900120CD3DEF980E674F71203DEAC
:10316000EBFEEAC39410501274FF29C454F02A44B1
:1031700080F9120CCDEEF9120CD380C574F5120350
:10318000DE8909EAFEEBFF12102DEAF50A75080048
:1031900080188E828F83E0FBAA08A909120CEB8E9F
:1031A000828F83A3AE82AF830508E508C3950A40EA
:1031B000E1850A08800B7B20AA08A909120CEB05FF
:1031C00008E508C3941040EE7F0302063B80200010
:1031D00000000000000000000000000000000000EF
:1031E000000000000000000000000000000000EAF5
:1031F000F8EBF9E824FF1AE934FFFBE84970D00244
:10320000085DC082C0837A00790F120D0302B58970
:1032100074F51203DE89088A0AEA602F14602C1400
:10322000600A24FE601B24FC6021800B7CE87D0387
:103230007B057A01120D0990046FE0F97F03020605
:103240003B7CE87D037B057A3280E97509015308F0
:103250000F7E717F04801CE06401F0E0FAA909127E
:103260000D15E5096208E509C333F509EE2409FEE9
:1032700050010FE50860C0550960EB7408650A8EBF
:10328000828F8360D2E50A80D174F21203DE89084E
:103290008A0B8B0A8C0C8D0DE9700302B354EB7012
:1032A0000302B354EC450D700302B354EBC39464B2
:1032B000400302B35075090153080F7E717F0480EB
:1032C00071550960608E828F83E0C39402500D9027
:1032D000046FE05509F8900470E048F08E828F8307
:1032E000E4F0A3A3A3E50CF0A3E50D12B52AA3A374
:1032F000E50A12B52AA3E50BF070078E828F83745E
:1033000004F01211BFEAF8EBF9ECFAEDFB8E828FB4
:1033100083A3A3A3A3A3120B1D8E828F83E0D2E10C
:10332000F0E5096208E509C333F509EE2409FE500A
:10333000010FE508708B7A207B00900467E0F9129A
:1033400011AD7A207B00900467E0F9121099800992
:103350007A0180027A00120D037F0602063B74E8B0
:103360001203DE74FF1209437514007515007516FB
:103370000175170F7E717F04900495E0600302B51C
:103380001AE5175516700302B4E58E828F83E0A20A
:10339000E1400302B4E11211BF8A0C8B0D8C0E8D3B
:1033A0000F8E828F83A3A3A3A3A37808120B0178A7
:1033B00008790C120AB3500302B4B78E828F83A32C
:1033C0008582088583098E828F83E0A2E05029A33D
:1033D000A3E0F87464C39812B524E0C2E0F07A0068
:1033E000A916120D158E828F83E0A2E24036850861
:1033F00082850983E0148014850882850983E07042
:103400000E8E828F83E0A2E240056402F080158E6A
:10341000828F83A3A3E012B524E0D2E0F07A01A961
:1034200016120D158E828F83E0A2E15064851882FA
:10343000851983E0F508E4F509F50AF50B8E828F0E
:1034400083A3A3A3E0F510A3E0F511E4F512F513AF
:10345000780879101202EF90828E7810120B0178A2
:1034600008791012036F850810850911E4F512F52B
:1034700013780C7910120A238E828F83A3A3A3A33F
:10348000A3E50CF0A3E50DF0A3E50EF0A3E50F8096
:1034900023750800750900900470E0551660047AE1
:1034A0000180027A00A916120D0374FF6516F890C8
:1034B0000470E058F0800DE508C3950CF508E509A7
:1034C000950DF509E51445156011E50845096011EC
:1034D000C3E5089514E50995155006850814850976
:1034E00015E5166217E516C333F516EE2409FE50EE
:1034F000010FE517600302B381E5144515601BE475
:10350000F516F51778141208757A207B0090046779
:10351000E0F91211A174041208AB74011208AB7F18
:103520001002063B851882851983F08E828F8322D4
:10353000C082C083E9A2E0500B74016A7004D2908B
:103540008002C290E9A2E1500B74016A7004D2912A
:103550008002C291E9A2E2500B74016A7004D29415
:103560008002C294E9A2E3500B74016A7004D28114
:103570008005C281EA600790046FE049800974FF0A
:1035800069F890046FE0588004900495E4F0D083CB
:10359000D08202085DC082C083900529E4F09005C6
:1035A00030F002B73F74F71203DEE9FE900529E020
:1035B0006003120C559005297401F0901560E060CD
:1035C00008791D120FD902B6A7EE90052AF0640201
:1035D0007005120DC3804AE0600764016003120C9D
:1035E0005590052DE4F090145FE0F8A3E0C8240E98
:1035F000F582E438F583E0544060059004EB8003E5
:103600009004CDE090052B12B70670129004B4E040
:10361000600C90052BE0C3940340037402F0120F7A
:10362000A3900530E0705A90145FE0F8A3E0F9E849
:10363000497003120C5512B910E0F8A3E0F9888222
:103640008983E0542090052FF088828983A3A3E02A
:1036500090052EF090145FE0FAA3E0F5838A82A330
:10366000A3A3A3E0FAE824FFF582E934FFF583740D
:10367000022AF075E1EE74012AF9AA82AB83120ED8
:103680005FA2AFE433F8C2AF900514E0701190056B
:1036900016E0700B90052912B777120FA9800890D9
:1036A0000529740212B77902B86974F61203DE12A2
:1036B0000E8FE9F975080175090090052BE078086F
:1036C0001209EAE508145990052C12B70670051284
:1036D0000DB78003120DB17F0202063BC082C0838A
:1036E0009061A4E0C2E0F0900516E412B70664020F
:1036F0007005120DC9800DE064037005120DCF80B6
:1037000003120FAF8039F090052AE022C082C083F7
:1037100090052AE07014121E31E9F890052CE0C3E0
:10372000984007791C120FD98003120DBD8010C07C
:1037300082C083900530740112B706F9120F9DD034
:1037400083D08202085DC082C083900514E07006B9
:10375000900516E06003120C55A2AFE433F8C2AF37
:10376000900529E06402700812B777120FA980054E
:10377000E8A2E092AF80C87483F0E8A2E092AF22A2
:10378000C082C08390052AE0600764016003120CC8
:10379000559005297404F0120F7F90052DE004F078
:1037A000F89004CCE0C398500779E1120FD9803229
:1037B0009004D8E0FA90052BE079002401F850013C
:1037C00009EAFCC3E89CE99400A2D265D033500416
:1037D000E0048001EAF0120FA39005297483F0122F
:1037E0000FAF02B73F74F71203DEA2AFE433FEC29D
:1037F000AF900529E064837027900514E060031200
:103800000F0190052FE0900529700F7485F0EEA24E
:10381000E092AF7900120FD9800B7486F0120DDBA5
:10382000EEA2E092AF804274F71203DEE9FF8A084D
:10383000A2AFE433FEC2AF900529E0648670257420
:1038400087F0120DE1EEA2E092AF90052EE06F70CE
:103850000CE5086004791B80067900800279E91282
:103860000FD98005EEA2E092AF7F0102063B74F70C
:103870001203DEA2AFE433FEC2AF900529E06486F6
:1038800070127487F0120DE1EEA2E092AF79E912A6
:103890000FD98005EEA2E092AF80CE74F71203DE5E
:1038A000E9FE900530E4F0900529F09004EDE06029
:1038B00005900514E4F0120F7F120EB3120EBFEE46
:1038C000F9121E4F80A374F41203DE90145FE0F827
:1038D000A3E0F9E8497003120C55120D818A088B98
:1038E000098C0A8D0B12B910A3A3A37808120AE35E
:1038F000120E178A0890145FE0FAA3E0CA2409F5B3
:1039000082E43AF583E508F0A3EBF07F0402063B7E
:1039100090145FE0F8A3E0F5838882A3A32274F7F4
:103920001203DEE990121DF01211FB120C2B7AA883
:103930007B1512213D7A7E7B1579081213097C4C88
:103940007D25902779E493FA790812123190121D9F
:10395000E0F91212137ACF7B1312101590121DE0AA
:10396000F91210037AB77B131221A97ABD7B1312C7
:10397000163F7AC37B13120B6B79037A7C7B81121F
:103980000CAF7F0102063B74F41203DEEAFEEBFF8C
:10399000EE54206007120C3174206EFEEF548070DC
:1039A00039EEA2E0400302BA6990121EE4F012134D
:1039B000B1EE640102BAE0A3E090156CF064096016
:1039C0000AE064076005E06406700890121EE4F0E7
:1039D0001213B1AA08AB0912105D90121DE0F91282
:1039E000106F8A088B09EA450960778A828B83E029
:1039F00024E6605524E6600A2474605224EF60B720
:103A000080D1EA2417F8E43509F9E8FAE9FBA3A321
:103A1000A3A3A3A3A3E014601124FD701A12BAEEAD
:103A2000E0F9E8C39950100880F612BAEE80010858
:103A3000E0F9E8C39940F88A828B83E0FAA3E0FBBF
:103A4000EA4B608F1210F3808A120C378085A3A393
:103A5000A3E0FA8508828B83A3A3E0F91213AB02DB
:103A6000B9D3EEFAEF648080795410603390156C0E
:103A7000E06409600AE064076005E064067005120E
:103A8000120180179082C21207047A107B009012F4
:103A90001DE0F91211A174041208ABEE641080400D
:103AA000EE542060081211EFEE64208033EE5404CF
:103AB00060081220D7EE64048026EE540860267A4F
:103AC000087902120D039082761207047A087B00AF
:103AD00090121DE0F91211A174041208ABEE6408F3
:103AE000FAEFFB80047A007B007F0402063B8A82A7
:103AF0008B83E0F8A3E0F98882898378002274F749
:103B00001203DEEAFEA2E0504890121EE4F090128A
:103B100020E060197A087B0090121DE0F91211ADC7
:103B20007A007902120D03901220E48023908276AD
:103B30001207047A087B0090121DE0F91211A1749B
:103B4000041208AB7A017902120D0390122074015D
:103B5000F0EEA2E1500A90121EE4F0790F1221312A
:103B6000EEA2E4500590121EE4F0EEA2E350159090
:103B7000121EE06003E480027401F079027AE07BB7
:103B800082120CAFEEA2E250031221131213B10203
:103B9000B982C082C08390121EE064017014790162
:103BA0007A3F7B81120CAF79027A4F7B81120CAF86
:103BB000802F90156CE06409700479008010E06437
:103BC00007700479018007E064067005790212131A
:103BD000E190121FE090157C6004742A800274202A
:103BE000F079037A6D7B15120CAF806EC082C083B2
:103BF0008A828B83A3E024FE600624FD6014803259
:103C00008A828B83E0702BA3A3E04402F912213156
:103C100080208A828B83E0640D60179082AA12074D
:103C2000047A047B0090121DE0F91211A1740412B1
:103C300008AB8026C082C083901222E0F8A3E0F98E
:103C4000E849600F7CE87D037B057AFF7902120D5D
:103C50000980077A007902120D03D083D08202080E
:103C60005D02085DC082C0831213D580ED02085D3D
:103C700074F41203DEEAFEEBFF8C088D098E828F4E
:103C800083E0FAA3E0FBC2008A828B83E0642D709C
:103C900007D200A3AA82AB8378007900750A00805E
:103CA00024E875F00AA4F8AAF075F00AE9A42AF944
:103CB000E50B24D0FAE434FFFBE82AF8E93BF9EC01
:103CC000FAEDFB050A8A828B83A3AC82AD838A82DC
:103CD0008B83E0F50B74D0250BC3940A40C3E50A2F
:103CE0006012E0642E700D8C828D83E024D0FCC3C2
:103CF000940A4004790080548C0BEA2402FA5001A3
:103D00000BE875F064A4F8ACF075F064E9A42CF944
:103D1000E50B75F00AA4FC85F00AAD0AE82CF8E979
:103D20003DF985088285098312BF58A2005012C34D
:103D3000E498FCE499FD850882850983ECF0A3ED05
:103D4000F08E828F83EAF0A3EBF079017F04020604
:103D50003B74F71203DEEAFE74075E600C7A207B88
:103D60000090121DE0F91210997F0102063BC082FB
:103D7000C08374E3120943901203E4F0901204F03C
:103D8000A3F0901206F0A3F0901208F07C1DFDF94C
:103D9000AA18AB1912103F8518828519837401F097
:103DA000120B58E4F07402120B58E4F07403120B77
:103DB00058E4F0A3F0740A120B587460F0A3E4F016
:103DC0007412120B587410F0A3E4F07405120B581F
:103DD0007406F07416120B587401F0741B120B5811
:103DE00074E3F0A37411F0AA18AB197901120D2134
:103DF000741D1208ABD083D08202085D74F41203E4
:103E0000DE74DA1209437C207D00740612091B79E6
:103E100001120D278A088B097E007F008007E4F0DD
:103E20000EEE70010FC3EE9508EF9509400302BF37
:103E3000417406120B58E5822EF582E5833FF58327
:103E4000E0F8740A68600302BF10901203E0C394A4
:103E50000C500302BF0A9011DBE06452600302BF02
:103E60000AA3E0643A600302BF0A851882851983B9
:103E700074DDF0A37411F07402120923AA18AB19AF
:103E80001211DDE9700302BF0A12BF5E6452707A3C
:103E9000851882851983A3E0F5838882A3E06448AE
:103EA0007068851882851983E02402F812BF4912D0
:103EB000BF5E64207054851882851983E024010850
:103EC00012BF497404120923AA18AB191211DDE9B3
:103ED000603812BF5E644370317402120B58C3E045
:103EE0009411A3E0942750227402120B5812BFA41D
:103EF00090120612BF587404120B5812BFA49012ED
:103F00000412BF589012087401F090120302BE1EF2
:103F100074E028C3945F400302BE20901203E0C304
:103F20009427400302BE1EE8C0E0E0F874DB28F5E9
:103F300082E43411F583D0E0F0901203E00402BE75
:103F40001F74261208AB02BD4CA3E03400F985189B
:103F50008285198312BF5822E8F0A3E9F022851860
:103F600082851983E0F8A3E0F5838882E02274F764
:103F70001203DEEA4B600AEC4D6006901208E07016
:103F8000047901801C90120412BFA48A828B8312D0
:103F9000BF5890120612BFA48C828D8312BF58792D
:103FA0000002BD69E0F8A3E0F92274F71203DE1203
:103FB0001FDB121F0979011216EDE9FE79FF1210BD
:103FC000ABEEF9806574F71203DE74FF1209431239
:103FD0001FD5E9FE851882851983E4F0AA18AB196C
:103FE0007956120E7D7A8C7B0979E2120E7D12C110
:103FF000056012901352E0FAA3E0FB1210F3901345
:1040000052E4F0A3F0EEF9801C74F71203DEE9FE2F
:1040100074E26E700B7C8C7D091211D779008003DD
:10402000120E77800574011208AB7F0102063B7403
:10403000F71203DE8908EAFEEBFF74E26508700BF5
:10404000EEFCEFFD7A8C7B091211D7EEFAEFFBA99B
:1040500008120E7D80D4C082C0838A828B83A3A382
:10406000A3A3A3A3A3A3E4F0121F0F02C23974F405
:104070001203DEEAFEEBFF8E828F83120B29901370
:104080004E120B1D12C105600479FC80418E828F97
:1040900083A3A3A3A3E0F8740368601D12C2717028
:1040A000307A1B7B001210ED12C0F260417C1B7D48
:1040B00000790012103F12C2938E828F83A3A3A3B4
:1040C000A3A3A3E4F0EEFAEFFB122017790002C2DB
:1040D0006C8E828F83A3A3A3A3A3A3A3E060DA754E
:1040E000F021A4FAABF01210ED12C27C70CB791A59
:1040F00080DC8A0A8B0BA80AA90B901352E8F0A364
:10410000E9F0E84922901352E0F8A3E0F9E84922E7
:10411000C082C083EA2413F582E43BF583E4F01205
:104120001F1502C23974EC1203DE8A088B098C1247
:104130008D13EA241EF510E43509F511EA241CF567
:1041400082E43509F583E0FBEA241BF582E43509B6
:10415000F583E0FA851082851183E0F9121E798AD1
:104160000A8B0BAE0AAF0BEE4F700302C23285080A
:104170000C85090D750E00780C1208797C137D00F2
:10418000EE2426FAE43FFB12103374031208ABEE60
:104190002402F50AE43FF50BE508241FF582E43517
:1041A00009F583E0F50CA3E0F50D780C120879858C
:1041B0001082851183E0FC7D00850A82850B83E0F7
:1041C000FAA3E0FB12103374031208ABE5082413C2
:1041D00050020509F50C85090D780C1208797C0B45
:1041E0007D00EE241BFAE43FFB1210337403120827
:1041F000ABE512451360308E828F83A3A3A3A3E0A7
:10420000F96024850A82850B83E0FAA3E0FBEA4B80
:104210006015851282851383120556E96009EEFA4E
:10422000EFFB12105D800BEEFAEFFB121E737900AC
:104230008002791A7F0C02063B7900D083D082027B
:10424000085D790002C02AC082C083120D2D80E96A
:10425000C082C083120D3380E2C082C083120D3948
:1042600080D974F71203DE120D3F80D67F04020658
:104270003BEE2416F508E43FF509E8228A0A8B0B89
:10428000A80AA90B850882850983E8F0A3E9F01242
:10429000C0FA22901352E0240BF8A3E03400F98511
:1042A0000882850983E8F0A3E9F02274F41203DEA2
:1042B00074EE1209437E001216DBE9F8A2E0500208
:1042C0007E0175084C750915780812087D7C017D02
:1042D000007A557B0012116574021208ABE9700A6E
:1042E000EEA2E05005790012206B7A247B001211B7
:1042F0006B8A088B097A357B0012116B8B0BEA45B0
:104300000B7072740265084509706AA818A91988AB
:10431000088909780812087D75080275090078086F
:1043200012087D7C007D007A247B001211777404D2
:104330001208AB851882851983E0F8A3E0F9E8FA42
:10434000E9FB9015CAEAF0A3EBF0A3E4F0A3F07543
:1043500008CA750915780812087D7C047D007A3535
:104360007B0012116574021208AB7C027D007A2476
:104370007B0012117D7A357B1379E21216F3EEF988
:104380001216D57C107D007900740212091B1210E0
:104390003F740212091388088909780812087D7C85
:1043A000107D007A627B0012116574021208ABE97D
:1043B0007025EEA2E05020780812087D750810756F
:1043C0000900780812087D7C007D007A627B00126B
:1043D000117174041208AB7C107D00790074021214
:1043E000091B12103FEEF91216B1EEA2E050077A47
:1043F0000179001216E1790074121208AB7F0402F1
:10440000063B74F21203DE890D750C0090134C7498
:1044100001F0801A12087D780812087D7C007D006A
:10442000EEFAEFFB12117774041208AB050CE50CE1
:1044300075F006A4F8A9F074C028F8742139F98839
:10444000828983E493FA740193FBEA4B606EA3A321
:10445000A3A3E493F50A740193F50B88828983A3DF
:10446000A3E493C0E0740193F583D082858208852C
:10447000830988828983E493C0E0740193F583D033
:1044800082AE82AF83780A12087DAC08AD09EEFADD
:10449000EFFB12116574021208ABE9708FE50D781D
:1044A0000A700302C41412087D780812087D7C008B
:1044B0007D00EEFAEFFB12117102C4277F0602069F
:1044C0003B74F61203DE74FF12094312C51612087C
:1044D0007D7C017D007A037B001211657402120855
:1044E000ABE97020780812087D750801750900781D
:1044F0000812087D7C007D007A037B00121177741E
:10450000041208AB851882851983E0F9740112083A
:10451000AB7F0202063B851882851983E4F0A81858
:10452000A9198808890978082274F61203DE74FF35
:10453000120943E9FEEAFF12C51612087D7508014B
:10454000750900780812087D7C007D007A037B00E5
:1045500012117774041208ABE9F9703E74FF6E70A3
:104560000A851882851983E04F800C74FF6FF885E7
:104570001882851983E05812C51D12087D7508013F
:10458000750900780812087D7C007D007A037B00A5
:1045900012117174041208ABE9F902C50CC082C093
:1045A00083900511740BF090051074FFF090050FC7
:1045B000F09005128018C082C083120ECB120ED765
:1045C000800DC082C083120E0B8004F0EBA3F0D0EC
:1045D00083D08202085DC082C083906180E0F8E9E8
:1045E0006004D2F08002C2F0A2F0E43333FA74FD2A
:1045F000584A80DAC082C083EA90617280CDC0825E
:10460000C083EA90617480C3C082C083EAFCEBFD82
:1046100079087A6A7B61120E5380B474F71203DE54
:10462000E9FE907803E0F87495686005743468706A
:10463000067A9A7B2680047AB87B268A828B83E46A
:1046400093F8C39EA2D265D033400EA3E493F8EE54
:10465000C398A2D265D0335002E8FEA2AFE433F98A
:10466000C2AF8A828B83E4939E2402FCEA2CF582FB
:10467000E43BF583E49390051212C70C6005743493
:10468000687011900512E064FD90051370047401C8
:104690008001E4F0E9A2E092AF120EB3EEF902C796
:1046A000DDC082C083A2AFE433F9C2AF900512E04F
:1046B000F890050FE068604C900516E07046900594
:1046C00029E0A2E7403E900512E090050F12C70CCA
:1046D0006005743468702590050FE0906190F0904B
:1046E0000513E09061AC600A74F5F0906191747408
:1046F00080117455F09061917469800790050FE006
:10470000906190F0E9A2E092AF02C5CFF0907803FB
:10471000E0F87495682274F71203DEE9FF74F52956
:10472000C394134003120C55A2AFE433FEC2AFEFA3
:10473000900511F0900529E07003120EBFEEA2E083
:1047400092AF02C7DDC082C083900529E0600312EA
:104750000C55A2AFE433F8C2AF900511E0F9900513
:1047600010E0696026900511E0900510F0E8A2E0E5
:1047700092AF120F8B75F005900510E0A424D49031
:10478000618FF0120F01120F798005E8A2E092AF5D
:1047900002C5CF74F71203DEE9FE901560E06003F6
:1047A000120C55900515E06003120C55EE70079041
:1047B00005157401802674036E7007900515740347
:1047C000801A74016E600874026E6003120C5590BA
:1047D00005157402F090617274FFF0A3F07F01027E
:1047E000063BC082C083900515E4F09004CEE090B3
:1047F0006172F09004CFE090617302C5CEC082C0B8
:1048000083120E4102C5CFC082C083120E47E92435
:10481000B7F9120EDD02C5CFE9FCC394A9A2D26597
:10482000D03350047CA9800DECC3940BA2D265D088
:104830003340027C0AECF83395E0F9E82457500144
:104840000975F0FFA4F8AAF075F0FFE9A42AF97A37
:10485000617B0012028EE8F902085D74F71203DE34
:10486000120EDD02C7DDF075E1E275E1FF02C967F6
:10487000A9A8C2AF75C300AAA2A8A3E9A2E792AFF4
:10488000E8F9EAF87A007B0212028EE8F902085D84
:10489000C082C0839061A4E0A2E45003120C55755D
:1048A0009C019061E47401F075E1E275E1FFA8A854
:1048B000C2AF759B007591EFE8A2E792AFA8A8C2BE
:1048C000AF759B007591F7E8A2E792AF02C967C088
:1048D00082C083120DAB75E1BC75E1B875E10F754F
:1048E000E1D075E1D075E1D075E1D0805FC082C0C4
:1048F00083120DAB75E1BC75E11775E18175E110AF
:1049000075E1D275E1818044C082C08390052CE0BE
:104910009061E2F075A1FDA2AFE433FAC2AF75C3B6
:1049200000A8A2A9A39004A0E094125008E8700582
:10493000E97002780175C30388A289A3EAA2E09214
:10494000AF12C9CB120F8575E1E1801B75E11075BF
:10495000E1D275E1D975E10175E10975E1BA75E159
:104960000175E1C575E1D2D083D08202085DC082B5
:10497000C083120DAB75E1BC80D874F71203DE1250
:10498000C9CBA2AFE433F508C2AF75C300E5A2AF4F
:10499000A4740F5FF8740F98FE9061E2F0120F7329
:1049A0009005277401F075E1E175C300E5A2E5A467
:1049B0006F600DEEC39402400774FF2E9061E2F029
:1049C000E508A2E092AF7F0102063B9061A4E0D22D
:1049D000E4F0E0D2E3F022C082C08390052CE090A6
:1049E00061E2F002C941C082C0839061E4E07017C7
:1049F0009061A4E0A2E4500FE0C2E4F0E0A2E35032
:104A000003120DE7120FC702C96774F41203DE9098
:104A100061A4E0A2E45003120C55120DA5E9F508BB
:104A20009004B1E0FEC394155003120C5574EC25AC
:104A3000082EFE75F01484FF75F014A4CE9EFE0FB0
:104A40009061E47402F0EF9061E2F0EEC3941540DF
:104A500003120C5575A1FDA2AFE433FAC2AF75C3C2
:104A600003EEF50A750B007409780A1209EAF8A931
:104A70000B9004A0E0C394125006E970030879007B
:104A8000E8F5A2E9F5A3EAA2E092AF75E1E275E1EB
:104A9000FFA8A8C2AF759B007591EFE8A2E792AF9F
:104AA00075E1BC75E1B875E1D29061A4E0D2E4F0A3
:104AB00075E1E1120DA5E9C39508500A9061E2E0A5
:104AC0006F7003E014F07F0402063BC082C0839045
:104AD00061A4E0C2E402C866C082C0839061A4E021
:104AE000C2E3F0120FDF02C967C082C0839061A4E5
:104AF000E0C2E4F09061E4E07005120FC78015E0B9
:104B000064017005120FC1800BE064026003120C97
:104B100055120FD302C96774EF12094379FF1210BF
:104B2000AB53BEFBE59DA2E650FA0078F879010090
:104B3000E824FF18E934FFF9E84970F375C600E589
:104B40009E70FC43BE049062707408F0C29043FEF5
:104B500001C29143FE02C29443FE10C28143FD0292
:104B6000438F017E10794E120C49E960F81EEE70F9
:104B7000F47900120FFD120C677A007B0012115FAE
:104B80001216E71217471216CF1210B179FF121042
:104B9000A57902120FFD789379097A0088828983BA
:104BA000E0C4540FFCEAFE74012EFAECC3940A50E0
:104BB000047B3080027B37EC2BC0E085188285199E
:104BC00083E5822EF582E43583F583D0E0F0888298
:104BD0008983E0540FFCEAFF74012AFAECC3940ABB
:104BE00050047B3080027B37EC2BC0E08518828537
:104BF0001983E5822FF582E43583F583D0E0F0E870
:104C000024FF18E934FFF9EAC39410408F7410129E
:104C10000B58E4F079017A317B82120CAF7902AA49
:104C200018AB19120CAF79017AFD7B80120CAF1210
:104C300010B77A007B0074111208AB02085D74EEA5
:104C40001203DE74F8120943908211AC18AD197486
:104C5000081207D975088C750909F50AA818A91949
:104C6000880C890DF50EF510F511781012087D7C71
:104C7000087D007A017B0012116574021208ABE90D
:104C8000704675108C751109781012087D75100822
:104C9000751100781012087D7C007D007A017B0080
:104CA00012117774041208ABE9701D780C120879A0
:104CB0007C087D00A908AA09AB0A121039740312F6
:104CC00008ABE9700302CD93751008781012087DC7
:104CD0007C8C7D097AE87B07797F120C797402124B
:104CE00008AB780C1208797C087D00A908AA09ABEA
:104CF0000A12103974031208ABE96071780C1208BB
:104D0000797C087D00790C7A787B00121039740365
:104D10001208ABE9701D75080C750978780812083F
:104D2000797C087D007A8C7B091210337403120899
:104D3000AB803A7E001210518A08EEFA748C2AF584
:104D400082E43409F583E508F00EEEF812CDA6EB07
:104D5000F00EEEC3940640DD0812CDA67430F008C4
:104D6000748C28F582E43409F58374F8F075088CA6
:104D7000750909780812087D750808750900780812
:104D800012087D7C007D007A017B00121171740491
:104D90001208AB7A8C7B0979E21216F974081208B2
:104DA000AB7F0A02063B748C2EF582E43409F5834E
:104DB00022C082C0839025AC7CB17D04745E120752
:104DC000B7120E8FE99004CAF0120E8FE99004BE5C
:104DD000F0D083D08202085DE9F874C029F9C39449
:104DE0001E4010742028C3940F5006743E28F9808A
:104DF00002792D02085D74F31203DEEAFEEBFF1266
:104E00000E71E9F8742D68700479F4805385A80B4D
:104E1000C2AFE8F508750900740278081209EA744F
:104E20000A2508FA74233509FB8A828B83E493F8F8
:104E300074B128F508E43404F509750A00780812FD
:104E400008798A828B83A3E493FC7D00EEFAEFFB62
:104E500012103374031208ABE50BA2E792AF79008E
:104E60007F0502063B74F11203DE8908EAFEEBFFC0
:104E700074F1650870248E828F83E064017902707A
:104E800014120F6DA908120E71E9F8742D68702FB5
:104E900079F402D001120F6180EA74F06508700F96
:104EA0008E828F83E09014E7F0F9120E9580D5740E
:104EB00045650870CF9004B6EEF0A3EF02CFFEE890
:104EC000F50A750B007402780A1209EA740A250AB9
:104ED000FA7423350BFBEA2402F8E43BF988828953
:104EE00083E493F509EA2403FCE43BFDE50970083B
:104EF0008C828D83E49360538C828D83E493650967
:104F0000700579FB02D00174586508701A8E828F83
:104F100083E02471F50AA3E034FFF50BC3E50A949E
:104F200022E50B9464501F8E828F83E0F5098882FE
:104F30008983E493F8E509C398400B8C828D83E460
:104F400093C39509500579E802D00185A809C2AF3D
:104F50008E0C8F0D750E00780C1208798A828B8367
:104F6000A3E493FC7D008A828B83E493F874B128D8
:104F7000FAE43404FB12103374031208ABE509A2FF
:104F8000E792AFE50824B0601A24FE603014602078
:104F90002473604E14603814603F24FD604E14602A
:104FA00055805C9004CEE0FAA3E0FB120E9B804F8C
:104FB0009004D2E0FAA3E0FB120EA180429004D14B
:104FC000E079026005120F618035120F6D8030901C
:104FD00004E1E0F9120EB980267AE27B04120EA7F2
:104FE000801D9004E0E0F9120EAD80138E828F8355
:104FF000E09004ED80088E828F83E09004EEF079DB
:10500000007F0702063BC082C0839011A6E4F0A394
:10501000F09011A874A8F0A37409F09009A8747016
:10502000F0A37402F0900C18F0A37480F0A3748CB9
:10503000F0A37405F0D083D08202085D74F61203E9
:10504000DE7A017B001210ED8A088B09AE08AF09E9
:10505000EE4F7003120C5585A808C2AFEE24FEF87F
:10506000EF34FFF99011A8E8F0A3E9F0EEFAEFFBB6
:105070001210F39011AA7401F0E508A2E792AF7F35
:105080000202063B74F21203DE7C007D007E00EA21
:105090002402FAE43BFBA2AFE433FFC2AF9011AAB3
:1050A000E06008EA9411EB9400500A9011A8E0F82F
:1050B000A3E0F98004781A790C88828983E0F508E6
:1050C000A3E0F509548060057E0002D161EEA2E004
:1050D000507C8C828D83E0F50AA3E0F50B5480F5BB
:1050E0000DE50A2508F508E50B3509547FF509E5B6
:1050F0000D4509F5098C828D83E508F0A3E509F0DB
:10510000547FF509C3E5089AE5099B4054ECF8ED96
:10511000F9E849700302D1CF88828983E0FCA3E0DB
:10512000547FFDECC39AFCED9BFDC3EC9404ED941D
:1051300000405DE82AF582E93BF583ECF0A3EDF051
:10514000EB4480FB88828983EAF0A3EB804AE5097F
:10515000547FFDC3E5089AED9B50B67E01E8FCE95B
:10516000FD88828983E0F508A3E0547FF509E825EE
:1051700008F8E93509F988828983E0F508A3E0F5A4
:1051800009E5084509600302D0B978007900803F3D
:1051900088828983A3E04480F09011AAE06029907E
:1051A00011A8E0FAA3E0FBE86A7002E96B701988C5
:1051B000828983E0FAA3E0547FFBE82AFAE93BFB0B
:1051C0009011A8EAF0A3EBF0E82402F8500109EFEF
:1051D000A2E092AFE8FAE9FB7F0602063B74F71201
:1051E00003DEEA24FEFEEB34FFFFEAF8EBF9C3E846
:1051F00094A8E994094009C3E894A8E994114003EC
:10520000120C558E828F83A3E054807003120C55CC
:10521000A2AFE433FAC2AF8E828F83A3E0547FF053
:105220009011A8E0F8A3E0F9EE98EF99500CEEF891
:10523000EFF99011A8E8F0A3E9F0EAA2E092AF7FBD
:105240000102063BC082C0837A1A7B0012177DD010
:1052500083D08202085D74F61203DE121051EA90C8
:1052600013B4F09013C57402F09013B87414F09056
:1052700013DC740FF0A3F09015E6E09013BBF090F0
:1052800015E5E09013B5F09015E4E09013B6F090BA
:1052900013BCE4F0A3F09013BF04F090141CF09042
:1052A00013C07405F0A37401F0901258E09013C27B
:1052B000F09015DFE09013C3F0A3E4F09015E2E066
:1052C0009013C6F09015E3E09013C712D361A3E4E6
:1052D00012D3617C087D0079007ACD7B1312103FD8
:1052E0009013D574FEF0A304F07C357D137AE97B2E
:1052F000131211D79013F1E4F0901416740FF0A369
:105300007403F090133EE090141AF090133DE09077
:105310001419F09015E8E090141BF0901418E4F0C4
:1053200075081D750914780812087D75080275093D
:1053300000780812087D7C007D007A897B001211BC
:105340007774041208ABE9600790141DE4F0A3F031
:105350007900121CE190141FE4F0A3F07F02020612
:105360003BF0A374FEF0A304F02274F41203DE8C6D
:105370000A8D0B8A088B0978081205A90000050020
:105380000200B9D3030096D30400A6D30310C3D3FD
:105390000410E7D3F2D37508017808120881791058
:1053A0007ABC7B81800E750802780812088179101A
:1053B0007A217B82120CC180277C197D827AC77B7F
:1053C00081802C79017A5E7B81120CAF750802789E
:1053D000081208817910AA0AAB0BE4FCFD120CB587
:1053E00074011208AB800B7CA47D817A977B8112BB
:1053F0000CBB7F0402063B74F61203DEE9FEEAF8FA
:10540000EBF9EE241F600424F07013EC5430600EAE
:10541000121051EA540779002402F8500109E8FA01
:10542000E9FB02D35C74F71203DEE9702090000000
:10543000E4F079FF1210ABE59D5418F86018740879
:10544000686013741068600E120C5580097A0F7B27
:10545000107900120C917F0102063BC082C083E9E3
:10546000F8901562E0F47006E8F0790180027900A6
:1054700002D51174F61203DEE9FEEAFF901562E030
:10548000F4602B7A047B00121057EA4B601C8A826E
:105490008B8374C0F0EFA3A3F0EE8A828B83A3A367
:1054A000A3F0901562E0F91210637900800279018F
:1054B0007F0202063B74F71203DEE9A2E5E433FA49
:1054C0001210098091C082C083900994EAF0A3EB86
:1054D000F002D51174F71203DE120C4FE9F8C394F1
:1054E000535025E8C3944F40047E0180027E009013
:1054F0000994E0F8A3E0F9E849600AEEF9E0F583E1
:105500008882120556EE600479018002790002D487
:1055100056D083D08202085D74F01203DE74FB1251
:105520000943EAFEEBFF890BA818A9198808890925
:10553000750A00E50BF50C750D00EEF8EFF9AA0CF5
:10554000AB0D120296EAF8940A5004793080027981
:1055500037E829850882850983F0EEF8EFF9AA0C6F
:10556000AB0D120296880E890FAE0EAF0FEE4F6094
:105570000F050AA3858208858309E50A940540BAC8
:105580007800850882850983E08C828D83F0E508A8
:1055900024FFF508E50934FFF509A3AC82AD8308C3
:1055A000E50AC39850DCE4F074051208AB7F0802EA
:1055B000063BC082C083120E1102D511C082C08387
:1055C000900468E4F053F3FD53F5FE53FFFE90049E
:1055D00069F0A3F090046BF002D71E74F71203DE9B
:1055E000E990046CF0900469EAF0A3EBF090046C8D
:1055F000E06033538CFE438C0143AB02D2BD75890E
:10560000FD53ACF743AC0843AC01439A02758BFEE3
:1056100090046BE06401701F7A107B00900467E0D7
:10562000F91211AD801153ABFDC2BD7A107B009011
:105630000467E0F912109990046B7401F0FF020600
:105640003BEEF97F0102063BC082C0837900A2A035
:105650005005120C9DE9F990046CE0700990046803
:10566000E0696026E9F0A2815004E9D2E5F99004EE
:1056700069E0FAA3E0FBEA4B60107A00900469E06D
:10568000F8A3E0F583888212055602D71E74F7123C
:1056900003DE7E00EEFF7A017906120C43EAF8740D
:1056A000FE2AC394255005EED2E0803274B62AC398
:1056B000940F5005EED2E1802574C42AC3940E5095
:1056C00005EED2E3801874D92AC394155005EED2A2
:1056D000E4800B74A72AC3940C5004EED2E2FEEFD0
:1056E0006E70B102D641C082C0837800E589A2E124
:1056F00050057589FD7801E58BA2E05005758BFE9C
:105700008005E8A2E0501790828A1207047A107B85
:1057100000900467E0F91211A174041208ABD08361
:10572000D08202085DC082C0839082BA120B4112FF
:105730000E29908272120B41120D7575A1F743A7C5
:105740000875A1EF43A7108012C082C08353A7EF52
:1057500053A7F7120D698003120B41D083D0820248
:10576000085D74F01203DE8A088B098C0A8D0B1217
:105770000E1D8A0C8B0D8C0E8D0F7808790C120A79
:10578000B34003120C55AEA8C2AF9004987808122B
:105790000AE3AA08AB09AC0AAD0B120E3502D859C0
:1057A00074F41203DEAEA8C2AF120E1D8A088B0974
:1057B0008C0A8D0BEEA2E792AF900498780812083D
:1057C0003850087A007B007C007D007F0402063B95
:1057D00074F41203DEAEA8C2AF120E238A088B093E
:1057E0008C0A8D0BEEA2E792AF900498780812080D
:1057F0003850087A007B007C007D0080CE74F01267
:1058000003DE8A088B098C0A8D0B900498780812A5
:1058100008385003120C55A2AFE433FEC2AF900417
:105820009C7808120AE3AA08AB09AC0AAD0B120E69
:105830002F120E1D8A0C8B0D8C0E8D0F7808790C93
:10584000120999700D75A1EFEEA2E092AF12202916
:105850008005EEA2E092AF8005EEA2E792AF7F084E
:1058600002063B02085DC082C08312202902D75B7A
:10587000C082C083120E4D12203502D75BC082C099
:105880008390049802D75874EC1203DE750C0075EF
:105890000D00750E00750F00AEA8C2AF120E3B8A48
:1058A000088B098C0A8D0BEEA2E792AF90099878CD
:1058B0000812096F700302D9C28A108B118C128DE5
:1058C00013900998781012092B90827A7810120898
:1058D00038400302D9C29009987808120AE3801070
:1058E0009082CE7810120A5C90829E780C120A5C2C
:1058F0009082A6781012083840E6750819750900DC
:10590000780812087D740378101207FA90099CE059
:10591000F508A3E0F509E4F50AF50B78107908120B
:105920000A23AA10AB11AC12AD131205587402125F
:1059300008AB8A108B118C128D137410781012081A
:10594000FA780C7910120A2390099CEAF0A3EBF084
:10595000A2AFE433FEC2AF90099E780C120A1090F9
:10596000825A7808120B0190099E7808120AC340E7
:10597000417508E8750903780812087D90099E12A0
:105980000B4112055874021208AB8A108B118A0859
:105990008B098C0A8D0B741078081208FA9009A2F2
:1059A0007808120A10A810A911E4FAFB90099E12B7
:1059B0000B1DEEA2E092AFAA0CAB0DAC0EAD0F1218
:1059C00011B97F0C02063BC082C083901209E4F03B
:1059D0001211E990825E1207047A107B0090121D6A
:1059E000E0F91211A174041208ABD083D08202082E
:1059F0005D74F61203DE74E9120943AC18AD197434
:105A00000212091B1211F5E9F87404120B58740103
:105A1000F07405120B58E8F07402120B58A3E0C0A2
:105A2000E07406120B58D0E0F07402120B58E0C07C
:105A3000E07407120B58D0E0F0851882851983A313
:105A4000E0C0E07408120B58D0E0F0851882851988
:105A500083E0C0E07409120B58D0E0F0901209E026
:105A6000C0E0740A120B58D0E0F0901209E004F084
:105A70007413120B587402F0740B120B58E4F0A359
:105A8000F07414120B587408F07415120B58E4F0EB
:105A9000A3F075081E7808120881750809750912A7
:105AA000780812087D740712091388088909780894
:105AB00012087D750807750900780812087D7508B9
:105AC000007509FC780812087D79107C647D1574D6
:105AD0001412091B12218574091208AB90826212FC
:105AE00007047A107B0090121DE0F91211A17404D2
:105AF0001208AB74171208AB7F0202063BC082C0CB
:105B000083900528E4F0900527F08004A2E092AF8E
:105B1000D083D08202085D74F71203DEE9FF7003C0
:105B2000120C55AEA8C2AF900528E04FF0120F85B9
:105B3000EEA2E78003EEA2E092AF7F0102063B7483
:105B4000F71203DEE9FE7003120C55A8A8C2AF904D
:105B50000528E04EF0E880D974F71203DEE9FE7004
:105B600003120C55A8A8C2AF74FF6EF9900528E087
:105B700059F0E8A2E792AF120F7F80BEC082C083C7
:105B8000A8A8C2AF900528E4F090052712DC22E80F
:105B9000A2E792AF120F0102DB1074F71203DEA22C
:105BA000AFE433FEC2AF900528E06003120F85809A
:105BB0008474F71203DEA2AFE433FEC2AF9005286F
:105BC000E07019900514E0A2E74011900516E0700E
:105BD0000B900529E0A2E74003120F8B02DB35C0D2
:105BE00082C083A2AFE433F8C2AF900527E070060D
:105BF0007401F075E1E3E802DB0CC082C083A2AF60
:105C0000E433F9C2AF900527E06013E412DC22A868
:105C1000A8C2AF759B0075E9FBE8A2E792AFE90265
:105C2000DB0CF075E1EF75E1ED75E1ED2274F41236
:105C300003DE8908740F5508F50A750B00740B789C
:105C40000A1209EAEA2400F8EB3480F9E82400E9B2
:105C5000350BF985C70AA2AFE433F509C2AFE508F1
:105C6000C4540FFAE5C754F84AF5C7740C120B5820
:105C7000E0FAA3E0FB801C88828983E08C828D831C
:105C8000F088828983A3A882A9838C828D83A3ACA8
:105C900082AD83EAFEEBFFEE24FF1AEF34FFFBEE4A
:105CA0004F70D4850AC7E509A2E092AF7F040206CF
:105CB0003B74F61203DEECFEED90043FF0EEA3F031
:105CC000A37462F0A37473F0A3E0541FF0740A127B
:105CD0000B58E0F508A3E0F509E508333354FC90D0
:105CE0000444F074067808120AF2E508900443F0C0
:105CF0009004457412F0A37442F075D1FE75D6017C
:105D0000EA906271F0EBA3F0906270E0D2E1F0E013
:105D1000A2E740FB7F0202063BC082C083E9C33397
:105D2000906272F0906270E0D2E0F0D083D0820294
:105D3000085DC082C08312DD747020E8601D7402AB
:105D400068700E12DD647003A3E069700E79018043
:105D50000C74036870051211D180027900D083D0D1
:105D60008202085D8A828B83E0F8A3E0F98C828D41
:105D700083E068228A828B83A3A3A3A3A3A3A3A304
:105D8000E0F88C828D83A3A3A3A3A3A3A3A3E068BD
:105D900022C082C0838C828D83A3A3A3A3A3A3A3C9
:105DA000A3E0F88A828B83A3A3A3A3A3A3A3A3F056
:105DB00074036870051211D780128C828D83E0F80D
:105DC000A3E0F98A828B83E8F0A3E9F002DD5D7439
:105DD000F61203DE750808EAFEEBFF8E828F83A3BE
:105DE000AA82AB83ECF8EDF988828983A3AC82ADFB
:105DF000838E828F83E0FE88828983E06E600479DF
:105E00000080081508E50870CE79017F0202063B84
:105E100074F51203DE8C088D09750A0078081208E3
:105E2000797C087D0012103374031208AB7F0302E3
:105E3000063B74F41203DEC3EB9410500312DE70C1
:105E4000C3EB9401500312DE70C3EA9410EB94008C
:105E5000500312DE708C088D09780812087D7910C5
:105E6000E4FCFD12104B74021208AB7F0402063BE7
:105E70008C828D837430F0A3AC82AD832274F512D2
:105E800003DE74EC120943E9FEC39403400302DF0E
:105E900025EE29F8E433F9744528F582748239F542
:105EA00083E0F508A3E0F509750A0078081208797F
:105EB0007C047D00740312091B1210337403120852
:105EC000AB7404120B58AC82AD839013D5E0FAA3E7
:105ED000E0FB1213DB7408120B587420F0740912E3
:105EE0000B58858208858309780812087D790A9005
:105EF00013CAE0FAE4FBFCFD12104B74021208AB6B
:105F0000740B120B587420F0740C120B58AC82AD49
:105F1000839013C8E0FAA3E0FB1213DB7901AA18FF
:105F2000AB19120CAF74141208AB7F0302063BC00E
:105F300082C08390043E7480F0D083D08202085DDA
:105F400074F61203DEE9FCEAFD7901ECC394085013
:105F50000E78008005E9C333F908E8C39C40F6E9F0
:105F600042F2ED14600814600914600A800C780095
:105F7000800A7810800678208002783090043EE015
:105F8000FAEC484AF5B6E5B4A2E750FA74FF695254
:105F9000F2E5BAFAA9BBE9FBC39400A2D265D033FB
:105FA00050047A007B00ED14600814600D14601238
:105FB00080188A088B09740880168A088B09740671
:105FC000800E8A088B09740480068A088B09740283
:105FD0007808120A93AA08AB097F0202063BE9F887
:105FE00075B60FE5B4A2E750FAE8C395BB50047943
:105FF000018002790002085D75B60FE5B4A2E75092
:10600000FAE5BBF902085DC082C083E9900467F03D
:10601000D083D08202085DC082C083120C3D120C76
:106020005B121DCB120CA9120CFD120C8B80E174BB
:10603000F61203DEEAFEEBFF5480601880031210B4
:106040005D900467E0F912106FEA4B70F1EEFAEF21
:1060500064808037EE54206008120D0FEE642080BB
:1060600028EE54106028120C9790046CE070179082
:10607000828E1207047A107B00900467E0F91211F7
:10608000A174041208ABEE6410FAEFFB80047A00EE
:106090007B007F0202063B02085DC082C0831214AF
:1060A000F51214FB8037C082C0839012567402F040
:1060B000A37440F0A37480F0A3E4F0A3F0A37450A1
:1060C000F0A374A0F0A3E4F090126074A0F0A3E435
:1060D000F090125FE0442AF0901262E4F0D083D096
:1060E0008202085DC082C0839015CA120B29E8495C
:1060F0004A4B9012636008E054F0F044018006E0DF
:1061000054F0F04402F0E0540FF0A3E4F090126376
:10611000E04420F0A3748280C3C082C0837A127BE3
:10612000001210ED9009A6EAF0A3EBF07C127D00BE
:10613000790012103F7900121F457901121B7F79F7
:1061400002120C61790312192D7904121981790553
:106150001213E779061212077907122149790812FA
:10616000139FD083D08202085DC082C083120E05C7
:10617000120E83120F5B120EEF120F97120D698031
:1061800025C082C083A2AF5003120C55901560E069
:106190007006120EFB120E89120D6F120F919004F1
:1061A000ED7401F08000D083D08202085D02085DAA
:1061B000C082C083901560E06033E59E70FC43941C
:1061C00003E594A2E250FAE064027008120EE912AC
:1061D0000EF58011E064016003120C55E59DA2E606
:1061E0004003120C55901560E4F0120F79D083D063
:1061F0008202085D74F71203DEEAF8EBF98005A36A
:10620000AA82AB838A828B83E070F48C828D83E0D8
:10621000FEA3AC82AD838A828B83F0A3AA82AB8378
:1062200070E9E8FAE9FB7F0102063BC082C0838582
:106230001882851983E0F8A3E0F9E84960128A82A0
:106240008B83ECF0A3E824FF18E934FFF94870F2DF
:10625000D083D08202085DC082C0839015967410EE
:10626000F07420A37810F0A3D8FC901221E4F090F1
:1062700015A704F0901222E4F0A3F0D083D082029C
:10628000085D74F71203DEEAF8EBF98C828D83E087
:10629000FEA3AC82AD838A828B83F0A3AA82AB83F8
:1062A00070E9E8FAE9FB7F0102063BC082C0838AFD
:1062B000828B838001A3E070FCE582C39AFAE583B8
:1062C0009BFBD083D08202085D7404F5D5743FF542
:0C62D000D47404F5D37447F5D202085DC5
:0400000500000AD31A
:00000001FF
